id,winner,loser,analysis_weight,comfort_axis,source,evidence,statement_id,respondent_id,thread_id,community_affinity,url,collection_batch
dsu7,Volvo XC60,Mazda CX-5,1.000000,seats,reddit,owned_both,reddit_1opp4z4_nndkmax,resp_d1b4566e268714dc,reddit_1opp4z4,neutral,https://old.reddit.com/r/whatcarshouldIbuy/comments/1opp4z4/,pass_1_to_3
b2mz,Honda CR-V,Subaru Outback,0.500000,overall,reddit,test_drove_both,reddit_1opp4z4_nnd6fvb,resp_fe36b4308f118357,reddit_1opp4z4,neutral,https://old.reddit.com/r/whatcarshouldIbuy/comments/1opp4z4/,pass_1_to_3
cfj8,Honda CR-V,Mazda CX-50,0.500000,overall,reddit,test_drove_both,reddit_1opp4z4_nnd6fvb,resp_fe36b4308f118357,reddit_1opp4z4,neutral,https://old.reddit.com/r/whatcarshouldIbuy/comments/1opp4z4/,pass_1_to_3
w4g9,Subaru Outback 2026,Mazda CX-50,1.000000,overall,reddit,owned_one_td_other,stmt_a9ca943e322f9815,resp_a9ca943e322f9815,reddit_1opp4z4,neutral,https://old.reddit.com/r/whatcarshouldIbuy/comments/1opp4z4/,pass_1_to_3
v24d,Toyota Venza,Subaru Outback,0.500000,nvh,reddit,owned_one_td_other,reddit_1opp4z4_nnfl3hs,resp_f88b3c8e26f873d8,reddit_1opp4z4,neutral,https://old.reddit.com/r/whatcarshouldIbuy/comments/1opp4z4/,pass_1_to_3
hk2s,Toyota Venza,Honda CR-V,0.500000,nvh,reddit,owned_one_td_other,reddit_1opp4z4_nnfl3hs,resp_f88b3c8e26f873d8,reddit_1opp4z4,neutral,https://old.reddit.com/r/whatcarshouldIbuy/comments/1opp4z4/,pass_1_to_3
vhc5,BMW X5,Honda CR-V,0.333333,long_trip,reddit,owned_one_family,reddit_1opp4z4_nnd7adc,resp_4c9cdadceb35cd4a,reddit_1opp4z4,neutral,https://old.reddit.com/r/whatcarshouldIbuy/comments/1opp4z4/,pass_1_to_3
ntp4,BMW X5,Lexus RX,0.333333,long_trip,reddit,owned_one_family,reddit_1opp4z4_nnd7adc,resp_4c9cdadceb35cd4a,reddit_1opp4z4,neutral,https://old.reddit.com/r/whatcarshouldIbuy/comments/1opp4z4/,pass_1_to_3
bg6j,BMW X5,Toyota RAV4,0.333333,overall,reddit,owned_one_family,reddit_1opp4z4_nnd7adc,resp_4c9cdadceb35cd4a,reddit_1opp4z4,neutral,https://old.reddit.com/r/whatcarshouldIbuy/comments/1opp4z4/,pass_1_to_3
zd4y,Volvo XC60,Toyota RAV4,1.000000,seats,reddit,owned_both,reddit_1nejfj3_ndp60g9,resp_9b1965295bd5a871,reddit_1nejfj3,neutral,https://old.reddit.com/r/whatcarshouldIbuy/comments/1nejfj3/,pass_1_to_3
x453,Volvo XC60,Toyota RAV4,1.000000,seats,reddit,owned_both,reddit_1nejfj3_ndph1jj,resp_01aa36aeaf0f1cad,reddit_1nejfj3,neutral,https://old.reddit.com/r/whatcarshouldIbuy/comments/1nejfj3/,pass_1_to_3
v4ar,Volvo XC60,Mazda CX-50,1.000000,seats,reddit,owned_one_rode_other,reddit_1nejfj3_ndsuxbe,resp_d5279c3a8031799d,reddit_1nejfj3,neutral,https://old.reddit.com/r/whatcarshouldIbuy/comments/1nejfj3/,pass_1_to_3
jzk5,Volvo XC60,BMW X3,0.500000,seats,reddit,test_drove_both,reddit_1nejfj3_ndpahih,resp_8de78cae66ea743d,reddit_1nejfj3,neutral,https://old.reddit.com/r/whatcarshouldIbuy/comments/1nejfj3/,pass_1_to_3
cv8b,Audi Q5,Volvo XC60,1.000000,ride,reddit,test_drove_both,reddit_1nejfj3_ndsdurw,resp_7bfafc976fdaf317,reddit_1nejfj3,neutral,https://old.reddit.com/r/whatcarshouldIbuy/comments/1nejfj3/,pass_1_to_3
mwu2,Porsche Macan,Volvo XC60,0.500000,ride,reddit,test_drove_both,reddit_1nejfj3_ndqnatw,resp_db45c53c707dfdcb,reddit_1nejfj3,neutral,https://old.reddit.com/r/whatcarshouldIbuy/comments/1nejfj3/,pass_1_to_3
nn8d,Audi Q5,Volvo XC60,0.500000,ride,reddit,test_drove_both,reddit_1nejfj3_ndqnatw,resp_db45c53c707dfdcb,reddit_1nejfj3,neutral,https://old.reddit.com/r/whatcarshouldIbuy/comments/1nejfj3/,pass_1_to_3
y4yc,Volkswagen Tiguan,Toyota RAV4,1.000000,overall,reddit,test_drove_both,reddit_1nejfj3_ndquk0v,resp_c28d175bf9c36d90,reddit_1nejfj3,neutral,https://old.reddit.com/r/whatcarshouldIbuy/comments/1nejfj3/,pass_1_to_3
v8ax,Range Rover Sport,Porsche Cayenne,1.000000,ride,reddit,test_drove_both,reddit_1fxpil5_post,resp_5d666e37ddea3daf,reddit_1fxpil5,neutral,https://old.reddit.com/r/whatcarshouldIbuy/comments/1fxpil5/,pass_1_to_3
ww3m,Mercedes GLE,Lexus GX,1.000000,ride,reddit,owned_both,reddit_1fxpil5_lqoeyge,resp_faa96cf175ea09c9,reddit_1fxpil5,neutral,https://old.reddit.com/r/whatcarshouldIbuy/comments/1fxpil5/,pass_1_to_3
m3cu,BMW X7,BMW X5,1.000000,ride,reddit,owned_one_td_other,reddit_1fxpil5_lqpjdq8,resp_5287d8187a607cfd,reddit_1fxpil5,neutral,https://old.reddit.com/r/whatcarshouldIbuy/comments/1fxpil5/,pass_1_to_3
y23c,Mercedes GLE,BMW X5,1.000000,ride,reddit,owned_both,reddit_1khcp25_mr66ki6,resp_f8cb2eac0e233dad,reddit_1khcp25,loser,https://old.reddit.com/r/BMWX5/comments/1khcp25/,pass_1_to_3
q6gh,Mercedes GLE,BMW X5,1.000000,ride,reddit,owned_both,reddit_1khcp25_mr7flau,resp_d793293ab24fdffd,reddit_1khcp25,loser,https://old.reddit.com/r/BMWX5/comments/1khcp25/,pass_1_to_3
h8an,Mercedes GLE,BMW X5,1.000000,ride,reddit,owned_both,reddit_1khcp25_mrdqlqb,resp_446f20ea7d65aed6,reddit_1khcp25,loser,https://old.reddit.com/r/BMWX5/comments/1khcp25/,pass_1_to_3
mu7c,Mercedes GLE,BMW X5,1.000000,ride,reddit,owned_both,reddit_1khcp25_mr6gvzi,resp_42bfa43af9ca69dc,reddit_1khcp25,loser,https://old.reddit.com/r/BMWX5/comments/1khcp25/,pass_1_to_3
tk8a,Mercedes GLE,BMW X5,1.000000,nvh,reddit,test_drove_both,reddit_1khcp25_mr62emn,resp_c2de9c3b21b283db,reddit_1khcp25,loser,https://old.reddit.com/r/BMWX5/comments/1khcp25/,pass_1_to_3
mu2m,BMW X5,Mercedes GLE,1.000000,ride,reddit,test_drove_both,reddit_1khcp25_mr62vwq,resp_5b640c7f7bd90892,reddit_1khcp25,winner,https://old.reddit.com/r/BMWX5/comments/1khcp25/,pass_1_to_3
jv5t,Mercedes GLE,BMW X5,1.000000,seats,reddit,owned_both,reddit_1khcp25_mr8kmfe,resp_564597fdf82d4a87,reddit_1khcp25,loser,https://old.reddit.com/r/BMWX5/comments/1khcp25/,pass_1_to_3
b98s,BMW X5,Mercedes GLE,1.000000,seats,reddit,owned_one_td_other,reddit_1khcp25_mr60s9w,resp_484d8dd4d7322c12,reddit_1khcp25,winner,https://old.reddit.com/r/BMWX5/comments/1khcp25/,pass_1_to_3
y3yk,BMW X5,Mercedes GLE,0.500000,seats,reddit,test_drove_both,reddit_1khcp25_mrjuy3z,resp_e782974e4996d776,reddit_1khcp25,winner,https://old.reddit.com/r/BMWX5/comments/1khcp25/,pass_1_to_3
b6zb,BMW X5,Porsche Cayenne,0.500000,seats,reddit,test_drove_both,reddit_1khcp25_mrjuy3z,resp_e782974e4996d776,reddit_1khcp25,winner,https://old.reddit.com/r/BMWX5/comments/1khcp25/,pass_1_to_3
bfa4,BMW X5,Mercedes GLE,1.000000,ride,reddit,owned_both,reddit_1mbg5ci_n5lywy3,resp_1d568b40dbcc674d,reddit_1mbg5ci,neutral,https://old.reddit.com/r/whatcarshouldIbuy/comments/1mbg5ci/,pass_1_to_3
n5vp,Volvo XC90,Land Rover Defender,1.000000,seats,reddit,owned_both,reddit_1k10oqw_mnii2pu,resp_b2044271de5f0b0e,reddit_1k10oqw,winner,https://old.reddit.com/r/VolvoXC90/comments/1k10oqw/,pass_1_to_3
d7zc,Volvo XC90,Rivian R1S,1.000000,ride,reddit,owned_both,reddit_1k10oqw_mnijhf5,resp_aceb7702127f3186,reddit_1k10oqw,winner,https://old.reddit.com/r/VolvoXC90/comments/1k10oqw/,pass_1_to_3
ucf6,BMW X7,Volvo XC90,0.500000,nvh,reddit,owned_both,reddit_1k10oqw_mnjik9z,resp_56c8b0f64dc357d9,reddit_1k10oqw,loser,https://old.reddit.com/r/VolvoXC90/comments/1k10oqw/,pass_1_to_3
sw23,Mercedes EQS SUV,Volvo XC90,0.500000,nvh,reddit,owned_both,reddit_1k10oqw_mnjik9z,resp_56c8b0f64dc357d9,reddit_1k10oqw,loser,https://old.reddit.com/r/VolvoXC90/comments/1k10oqw/,pass_1_to_3
czp3,Volvo XC90,BMW X7,1.000000,seats,reddit,owned_both,reddit_1k10oqw_mnmf03y,resp_122f3baf2f0c05d1,reddit_1k10oqw,winner,https://old.reddit.com/r/VolvoXC90/comments/1k10oqw/,pass_1_to_3
u2jk,Volvo XC90,Mercedes GLE,1.000000,overall,reddit,owned_one_loaner,reddit_1k10oqw_mnj2xjt,resp_23687c55f437752f,reddit_1k10oqw,winner,https://old.reddit.com/r/VolvoXC90/comments/1k10oqw/,pass_1_to_3
fg67,Volvo XC90,Mercedes GLE,1.000000,overall,reddit,owned_one_td_other,reddit_1k10oqw_mnn0txq,resp_d88286b84ac39de4,reddit_1k10oqw,winner,https://old.reddit.com/r/VolvoXC90/comments/1k10oqw/,pass_1_to_3
fn8r,BMW X5,Volvo XC90,1.000000,ride,reddit,owned_both,stmt_38fa846718228fd6,resp_38fa846718228fd6,reddit_1k10oqw,loser,https://old.reddit.com/r/VolvoXC90/comments/1k10oqw/,pass_1_to_3
kj3y,Volvo XC90,Subaru Forester,1.000000,ride,reddit,owned_both,reddit_1k10oqw_mnmij1c,resp_116accfd7df88a49,reddit_1k10oqw,winner,https://old.reddit.com/r/VolvoXC90/comments/1k10oqw/,pass_1_to_3
jw3j,Lexus RX,Hyundai Palisade,0.333333,ride,reddit,owned_both,reddit_1mbotxx_n5o2ton,resp_48c4355dd8c8e2de,reddit_1mbotxx,winner,https://old.reddit.com/r/Lexus/comments/1mbotxx/,pass_1_to_3
tv6z,Lexus RX,Genesis GV80,0.333333,ride,reddit,owned_both,reddit_1mbotxx_n5o2ton,resp_48c4355dd8c8e2de,reddit_1mbotxx,winner,https://old.reddit.com/r/Lexus/comments/1mbotxx/,pass_1_to_3
f6eh,Lexus RX,Honda Passport,0.333333,ride,reddit,owned_both,reddit_1mbotxx_n5o2ton,resp_48c4355dd8c8e2de,reddit_1mbotxx,winner,https://old.reddit.com/r/Lexus/comments/1mbotxx/,pass_1_to_3
ef6z,Cadillac Escalade,Hyundai Palisade,1.000000,ride,reddit,owned_one_td_other,reddit_1mbg5ci_n5lx9re,resp_15529ca2d14bbc0b,reddit_1mbg5ci,neutral,https://old.reddit.com/r/whatcarshouldIbuy/comments/1mbg5ci/,pass_1_to_3
zj2w,Lexus LX,Genesis GV80,0.500000,overall,reddit,test_drove_both,reddit_1mbg5ci_n5mak0d,resp_5614f470a96fc93e,reddit_1mbg5ci,neutral,https://old.reddit.com/r/whatcarshouldIbuy/comments/1mbg5ci/,pass_1_to_3
rjy3,Lexus LX,Mercedes GLS,0.500000,overall,reddit,test_drove_both,reddit_1mbg5ci_n5mak0d,resp_5614f470a96fc93e,reddit_1mbg5ci,neutral,https://old.reddit.com/r/whatcarshouldIbuy/comments/1mbg5ci/,pass_1_to_3
g3ta,Range Rover,Range Rover Sport,0.500000,ride,reddit,owned_both,reddit_1tvpsc8_opivrox,resp_8f570cd532b38d91,reddit_1tvpsc8,other,https://old.reddit.com/r/RangeRover/comments/1tvpsc8/,pass_1_to_3
wha2,Range Rover Sport,Mercedes GLE,0.500000,ride,reddit,owned_both,reddit_1tvpsc8_opivrox,resp_8f570cd532b38d91,reddit_1tvpsc8,winner,https://old.reddit.com/r/RangeRover/comments/1tvpsc8/,pass_1_to_3
qj5r,Range Rover Sport,Porsche Cayenne,1.000000,seats,reddit,test_drove_both,reddit_1tvpsc8_oploat5,resp_ec44628bb2495f9f,reddit_1tvpsc8,winner,https://old.reddit.com/r/RangeRover/comments/1tvpsc8/,pass_1_to_3
syb3,Range Rover Sport,BMW X5,0.500000,ride,reddit,test_drove_both,reddit_1tvpsc8_opj4e76,resp_f49611cbfc41c00d,reddit_1tvpsc8,winner,https://old.reddit.com/r/RangeRover/comments/1tvpsc8/,pass_1_to_3
cj4j,Range Rover Sport,Porsche Cayenne,0.500000,ride,reddit,test_drove_both,reddit_1tvpsc8_opj4e76,resp_f49611cbfc41c00d,reddit_1tvpsc8,winner,https://old.reddit.com/r/RangeRover/comments/1tvpsc8/,pass_1_to_3
df4x,Range Rover,Audi Q8,1.000000,overall,reddit,owned_both,reddit_1tvpsc8_opk22f4,resp_82624cbae39df55c,reddit_1tvpsc8,winner,https://old.reddit.com/r/RangeRover/comments/1tvpsc8/,pass_1_to_3
ux87,Range Rover Sport,Volvo XC90,1.000000,ride,reddit,owned_both,reddit_1tvpsc8_opkae8y,resp_a512d1eaab591740,reddit_1tvpsc8,winner,https://old.reddit.com/r/RangeRover/comments/1tvpsc8/,pass_1_to_3
mh6d,Tesla Model X,Tesla Model Y,1.000000,ride,x,owned_both,stmt_0124d3fd678d4250,resp_0124d3fd678d4250,thread_2f2a1be9a05ec904,neutral,https://x.com/techiedani/status/2001727060851724770,pass_1_to_3
bbb7,Hyundai Palisade,Kia Telluride,1.000000,ride,reddit,test_drove_both,reddit_1f92fi2_llkdpxc,resp_3574a360b38a28ee,reddit_1f92fi2,winner,https://old.reddit.com/r/HyundaiPalisade/comments/1f92fi2/,pass_1_to_3
zhy4,Hyundai Palisade,Kia Telluride,1.000000,ride,reddit,owned_one_td_other,reddit_1vbpz0c_p0wmij3,resp_29bd0d354ee9d5f8,reddit_1vbpz0c,winner,https://old.reddit.com/r/HyundaiPalisade/comments/1vbpz0c/,pass_1_to_3
yb8z,Kia Telluride,Hyundai Palisade,1.000000,seats,reddit,test_drove_both,reddit_1ui2vyi_oufcyoe,resp_ac1143c2a051cb36,reddit_1ui2vyi,winner,https://old.reddit.com/r/KiaTelluride/comments/1ui2vyi/,pass_1_to_3
ph39,Volvo XC60,BMW X1,0.500000,seats,reddit,test_drove_both,reddit_1nejfj3_ndpahih,resp_8de78cae66ea743d,reddit_1nejfj3,neutral,https://old.reddit.com/r/whatcarshouldIbuy/comments/1nejfj3/,pass_1_to_3
y9hf,BMW X5,Mercedes GLE,1.000000,ride,reddit,test_drove_both,reddit_1khcp25_mr5xeyb,resp_29bca862fb020428,reddit_1khcp25,winner,https://old.reddit.com/r/BMWX5/comments/1khcp25/,pass_1_to_3
b7bb,Range Rover Sport,Mercedes GLE AMG,1.000000,ride,reddit,owned_both,reddit_1tvpsc8_opm2poq,resp_e1f1b77be330e792,reddit_1tvpsc8,winner,https://old.reddit.com/r/RangeRover/comments/1tvpsc8/,pass_1_to_3
f89w,Hyundai Palisade,Mazda CX-90,1.000000,ride,reddit,owned_both,reddit_18yshg3_kggj9x6,resp_34fc534714a6ec65,reddit_18yshg3,winner,https://old.reddit.com/r/HyundaiPalisade/comments/18yshg3/,pass_1_to_3
j33d,Hyundai Palisade,Toyota Highlander,1.000000,ride,reddit,test_drove_both,reddit_1imxwt9_nkchuqz,resp_c585245924b749db,reddit_1imxwt9,neutral,https://old.reddit.com/r/whatcarshouldIbuy/comments/1imxwt9/,pass_1_to_3
xe8m,Toyota Highlander,Hyundai Palisade,1.000000,nvh,reddit,owned_one_td_other,reddit_1imxwt9_mc6dr5q,resp_9e06340ef9492616,reddit_1imxwt9,neutral,https://old.reddit.com/r/whatcarshouldIbuy/comments/1imxwt9/,pass_1_to_3
eqj9,Toyota Highlander,Honda Pilot,1.000000,ride,reddit,owned_both,reddit_1imxwt9_mc720hj,resp_9e06340ef9492616,reddit_1imxwt9,neutral,https://old.reddit.com/r/whatcarshouldIbuy/comments/1imxwt9/,pass_1_to_3
k5hb,Toyota Grand Highlander,Hyundai Palisade,1.000000,ride,reddit,test_drove_both,reddit_1ni1ytb_negw0er,resp_9e1b2f391c6b1e99,reddit_1ni1ytb,winner,https://old.reddit.com/r/ToyotaGrandHighlander/comments/1ni1ytb/,pass_1_to_3
gd2f,Hyundai Palisade,Toyota Grand Highlander,1.000000,seats,reddit,owned_one_family,reddit_1ni1ytb_neqxegw,resp_d5acb165a7b8a2cd,reddit_1ni1ytb,loser,https://old.reddit.com/r/ToyotaGrandHighlander/comments/1ni1ytb/,pass_1_to_3
sv5y,Hyundai Palisade,Honda Pilot,1.000000,seats,reddit,test_drove_both,reddit_1u88tgf_os687vm,resp_f226f6a889be134c,reddit_1u88tgf,winner,https://old.reddit.com/r/HyundaiPalisade/comments/1u88tgf/,pass_1_to_3
p6ng,Hyundai Palisade,Kia Telluride,1.000000,ride,cars.com,test_drove_both,stmt_01f44fee2db32c10,resp_01f44fee2db32c10,thread_61a02cffd97117c7,neutral,https://www.cars.com/research/hyundai-palisade-2022/consumer-reviews/,pass_1_to_3
rx8s,Hyundai Palisade,Toyota Highlander,0.500000,nvh,edmunds,test_drove_both,stmt_a047671efbaf612e,resp_a047671efbaf612e,thread_2d323b1e9160109d,neutral,https://www.edmunds.com/hyundai/palisade/2026/consumer-reviews/,pass_1_to_3
y3dc,Hyundai Palisade,Kia Telluride,0.500000,nvh,edmunds,test_drove_both,stmt_a047671efbaf612e,resp_a047671efbaf612e,thread_2d323b1e9160109d,neutral,https://www.edmunds.com/hyundai/palisade/2026/consumer-reviews/,pass_1_to_3
c735,Hyundai Palisade,Toyota Highlander,1.000000,nvh,edmunds,owned_both,stmt_ef522cc7bdd52e18,resp_ef522cc7bdd52e18,thread_dc235490e9813b88,neutral,https://www.edmunds.com/hyundai/palisade/2024/,pass_1_to_3
u99j,Lincoln Aviator,BMW X5,1.000000,overall,reddit,owned_one_rode_other,reddit_1oyqp8t_np66yi6,resp_c1f4b9722b0a9edf,reddit_1oyqp8t,neutral,https://old.reddit.com/r/carbuying/comments/1oyqp8t/,pass_1_to_3
me2m,Lincoln Aviator,BMW X5,1.000000,ride,reddit,owned_both,reddit_1oyqp8t_nyj6s3r,resp_f8742603001cfc3e,reddit_1oyqp8t,neutral,https://old.reddit.com/r/carbuying/comments/1oyqp8t/,pass_1_to_3
cxx9,BMW X5,Lincoln Aviator,1.000000,ride,reddit,owned_one_td_other,reddit_1oxqycn_nozcwlv,resp_96908ecd6d9244b2,reddit_1oxqycn,loser,https://old.reddit.com/r/lincolnmotorco/comments/1oxqycn/,pass_1_to_3
dug9,BMW X7,Lincoln Aviator,1.000000,ride,reddit,test_drove_both,reddit_1oxqycn_np8c3n8,resp_23ecf1402c6a72b6,reddit_1oxqycn,loser,https://old.reddit.com/r/lincolnmotorco/comments/1oxqycn/,pass_1_to_3
n2qd,Lincoln Aviator,BMW X7,1.000000,seats,reddit,test_drove_both,reddit_1oxqycn_nqwukvd,resp_46ef4fa7d1837155,reddit_1oxqycn,winner,https://old.reddit.com/r/lincolnmotorco/comments/1oxqycn/,pass_1_to_3
u6eq,Lincoln Aviator,Lexus TX,1.000000,seats,reddit,passenger,reddit_1oxqycn_nqwxn2m,resp_46ef4fa7d1837155,reddit_1oxqycn,winner,https://old.reddit.com/r/lincolnmotorco/comments/1oxqycn/,pass_1_to_3
u4r3,Mercedes GLS,BMW X7,1.000000,ride,reddit,owned_both,reddit_1nzv4yx_ni58lyy,resp_1dc13b47f9d73c3a,reddit_1nzv4yx,loser,https://old.reddit.com/r/bmwx7/comments/1nzv4yx/,pass_1_to_3
m5ju,Mercedes GLS,BMW X7,1.000000,ride,reddit,test_drove_both,reddit_1nzv4yx_ni7duw9,resp_55531726b9e7aab8,reddit_1nzv4yx,loser,https://old.reddit.com/r/bmwx7/comments/1nzv4yx/,pass_1_to_3
b5ed,Mercedes GLS,BMW X7,0.500000,ride,reddit,test_drove_both,reddit_1nzv4yx_ni6rmrx,resp_db7d7584918531c5,reddit_1nzv4yx,loser,https://old.reddit.com/r/bmwx7/comments/1nzv4yx/,pass_1_to_3
zw59,Mercedes GLS,BMW X7,0.500000,seats,reddit,test_drove_both,reddit_1nzv4yx_ni6rmrx,resp_db7d7584918531c5,reddit_1nzv4yx,loser,https://old.reddit.com/r/bmwx7/comments/1nzv4yx/,pass_1_to_3
jg8n,BMW X7,Cadillac Escalade,1.000000,ride,reddit,owned_both,reddit_14x5517_jrq97ze,resp_19c59edb7d0f9a61,reddit_14x5517,winner,https://old.reddit.com/r/BMW/comments/14x5517/,pass_1_to_3
a6aj,Tesla Model X,Cadillac Escalade,0.500000,ride,reddit,owned_both,reddit_1gfaxi9_lugfqvb,resp_0b63b26bdb2e29c8,reddit_1gfaxi9,winner,https://old.reddit.com/r/TeslaModelX/comments/1gfaxi9/,pass_1_to_3
ea5z,Cadillac Escalade,Tesla Model X,0.500000,seats,reddit,owned_both,reddit_1gfaxi9_lugfqvb,resp_0b63b26bdb2e29c8,reddit_1gfaxi9,loser,https://old.reddit.com/r/TeslaModelX/comments/1gfaxi9/,pass_1_to_3
zy3a,Cadillac Escalade,Tesla Model X,1.000000,overall,reddit,owned_both,reddit_1gfaxi9_luhow9u,resp_982b9560b0143c7a,reddit_1gfaxi9,loser,https://old.reddit.com/r/TeslaModelX/comments/1gfaxi9/,pass_1_to_3
n8hq,Lincoln Nautilus,Lexus RX,1.000000,nvh,reddit,test_drove_both,reddit_1nii2zi_nejcvch,resp_c494bc36a0bcd8a0,reddit_1nii2zi,neutral,https://old.reddit.com/r/whatcarshouldIbuy/comments/1nii2zi/,pass_1_to_3
fm3z,Volvo XC60,Lincoln Nautilus,1.000000,overall,reddit,test_drove_both,reddit_1sthyuw_ohu8vw2,resp_a5301132fc0cef65,reddit_1sthyuw,winner,https://old.reddit.com/r/VolvoXC60/comments/1sthyuw/,pass_1_to_3
ex8t,Lincoln Nautilus,Volvo XC60,1.000000,seats,reddit,test_drove_both,reddit_1sthyuw_onu4ubq,resp_54373393cac212a5,reddit_1sthyuw,loser,https://old.reddit.com/r/VolvoXC60/comments/1sthyuw/,pass_1_to_3
wwj2,Audi Q7,Volvo XC90,1.000000,nvh,reddit,owned_both,reddit_1qj0cv1_o0wuy72,resp_a395439890a320e7,reddit_1qj0cv1,winner,https://old.reddit.com/r/AudiQ7/comments/1qj0cv1/,pass_1_to_3
kam6,Audi Q7,Volvo XC90,1.000000,nvh,reddit,owned_both,reddit_1qj0cv1_o0xjcrk,resp_94828ea1b22906fb,reddit_1qj0cv1,winner,https://old.reddit.com/r/AudiQ7/comments/1qj0cv1/,pass_1_to_3
ebe6,Hyundai Palisade,Lincoln Nautilus,1.000000,nvh,cars.com,owned_both,stmt_ccc572ba5858095c,resp_ccc572ba5858095c,thread_28e841bd020e2767,neutral,https://www.cars.com/research/hyundai-palisade_hybrid-2026/consumer-reviews/,pass_1_to_3
p2m4,Hyundai Palisade,Lincoln Aviator,1.000000,overall,cars.com,owned_both,stmt_e2b6f95c09c2e5e0,resp_e2b6f95c09c2e5e0,thread_9725fa56873d18fe,neutral,https://www.cars.com/research/hyundai-palisade-2024/consumer-reviews/,pass_1_to_3
by4e,Hyundai Palisade,Ford Explorer,1.000000,ride,cars.com,owned_both,stmt_9c4751520f9a7ae3,resp_9c4751520f9a7ae3,thread_27f16626a8731ee6,neutral,https://www.cars.com/research/hyundai-palisade-2023/consumer-reviews/,pass_1_to_3
k9xq,Hyundai Palisade,Honda Pilot,1.000000,ride,cars.com,owned_both,stmt_8caaf6942b53ebbe,resp_8caaf6942b53ebbe,thread_2cecceefb8036c30,neutral,https://www.cars.com/research/hyundai-palisade-2021/consumer-reviews/?page=3,pass_1_to_3
dh9m,Ford Explorer,Kia Telluride,1.000000,ride,cars.com,owned_one_td_other,stmt_985ba8429bcadf5f,resp_985ba8429bcadf5f,thread_1e8890bc103d3c3a,neutral,https://www.cars.com/research/ford-explorer-2022/consumer-reviews/,pass_1_to_3
dn5c,Kia Telluride,Honda Pilot,1.000000,nvh,cars.com,owned_both,stmt_a64d513a7b9ca0fb,resp_a64d513a7b9ca0fb,thread_7bce6cf2e615d6c2,neutral,https://www.cars.com/research/kia-telluride-2020/consumer-reviews/?page=15,pass_1_to_3
ww5n,Lincoln Navigator,Cadillac Escalade,1.000000,ride,cars.com,owned_one_td_other,stmt_14acf60912b6d17a,resp_14acf60912b6d17a,thread_ca6cd9cc9ee101d1,neutral,https://www.cars.com/research/cadillac-escalade-2021/consumer-reviews/,pass_1_to_3
b6dn,Cadillac Escalade,Lincoln Navigator,1.000000,seats,cars.com,owned_one_td_other,stmt_6c78d2dbe19d2833,resp_6c78d2dbe19d2833,thread_ca6cd9cc9ee101d1,neutral,https://www.cars.com/research/cadillac-escalade-2021/consumer-reviews/,pass_1_to_3
xm8t,Toyota Highlander,Toyota RAV4,1.000000,nvh,cars.com,owned_both,stmt_13f63e5559492d51,resp_13f63e5559492d51,thread_e88832e6d5de4dad,neutral,https://www.cars.com/research/toyota-highlander-2023/,pass_1_to_3
gd5g,Honda CR-V,Toyota RAV4,1.000000,nvh,cars.com,owned_both,stmt_f1d49643a2a92b34,resp_f1d49643a2a92b34,thread_ea29ce6077836ded,neutral,https://www.cars.com/research/honda-cr_v_hybrid-2023/consumer-reviews/,pass_1_to_3
j8ge,Hyundai Palisade,Toyota Highlander,1.000000,ride,reddit,owned_both,reddit_15vt1b4_jwy5yyu,resp_248850239daa5904,reddit_15vt1b4,loser,https://old.reddit.com/r/ToyotaHighlander/comments/15vt1b4/,pass_1_to_3
k8ss,Hyundai Palisade,Honda Pilot,1.000000,ride,reddit,owned_one_td_other,reddit_1dbtylq_l7ul8le,resp_63819d48dec488ee,reddit_1dbtylq,loser,https://old.reddit.com/r/hondapilot/comments/1dbtylq/,pass_1_to_3
bw88,Hyundai Palisade,Toyota Highlander,0.500000,ride,reddit,test_drove_both,reddit_shirxh_hv4e8ma,resp_3e3b5bc159d8a5f8,reddit_shirxh,winner,https://old.reddit.com/r/HyundaiPalisade/comments/shirxh/,pass_1_to_3
tfm5,Hyundai Palisade,Honda Pilot,0.500000,ride,reddit,test_drove_both,reddit_shirxh_hv4e8ma,resp_3e3b5bc159d8a5f8,reddit_shirxh,winner,https://old.reddit.com/r/HyundaiPalisade/comments/shirxh/,pass_1_to_3
f3xe,Hyundai Palisade,Honda Pilot,1.000000,ride,reddit,owned_both,reddit_shirxh_hvdrnsn,resp_34b66138167025da,reddit_shirxh,winner,https://old.reddit.com/r/HyundaiPalisade/comments/shirxh/,pass_1_to_3
pf8r,Hyundai Palisade,Kia Telluride,0.500000,seats,reddit,test_drove_both,reddit_1h1x5ns_post,resp_3048a287ed3928b6,reddit_1h1x5ns,neutral,https://old.reddit.com/r/whatcarshouldIbuy/comments/1h1x5ns/,pass_1_to_3
z799,Hyundai Palisade,Toyota Highlander,0.500000,seats,reddit,test_drove_both,reddit_1h1x5ns_post,resp_3048a287ed3928b6,reddit_1h1x5ns,neutral,https://old.reddit.com/r/whatcarshouldIbuy/comments/1h1x5ns/,pass_1_to_3
j5zb,Hyundai Palisade,Mazda CX-90,1.000000,overall,reddit,test_drove_both,reddit_1fsiwla_lpla9hy,resp_e3dbdca7b4f908da,reddit_1fsiwla,winner,https://old.reddit.com/r/HyundaiPalisade/comments/1fsiwla/,pass_1_to_3
psj5,Mazda CX-90,Hyundai Palisade,1.000000,seats,reddit,owned_one_td_other,reddit_1lvxpqc_n29xv3l,resp_d12915bb5dcb11a8,reddit_1lvxpqc,winner,https://old.reddit.com/r/MazdaCX90/comments/1lvxpqc/,pass_1_to_3
v288,Hyundai Palisade,Toyota Grand Highlander,1.000000,ride,reddit,owned_both,reddit_1sm5dk5_ogbv6am,resp_3a8db39624e6bbce,reddit_1sm5dk5,winner,https://old.reddit.com/r/HyundaiPalisade/comments/1sm5dk5/,pass_1_to_3
b78a,Hyundai Palisade,Subaru Ascent,1.000000,overall,reddit,test_drove_both,reddit_1bjbnxk_kvq6vkd,resp_0de86018b2236e5a,reddit_1bjbnxk,winner,https://old.reddit.com/r/HyundaiPalisade/comments/1bjbnxk/,pass_1_to_3
d52d,Subaru Ascent,Hyundai Palisade,0.250000,ride,reddit,test_drove_both,reddit_1ma59pu_post,resp_1c265f6c14478e34,reddit_1ma59pu,winner,https://old.reddit.com/r/SubaruAscent/comments/1ma59pu/,pass_1_to_3
jh9f,Hyundai Palisade,Toyota Highlander,0.250000,nvh,reddit,test_drove_both,reddit_1ma59pu_post,resp_1c265f6c14478e34,reddit_1ma59pu,other,https://old.reddit.com/r/SubaruAscent/comments/1ma59pu/,pass_1_to_3
rhy3,Hyundai Palisade,Honda Pilot,0.250000,nvh,reddit,test_drove_both,reddit_1ma59pu_post,resp_1c265f6c14478e34,reddit_1ma59pu,other,https://old.reddit.com/r/SubaruAscent/comments/1ma59pu/,pass_1_to_3
fb37,Subaru Ascent,Hyundai Palisade,0.333333,ride,reddit,test_drove_both,reddit_1t7uy7m_ol306vd,resp_e8fd24088d0c5d0c,reddit_1t7uy7m,loser,https://old.reddit.com/r/HyundaiPalisade/comments/1t7uy7m/,pass_1_to_3
uze8,Subaru Ascent,Kia Telluride,0.333333,ride,reddit,test_drove_both,reddit_1t7uy7m_ol306vd,resp_e8fd24088d0c5d0c,reddit_1t7uy7m,other,https://old.reddit.com/r/HyundaiPalisade/comments/1t7uy7m/,pass_1_to_3
f2db,Subaru Ascent,Toyota Grand Highlander,0.333333,ride,reddit,test_drove_both,reddit_1t7uy7m_ol306vd,resp_e8fd24088d0c5d0c,reddit_1t7uy7m,other,https://old.reddit.com/r/HyundaiPalisade/comments/1t7uy7m/,pass_1_to_3
u2bm,Kia Telluride,Ford Explorer,1.000000,ride,reddit,owned_one_td_other,reddit_v6qjcp_ibh6xi9,resp_78b9bcf066132ccb,reddit_v6qjcp,winner,https://old.reddit.com/r/KiaTelluride/comments/v6qjcp/,pass_1_to_3
h9nk,Kia Telluride,Toyota Highlander,1.000000,seats,reddit,test_drove_both,reddit_1q3tg25_nxqf5yj,resp_b4b75e58b9d1d17a,reddit_1q3tg25,winner,https://old.reddit.com/r/KiaTelluride/comments/1q3tg25/,pass_1_to_3
z4xg,Honda Pilot,Toyota Highlander,1.000000,nvh,reddit,owned_both,reddit_1i69mt0_m8authh,resp_9d45af4d56d77ba7,reddit_1i69mt0,winner,https://old.reddit.com/r/hondapilot/comments/1i69mt0/,pass_1_to_3
mu9d,Toyota Grand Highlander,Hyundai Palisade,0.500000,overall,reddit,test_drove_both,reddit_1d49sgi_post,resp_fd559a2b1edaeeac,reddit_1d49sgi,winner,https://old.reddit.com/r/Toyota/comments/1d49sgi/,pass_1_to_3
k35x,Toyota Grand Highlander,Kia Telluride,0.500000,overall,reddit,test_drove_both,reddit_1d49sgi_post,resp_fd559a2b1edaeeac,reddit_1d49sgi,winner,https://old.reddit.com/r/Toyota/comments/1d49sgi/,pass_1_to_3
zwx4,Lincoln Aviator,Volvo XC90,0.500000,overall,reddit,test_drove_both,reddit_fbrbpk_fnsolg8,resp_49035f61037a2ad2,reddit_fbrbpk,neutral,https://old.reddit.com/r/whatcarshouldIbuy/comments/fbrbpk/,pass_1_to_3
hew3,Lincoln Aviator,BMW X5,0.500000,nvh,reddit,test_drove_both,reddit_fbrbpk_fnsolg8,resp_49035f61037a2ad2,reddit_fbrbpk,neutral,https://old.reddit.com/r/whatcarshouldIbuy/comments/fbrbpk/,pass_1_to_3
xg5y,Cadillac Escalade,Lincoln Navigator,1.000000,ride,reddit,owned_both,reddit_1o6ue2b_njjs0vf,resp_351dd233006287c8,reddit_1o6ue2b,neutral,https://old.reddit.com/r/whatcarshouldIbuy/comments/1o6ue2b/,pass_1_to_3
y2rj,Cadillac Escalade,Lincoln Navigator,1.000000,ride,reddit,test_drove_both,reddit_1mxp6lh_na9u62u,resp_863afa857942d41b,reddit_1mxp6lh,loser,https://old.reddit.com/r/lincolnmotorco/comments/1mxp6lh/,pass_1_to_3
gn5g,Lincoln Navigator,Cadillac Escalade,1.000000,seats,reddit,test_drove_both,reddit_1mxp6lh_na6rkzi,resp_863afa857942d41b,reddit_1mxp6lh,winner,https://old.reddit.com/r/lincolnmotorco/comments/1mxp6lh/,pass_1_to_3
w93g,Cadillac Escalade,Lincoln Navigator,1.000000,ride,reddit,owned_both,reddit_1mxp6lh_ngc1cce,resp_46744841d551a61a,reddit_1mxp6lh,loser,https://old.reddit.com/r/lincolnmotorco/comments/1mxp6lh/,pass_1_to_3
j2hx,Lincoln Navigator,Cadillac Escalade,0.333333,overall,reddit,test_drove_both,reddit_1d2hnnw_l61lgsg,resp_a3400a8d20ac40f2,reddit_1d2hnnw,loser,https://old.reddit.com/r/Cadillac/comments/1d2hnnw/,pass_1_to_3
kf2m,Audi Q7,BMW X5,1.000000,ride,reddit,owned_both,reddit_1jg90iw_mj1na0q,resp_e4042cc5130c3e04,reddit_1jg90iw,winner,https://old.reddit.com/r/AudiQ7/comments/1jg90iw/,pass_1_to_3
mv2v,Audi Q7,BMW X5,1.000000,seats,reddit,owned_both,reddit_1jg90iw_ntk9p6v,resp_42d6c7dc52a39149,reddit_1jg90iw,winner,https://old.reddit.com/r/AudiQ7/comments/1jg90iw/,pass_1_to_3
j6rv,Audi Q8,Audi Q7,0.250000,ride,reddit,test_drove_both,reddit_1bexbx9_post,resp_f2bf6069e30cd1a0,reddit_1bexbx9,neutral,https://old.reddit.com/r/whatcarshouldIbuy/comments/1bexbx9/,pass_1_to_3
u2sr,BMW X5,Acura MDX,0.250000,ride,reddit,test_drove_both,reddit_1bexbx9_post,resp_f2bf6069e30cd1a0,reddit_1bexbx9,neutral,https://old.reddit.com/r/whatcarshouldIbuy/comments/1bexbx9/,pass_1_to_3
s6ea,Acura MDX,Audi Q7,0.250000,ride,reddit,test_drove_both,reddit_1bexbx9_post,resp_f2bf6069e30cd1a0,reddit_1bexbx9,neutral,https://old.reddit.com/r/whatcarshouldIbuy/comments/1bexbx9/,pass_1_to_3
y4ae,Acura MDX,BMW X5,1.000000,seats,reddit,test_drove_both,reddit_1bexbx9_kuxeut0,resp_1a9b686227edd141,reddit_1bexbx9,neutral,https://old.reddit.com/r/whatcarshouldIbuy/comments/1bexbx9/,pass_1_to_3
kb6j,BMW X5,Lexus GX,1.000000,ride,reddit,owned_both,reddit_1hbqsk9_m1j2xtd,resp_5e3f2e2bb4ca391c,reddit_1hbqsk9,loser,https://old.reddit.com/r/LexusGX/comments/1hbqsk9/,pass_1_to_3
fwk6,BMW X7,Lexus GX,1.000000,nvh,reddit,test_drove_both,reddit_1hbqsk9_post,resp_19334c3fa993946f,reddit_1hbqsk9,loser,https://old.reddit.com/r/LexusGX/comments/1hbqsk9/,pass_1_to_3
e6ak,Lincoln Nautilus,Lexus RX,1.000000,ride,reddit,owned_one_rode_other,reddit_1mrifgs_n962irx,resp_23b147894c7b458c,reddit_1mrifgs,winner,https://old.reddit.com/r/lincolnmotorco/comments/1mrifgs/,pass_1_to_3
cp26,Genesis GV80,BMW X5,1.000000,seats,reddit,test_drove_both,reddit_1sk09pg_post,resp_11e195f0742b293b,reddit_1sk09pg,winner,https://old.reddit.com/r/GenesisMotors/comments/1sk09pg/,pass_1_to_3
t8kb,Genesis GV70,Audi Q5,0.500000,seats,reddit,test_drove_both,reddit_1dmc9ks_l9uzeex,resp_4f0bfca33a4e184f,reddit_1dmc9ks,neutral,https://old.reddit.com/r/whatcarshouldIbuy/comments/1dmc9ks/,pass_1_to_3
f8eq,Porsche Cayenne,BMW X5,1.000000,ride,reddit,test_drove_both,reddit_1tvn2cc_opi14dc,resp_91279c935b6ca58e,reddit_1tvn2cc,winner,https://old.reddit.com/r/PorscheCayenne/comments/1tvn2cc/,pass_1_to_3
k36j,Mercedes GLC,BMW X3,1.000000,nvh,reddit,owned_both,reddit_1kugnjo_mulqpp9,resp_30b24fa0d4995991,reddit_1kugnjo,loser,https://old.reddit.com/r/BMWX3/comments/1kugnjo/,pass_1_to_3
p42w,Mercedes GLC,BMW X3,1.000000,overall,reddit,owned_one_td_other,reddit_1kugnjo_nlkkrze,resp_68b384a592fabb1e,reddit_1kugnjo,loser,https://old.reddit.com/r/BMWX3/comments/1kugnjo/,pass_1_to_3
r7an,Acura MDX,Volvo XC90,1.000000,ride,reddit,owned_both,reddit_1hq7e22_m4ng6ea,resp_322fbe50de490bf3,reddit_1hq7e22,loser,https://old.reddit.com/r/VolvoXC90/comments/1hq7e22/,pass_1_to_3
j6v6,Lexus RX,BMW X5,0.250000,ride,reddit,test_drove_both,reddit_1bexbx9_post,resp_f2bf6069e30cd1a0,reddit_1bexbx9,neutral,https://old.reddit.com/r/whatcarshouldIbuy/comments/1bexbx9/,pass_1_to_3
j8fr,Genesis GV70,Volvo XC60,0.500000,seats,reddit,test_drove_both,reddit_1dmc9ks_l9uzeex,resp_4f0bfca33a4e184f,reddit_1dmc9ks,neutral,https://old.reddit.com/r/whatcarshouldIbuy/comments/1dmc9ks/,pass_1_to_3
f74u,Lexus RX,Volvo XC60,1.000000,overall,edmunds,owned_both,stmt_3bf825dad91f9ee4,resp_3bf825dad91f9ee4,thread_c3e85177c77e92e5,neutral,https://www.edmunds.com/lexus/rx-350/2021/suv/consumer-reviews/,pass_1_to_3
y2t3,Honda Pilot,Kia Telluride,1.000000,seats,edmunds,owned_one_td_other,stmt_ec77cc0b5e4bc75e,resp_ec77cc0b5e4bc75e,thread_8004c27f3a26ca7d,neutral,https://www.edmunds.com/honda/pilot/2021/suv/consumer-reviews/,pass_1_to_3
g65r,Toyota Highlander,Toyota Venza,1.000000,ride,edmunds,owned_both,stmt_71dc776df82fdbc7,resp_71dc776df82fdbc7,thread_e9823478c41a6b6c,neutral,https://www.edmunds.com/toyota/highlander-hybrid/2021/suv/consumer-reviews/,pass_1_to_3
j4qc,Toyota Venza,Toyota Highlander,1.000000,nvh,edmunds,test_drove_both,stmt_c6360635dd45d3ae,resp_c6360635dd45d3ae,thread_d8967eb3c0397aae,neutral,https://www.edmunds.com/toyota/venza/2024/suv/consumer-reviews/,pass_1_to_3
d6bv,Hyundai Palisade,Honda CR-V,1.000000,long_trip,edmunds,owned_one_rode_other,stmt_adc0f7fe41f5d9b7,resp_adc0f7fe41f5d9b7,thread_0dd35b55aa2459ec,neutral,https://www.edmunds.com/hyundai/palisade/2026/hybrid/consumer-reviews/,pass_1_to_3
jh5a,Hyundai Palisade,Kia Telluride,1.000000,ride,edmunds,owned_one_td_other,stmt_57258a44b63ad133,resp_57258a44b63ad133,thread_0dd35b55aa2459ec,neutral,https://www.edmunds.com/hyundai/palisade/2026/hybrid/consumer-reviews/,pass_1_to_3
nfa8,Subaru Outback,Honda CR-V,1.000000,ride,edmunds,owned_one_td_other,stmt_afef0d61a2f71f3f,resp_afef0d61a2f71f3f,thread_2246e3d37de0e572,neutral,https://www.edmunds.com/subaru/outback/2023/consumer-reviews/,pass_1_to_3
jmc7,Mazda CX-5,Toyota RAV4,1.000000,ride,edmunds,owned_both,stmt_d57274351524fb41,resp_d57274351524fb41,thread_3ef8cbe0e697e1db,neutral,https://www.edmunds.com/mazda/cx-5/2026/suv/consumer-reviews/,pass_1_to_3
t9v3,Honda CR-V,Mazda CX-50,1.000000,seats,edmunds,owned_one_rode_other,stmt_a9d493b01cd7838d,resp_a9d493b01cd7838d,thread_a7bcbcc6e0e6702e,neutral,https://www.edmunds.com/mazda/cx-50/2024/suv/consumer-reviews/,pass_1_to_3
wkb8,Mazda CX-50,Mazda CX-5,1.000000,seats,edmunds,owned_both,stmt_c65f482af2520eed,resp_c65f482af2520eed,thread_a7bcbcc6e0e6702e,neutral,https://www.edmunds.com/mazda/cx-50/2024/suv/consumer-reviews/,pass_1_to_3
dyv3,Honda Pilot,Honda CR-V,1.000000,nvh,edmunds,owned_both,stmt_1b945d9e20550528,resp_1b945d9e20550528,thread_9d2bd8d5728e5b8f,neutral,https://www.edmunds.com/honda/pilot/2021/consumer-reviews/,pass_1_to_3
h7uq,Lincoln Aviator,Lexus RX,1.000000,ride,edmunds,owned_both,stmt_8214a8d9460d03a7,resp_8214a8d9460d03a7,thread_97f3ab0b70d6436d,neutral,https://www.edmunds.com/lincoln/aviator/2022/consumer-reviews/,pass_1_to_3
u2n5,Lexus NX,Lexus RX,1.000000,ride,edmunds,owned_both,stmt_4616668a7dec5f65,resp_4616668a7dec5f65,thread_33b2c7768ae9f2fe,neutral,https://www.edmunds.com/lexus/nx-450hplus/2022/suv/consumer-reviews/,pass_1_to_3
be9j,Subaru Outback,Toyota RAV4,1.000000,ride,reddit,test_drove_both,reddit_1rryw3t_post,resp_d247245dc9d01e90,reddit_1rryw3t,winner,https://old.reddit.com/r/Subaru_Outback/comments/1rryw3t/,pass_1_to_3
fw8v,Subaru Outback,Toyota RAV4,1.000000,nvh,reddit,owned_one_td_other,reddit_vgj6rw_id3cody,resp_bfdeb150140f1458,reddit_vgj6rw,loser,https://old.reddit.com/r/rav4club/comments/vgj6rw/,pass_1_to_3
my28,Subaru Outback,Subaru Forester,1.000000,ride,reddit,owned_both,reddit_1864k3l_kb5toxg,resp_7551a1bc0693bea0,reddit_1864k3l,other,https://old.reddit.com/r/subaru/comments/1864k3l/,pass_1_to_3
ajk8,Subaru Outback,Subaru Crosstrek,1.000000,nvh,reddit,owned_both,reddit_1864k3l_l0xec8z,resp_308accda9a832094,reddit_1864k3l,other,https://old.reddit.com/r/subaru/comments/1864k3l/,pass_1_to_3
bz6a,Honda CR-V,Subaru Outback,1.000000,ride,reddit,owned_both,reddit_1nzgqor_ni8m9ma,resp_fb650eb4aa90a755,reddit_1nzgqor,loser,https://old.reddit.com/r/Subaru_Outback/comments/1nzgqor/,pass_1_to_3
vs35,Subaru Outback 2026,Subaru Outback,1.000000,ride,reddit,owned_both,reddit_1sci3jp_oebdry9,resp_c2ce6c4fcfac7062,reddit_1sci3jp,other,https://old.reddit.com/r/Subaru_Outback/comments/1sci3jp/,pass_1_to_3
nv9p,Subaru Outback 2026,Subaru Forester,1.000000,ride,reddit,owned_one_td_other,reddit_1siky1s_post,resp_c43a63ee3b9afc7a,reddit_1siky1s,loser,https://old.reddit.com/r/SubaruForester/comments/1siky1s/,pass_1_to_3
mkk3,Subaru Outback 2026,Toyota 4Runner,1.000000,nvh,reddit,owned_one_td_other,reddit_1sci3jp_oeb6zy1,resp_0c5fb14fd648ec2f,reddit_1sci3jp,winner,https://old.reddit.com/r/Subaru_Outback/comments/1sci3jp/,pass_1_to_3
yy48,Subaru Ascent,Hyundai Palisade,0.333333,ride,reddit,test_drove_both,reddit_qd4b5z_post,resp_656879a482451cbf,reddit_qd4b5z,winner,https://old.reddit.com/r/SubaruAscent/comments/qd4b5z/,pass_1_to_3
d5v8,Subaru Ascent,Kia Telluride,0.333333,ride,reddit,test_drove_both,reddit_qd4b5z_post,resp_656879a482451cbf,reddit_qd4b5z,winner,https://old.reddit.com/r/SubaruAscent/comments/qd4b5z/,pass_1_to_3
w3qy,Subaru Ascent,Toyota Highlander,0.333333,ride,reddit,test_drove_both,reddit_qd4b5z_post,resp_656879a482451cbf,reddit_qd4b5z,winner,https://old.reddit.com/r/SubaruAscent/comments/qd4b5z/,pass_1_to_3
e8w7,Kia Telluride,Subaru Ascent,1.000000,nvh,reddit,test_drove_both,reddit_1g5ynww_post,resp_a6ee87eca6299ed4,reddit_1g5ynww,loser,https://old.reddit.com/r/SubaruAscent/comments/1g5ynww/,pass_1_to_3
s8b2,Subaru Ascent,Kia Telluride,0.333333,ride,reddit,owned_one_td_other,reddit_1g5ynww_lsexiaj,resp_8c65bfaecaaf5b37,reddit_1g5ynww,winner,https://old.reddit.com/r/SubaruAscent/comments/1g5ynww/,pass_1_to_3
bz7g,Subaru Ascent,Hyundai Palisade,0.333333,ride,reddit,owned_one_td_other,reddit_1g5ynww_lsexiaj,resp_8c65bfaecaaf5b37,reddit_1g5ynww,winner,https://old.reddit.com/r/SubaruAscent/comments/1g5ynww/,pass_1_to_3
bge2,Subaru Ascent,Honda Pilot,0.333333,ride,reddit,owned_one_td_other,reddit_1g5ynww_lsexiaj,resp_8c65bfaecaaf5b37,reddit_1g5ynww,winner,https://old.reddit.com/r/SubaruAscent/comments/1g5ynww/,pass_1_to_3
fdq6,Subaru Ascent,Subaru Outback,0.500000,nvh,reddit,owned_one_td_other,reddit_1jwr14g_mmklepb,resp_65746254ada8e779,reddit_1jwr14g,winner,https://old.reddit.com/r/SubaruAscent/comments/1jwr14g/,pass_1_to_3
jpe7,Subaru Ascent,Subaru Forester,0.500000,nvh,reddit,owned_one_td_other,reddit_1jwr14g_mmklepb,resp_65746254ada8e779,reddit_1jwr14g,winner,https://old.reddit.com/r/SubaruAscent/comments/1jwr14g/,pass_1_to_3
w98d,Subaru Ascent,Chevrolet Suburban,1.000000,ride,reddit,owned_both,reddit_1jwr14g_mmklhfi,resp_60e69259ca7ec439,reddit_1jwr14g,winner,https://old.reddit.com/r/SubaruAscent/comments/1jwr14g/,pass_1_to_3
n8jg,Lexus RX,Lexus GX,1.000000,ride,reddit,owned_both,reddit_18r9z6m_kf0ahnl,resp_7e89a1fcd9c44670,reddit_18r9z6m,other,https://old.reddit.com/r/Lexus/comments/18r9z6m/,pass_1_to_3
umh9,Lexus GX,Lexus RX,1.000000,ride,reddit,owned_both,reddit_18r9z6m_kf0gyaq,resp_d101f55c7e8008d6,reddit_18r9z6m,other,https://old.reddit.com/r/Lexus/comments/18r9z6m/,pass_1_to_3
x6cm,Lexus RX,Toyota Highlander,1.000000,ride,reddit,owned_both,reddit_1hue8eu_m5r9pn7,resp_d17734bb58d0e527,reddit_1hue8eu,winner,https://old.reddit.com/r/Lexus/comments/1hue8eu/,pass_1_to_3
h6cb,Lexus GX,Toyota 4Runner,1.000000,ride,reddit,owned_one_td_other,reddit_177g7u9_k4su5fm,resp_7e9489b6af624d44,reddit_177g7u9,winner,https://old.reddit.com/r/LexusGX/comments/177g7u9/,pass_1_to_3
gk4e,Lexus GX,Toyota 4Runner,1.000000,seats,reddit,owned_both,reddit_1u23qmr_oqv7o9l,resp_459b318d7d0c8ddd,reddit_1u23qmr,winner,https://old.reddit.com/r/LexusGX/comments/1u23qmr/,pass_1_to_3
q8ns,Lexus GX,Toyota 4Runner,1.000000,ride,edmunds,owned_both,stmt_323c870572d22498,resp_323c870572d22498,thread_ac32512d78712de3,neutral,https://www.edmunds.com/lexus/gx-460/2018/suv/consumer-reviews/,pass_1_to_3
h62w,Subaru Outback,Toyota RAV4,1.000000,ride,reddit,owned_both,reddit_1rryw3t_oa3anne,resp_fc02db843bdc3cb7,reddit_1rryw3t,winner,https://old.reddit.com/r/Subaru_Outback/comments/1rryw3t/,pass_1_to_3
wxs2,Subaru Outback,Toyota RAV4,1.000000,nvh,reddit,owned_one_td_other,reddit_1rryw3t_oa3odhb,resp_93934920d10f5c89,reddit_1rryw3t,winner,https://old.reddit.com/r/Subaru_Outback/comments/1rryw3t/,pass_1_to_3
g5s4,Subaru Outback,Toyota RAV4,1.000000,nvh,reddit,owned_one_family,reddit_vgj6rw_id37tti,resp_5ae52dbed3bf484a,reddit_vgj6rw,loser,https://old.reddit.com/r/rav4club/comments/vgj6rw/,pass_1_to_3
veg4,Subaru Outback,Subaru Forester,1.000000,nvh,reddit,owned_both,reddit_1864k3l_kb6ojqn,resp_fd8a8b9e8649d65c,reddit_1864k3l,other,https://old.reddit.com/r/subaru/comments/1864k3l/,pass_1_to_3
hv8g,Subaru Outback,Subaru Forester,1.000000,ride,reddit,owned_both,reddit_1864k3l_kb9ae6e,resp_58b281861a2282a2,reddit_1864k3l,other,https://old.reddit.com/r/subaru/comments/1864k3l/,pass_1_to_3
qz7v,Subaru Outback 2026,Subaru Outback,1.000000,nvh,reddit,owned_both,reddit_1sci3jp_ogrcdgb,resp_c3614836e2fd5979,reddit_1sci3jp,other,https://old.reddit.com/r/Subaru_Outback/comments/1sci3jp/,pass_1_to_3
rn7y,Subaru Ascent,Honda Pilot,1.000000,seats,reddit,owned_one_td_other,reddit_1g5ynww_lsf45mk,resp_06fe476c75e131dc,reddit_1g5ynww,winner,https://old.reddit.com/r/SubaruAscent/comments/1g5ynww/,pass_1_to_3
jg5g,Subaru Ascent,Subaru Outback,1.000000,ride,reddit,owned_both,reddit_1jwr14g_mmkp481,resp_0eb6f012e8c9a195,reddit_1jwr14g,winner,https://old.reddit.com/r/SubaruAscent/comments/1jwr14g/,pass_1_to_3
nya2,Subaru Ascent,Subaru Forester,1.000000,long_trip,reddit,owned_both,reddit_1jwr14g_mmkvwnh,resp_e6be256a6a2907ae,reddit_1jwr14g,winner,https://old.reddit.com/r/SubaruAscent/comments/1jwr14g/,pass_1_to_3
mgu3,Lexus RX,Lexus GX,1.000000,ride,reddit,owned_one_family,reddit_18r9z6m_kf03tyx,resp_df634e508d833e9f,reddit_18r9z6m,other,https://old.reddit.com/r/Lexus/comments/18r9z6m/,pass_1_to_3
j6sb,Lexus GX,Lexus RX,1.000000,overall,reddit,owned_both,reddit_18r9z6m_kf06yug,resp_6347ad0cb1bdeff9,reddit_18r9z6m,other,https://old.reddit.com/r/Lexus/comments/18r9z6m/,pass_1_to_3
q7fw,Lexus GX,Lexus RX,1.000000,nvh,reddit,owned_one_loaner,reddit_18r9z6m_kezvwx4,resp_9178f8cd50ed6b61,reddit_18r9z6m,other,https://old.reddit.com/r/Lexus/comments/18r9z6m/,pass_1_to_3
qw7d,Lexus RX,Lexus GX,1.000000,ride,reddit,owned_both,reddit_18r9z6m_kf0bq0f,resp_9271b689709c165f,reddit_18r9z6m,other,https://old.reddit.com/r/Lexus/comments/18r9z6m/,pass_1_to_3
h8zg,Lexus RX,Toyota Highlander,1.000000,ride,reddit,owned_both,reddit_1hue8eu_m68kkhr,resp_bbc35e906e9300b3,reddit_1hue8eu,winner,https://old.reddit.com/r/Lexus/comments/1hue8eu/,pass_1_to_3
nuc4,Lexus GX,Toyota 4Runner,1.000000,nvh,reddit,owned_both,reddit_177g7u9_k4tylsr,resp_48478113234ea7f1,reddit_177g7u9,winner,https://old.reddit.com/r/LexusGX/comments/177g7u9/,pass_1_to_3
eh4x,Lexus GX,Toyota 4Runner,1.000000,ride,reddit,owned_both,reddit_177g7u9_k4ubtvz,resp_c14705047b2b33e2,reddit_177g7u9,winner,https://old.reddit.com/r/LexusGX/comments/177g7u9/,pass_1_to_3
u6kk,Lexus GX,Toyota 4Runner,1.000000,overall,reddit,owned_both,reddit_177g7u9_k4uofb6,resp_3aee65781e6d1e7f,reddit_177g7u9,winner,https://old.reddit.com/r/LexusGX/comments/177g7u9/,pass_1_to_3
adm3,Lexus GX,Toyota 4Runner,1.000000,seats,reddit,owned_both,reddit_1u23qmr_oquxb02,resp_bf5eecc7946cbd36,reddit_1u23qmr,winner,https://old.reddit.com/r/LexusGX/comments/1u23qmr/,pass_1_to_3
s4fc,Subaru Outback,Honda CR-V,1.000000,ride,reddit,owned_both,reddit_17smnw2_k8s5m3y,resp_81993f308b6e03df,reddit_17smnw2,winner,https://old.reddit.com/r/subaru/comments/17smnw2/,pass_1_to_3
gx2m,Subaru Outback,Honda CR-V,1.000000,nvh,reddit,owned_both,reddit_1362pju_jipftc8,resp_0b947e1e6ba42c2a,reddit_1362pju,winner,https://old.reddit.com/r/Subaru_Outback/comments/1362pju/,pass_1_to_3
jah5,Subaru Outback,Honda CR-V,1.000000,seats,reddit,owned_both,reddit_1iuxw29_me1pw92,resp_eb40413ca3535bdd,reddit_1iuxw29,winner,https://old.reddit.com/r/Subaru_Outback/comments/1iuxw29/,pass_1_to_3
xxx8,Honda CR-V,Subaru Outback,0.500000,ride,reddit,test_drove_both,reddit_17hwgh8_k6r3zr3,resp_ddaf084faa2c9e0d,reddit_17hwgh8,loser,https://old.reddit.com/r/Subaru_Outback/comments/17hwgh8/,pass_1_to_3
g5nz,Subaru Outback,Honda CR-V,0.500000,seats,reddit,test_drove_both,reddit_17hwgh8_k6r3zr3,resp_ddaf084faa2c9e0d,reddit_17hwgh8,winner,https://old.reddit.com/r/Subaru_Outback/comments/17hwgh8/,pass_1_to_3
vtk5,Honda CR-V,Subaru Outback,1.000000,ride,reddit,owned_both,reddit_17hwgh8_k6t7wgx,resp_5b667211cdef2eaf,reddit_17hwgh8,loser,https://old.reddit.com/r/Subaru_Outback/comments/17hwgh8/,pass_1_to_3
u3wz,Honda CR-V,Subaru Outback,1.000000,ride,reddit,owned_both,reddit_1ffv16x_lmxk8jg,resp_17fa60fd6bc5b226,reddit_1ffv16x,winner,https://old.reddit.com/r/crv/comments/1ffv16x/,pass_1_to_3
ctz4,Mazda CX-5,Subaru Outback,1.000000,nvh,reddit,test_drove_both,reddit_1c3fdwi_post,resp_c2f34cd02a1de06c,reddit_1c3fdwi,winner,https://old.reddit.com/r/CX5/comments/1c3fdwi/,pass_1_to_3
usy5,Subaru Outback 2026,Subaru Outback,1.000000,seats,reddit,owned_one_td_other,reddit_1pmjeqj_nu2h8iv,resp_23836ea2c28d124d,reddit_1pmjeqj,other,https://old.reddit.com/r/Subaru_Outback/comments/1pmjeqj/,pass_1_to_3
dg4t,Subaru Outback 2026,Subaru Outback,1.000000,nvh,reddit,owned_both,reddit_1pmjeqj_nu887j7,resp_3759c2ef8c44a3f5,reddit_1pmjeqj,other,https://old.reddit.com/r/Subaru_Outback/comments/1pmjeqj/,pass_1_to_3
q52t,Honda CR-V,Subaru Outback 2026,1.000000,ride,reddit,test_drove_both,reddit_1pmjeqj_nu4df4q,resp_5b47cfb1e6e08409,reddit_1pmjeqj,loser,https://old.reddit.com/r/Subaru_Outback/comments/1pmjeqj/,pass_1_to_3
rv9d,Subaru Outback 2026,Honda CR-V,1.000000,seats,reddit,test_drove_both,reddit_1pmjeqj_nu8gmpq,resp_5b47cfb1e6e08409,reddit_1pmjeqj,winner,https://old.reddit.com/r/Subaru_Outback/comments/1pmjeqj/,pass_1_to_3
w9tj,Subaru Outback 2026,Subaru Ascent,1.000000,nvh,reddit,owned_one_family,reddit_1ta3wpe_olt9ssz,resp_0e6372ae738ba3ae,reddit_1ta3wpe,winner,https://old.reddit.com/r/Subaru_Outback/comments/1ta3wpe/,pass_1_to_3
r7ze,Subaru Outback 2026,Toyota RAV4,1.000000,nvh,reddit,owned_one_family,reddit_1ta3wpe_ol77ske,resp_ed0589c1e81d9e94,reddit_1ta3wpe,winner,https://old.reddit.com/r/Subaru_Outback/comments/1ta3wpe/,pass_1_to_3
v6pk,Hyundai Palisade,Subaru Ascent,1.000000,long_trip,reddit,owned_both,reddit_1bjcca8_kvsg7wn,resp_a5e6b4a08f5bb0aa,reddit_1bjcca8,loser,https://old.reddit.com/r/SubaruAscent/comments/1bjcca8/,pass_1_to_3
r6ac,Subaru Ascent,Hyundai Palisade,1.000000,seats,reddit,owned_both,reddit_1bjcca8_kvqx2fg,resp_5f695588ff7ab318,reddit_1bjcca8,winner,https://old.reddit.com/r/SubaruAscent/comments/1bjcca8/,pass_1_to_3
hhm9,Honda Pilot,Subaru Ascent,1.000000,ride,reddit,owned_one_family,reddit_1dj9xz9_l99xvnd,resp_8e15fa8457bf44b6,reddit_1dj9xz9,loser,https://old.reddit.com/r/SubaruAscent/comments/1dj9xz9/,pass_1_to_3
nf63,Honda Pilot,Subaru Ascent,1.000000,seats,reddit,owned_both,reddit_1bfo6n3_kv4urhw,resp_067c4a9330534ff2,reddit_1bfo6n3,loser,https://old.reddit.com/r/SubaruAscent/comments/1bfo6n3/,pass_1_to_3
u5ad,Subaru Outback,Subaru Ascent,1.000000,ride,reddit,owned_both,reddit_1r3whaw_o57e7rz,resp_75880da5f0bf8892,reddit_1r3whaw,loser,https://old.reddit.com/r/SubaruAscent/comments/1r3whaw/,pass_1_to_3
sm4u,Subaru Outback,Subaru Ascent,1.000000,ride,reddit,owned_both,reddit_1r3whaw_o59efyw,resp_62290bab79f0f2bc,reddit_1r3whaw,loser,https://old.reddit.com/r/SubaruAscent/comments/1r3whaw/,pass_1_to_3
k6hs,Subaru Ascent,Subaru Outback,1.000000,long_trip,reddit,owned_both,reddit_1r3whaw_o5d90lp,resp_81534fa2fd347b24,reddit_1r3whaw,winner,https://old.reddit.com/r/SubaruAscent/comments/1r3whaw/,pass_1_to_3
qrj5,Subaru Ascent,Subaru Outback,1.000000,ride,reddit,owned_both,reddit_1m4zfmh_n487jgd,resp_66cb05344ba32713,reddit_1m4zfmh,winner,https://old.reddit.com/r/SubaruAscent/comments/1m4zfmh/,pass_1_to_3
vgd3,Subaru Ascent,Volkswagen Atlas,0.333333,nvh,edmunds,owned_one_td_other,stmt_77d158fb34b20e48,resp_77d158fb34b20e48,thread_ddb24bc007ce4ce8,neutral,https://www.edmunds.com/subaru/ascent/2019/suv/consumer-reviews/,pass_1_to_3
k5dc,Subaru Ascent,Toyota Highlander,0.333333,nvh,edmunds,owned_one_td_other,stmt_77d158fb34b20e48,resp_77d158fb34b20e48,thread_ddb24bc007ce4ce8,neutral,https://www.edmunds.com/subaru/ascent/2019/suv/consumer-reviews/,pass_1_to_3
w2kc,Subaru Ascent,Honda Pilot,0.333333,nvh,edmunds,owned_one_td_other,stmt_77d158fb34b20e48,resp_77d158fb34b20e48,thread_ddb24bc007ce4ce8,neutral,https://www.edmunds.com/subaru/ascent/2019/suv/consumer-reviews/,pass_1_to_3
w5mc,Hyundai Palisade,Subaru Ascent,0.250000,nvh,reddit,test_drove_both,reddit_1ma59pu_post,resp_1c265f6c14478e34,reddit_1ma59pu,loser,https://old.reddit.com/r/SubaruAscent/comments/1ma59pu/,pass_1_to_3
y7uj,Lexus RX,Toyota RAV4,1.000000,nvh,reddit,owned_both,reddit_19c8h8w_kix5pd1,resp_8a071c0bf4a535de,reddit_19c8h8w,loser,https://old.reddit.com/r/rav4club/comments/19c8h8w/,pass_1_to_3
b669,Lexus RX,Audi Q5,1.000000,overall,edmunds,owned_both,stmt_86ee1a35cb1fa795,resp_86ee1a35cb1fa795,thread_a002a6aba46e2a71,neutral,https://www.edmunds.com/lexus/rx-350/2021/consumer-reviews/,pass_1_to_3
kse9,Volvo XC90,Lexus RX,1.000000,ride,reddit,test_drove_both,reddit_y94jed_it3i77n,resp_a2763c6c1e1aeec4,reddit_y94jed,neutral,https://old.reddit.com/r/whatcarshouldIbuy/comments/y94jed/,pass_1_to_3
zv7u,Lexus RX,Lexus GX,1.000000,seats,reddit,owned_one_td_other,reddit_zrsgg8_j15drwl,resp_e4ded49591c706cc,reddit_zrsgg8,other,https://old.reddit.com/r/Lexus/comments/zrsgg8/,pass_1_to_3
kb5w,Lexus RX,Lexus GX,1.000000,ride,reddit,owned_both,reddit_1rj475g_o8bjga2,resp_1769171e77cdd0f7,reddit_1rj475g,loser,https://old.reddit.com/r/LexusGX/comments/1rj475g/,pass_1_to_3
j5fn,Lexus GX,Lexus RX,1.000000,nvh,cars.com,owned_both,stmt_20688326ac45e775,resp_20688326ac45e775,thread_c91652d20499f59d,neutral,https://www.cars.com/research/lexus-gx_460-2023/consumer-reviews/,pass_1_to_3
ad9z,Lexus GX,Lexus TX,0.500000,nvh,reddit,owned_one_loaner,reddit_1enk6x3_post,resp_359fde9c5023b6f5,reddit_1enk6x3,other,https://old.reddit.com/r/Lexus/comments/1enk6x3/,pass_1_to_3
pdc2,Lexus TX,Lexus GX,0.500000,seats,reddit,owned_one_loaner,reddit_1enk6x3_post,resp_359fde9c5023b6f5,reddit_1enk6x3,other,https://old.reddit.com/r/Lexus/comments/1enk6x3/,pass_1_to_3
f2gm,Lexus LX,Lexus GX,1.000000,overall,reddit,owned_both,reddit_1da9oqu_l7k8iq9,resp_f7ab43a7d7dc61d2,reddit_1da9oqu,other,https://old.reddit.com/r/LandCruisers/comments/1da9oqu/,pass_1_to_3
eng3,Lexus LX,Lexus GX,1.000000,ride,reddit,owned_one_td_other,reddit_1rmdvkl_o8yphzq,resp_d025a852d0cdc5e8,reddit_1rmdvkl,loser,https://old.reddit.com/r/LexusGX/comments/1rmdvkl/,pass_1_to_3
pr7y,Lexus GX,Toyota 4Runner,1.000000,nvh,reddit,owned_both,reddit_194pp6i_khiyshq,resp_bb08391f65bfe408,reddit_194pp6i,winner,https://old.reddit.com/r/LexusGX/comments/194pp6i/,pass_1_to_3
pt8e,Lexus GX,Lexus GX 550,1.000000,ride,reddit,owned_one_td_other,reddit_1cmfvs1_post,resp_35817cd26326edaf,reddit_1cmfvs1,other,https://old.reddit.com/r/LexusGX/comments/1cmfvs1/,pass_1_to_3
m2qn,Lexus GX,Lexus GX 550,1.000000,ride,reddit,owned_both,reddit_1o71m2k_njkucw4,resp_f8fca7d5353c6848,reddit_1o71m2k,other,https://old.reddit.com/r/LexusGX/comments/1o71m2k/,pass_1_to_3
adz9,Lexus NX,Mercedes GLC,1.000000,nvh,reddit,owned_both,reddit_1tyb8s9_or5h11m,resp_773349c252234666,reddit_1tyb8s9,winner,https://old.reddit.com/r/LexusNX/comments/1tyb8s9/,pass_4
qc7t,Lexus NX,Mercedes GLC,1.000000,seats,reddit,test_drove_both,reddit_1tyb8s9_oq4g5v5,resp_3bb16e11855cef94,reddit_1tyb8s9,winner,https://old.reddit.com/r/LexusNX/comments/1tyb8s9/,pass_4
kjh8,Lincoln Corsair,BMW X3,1.000000,ride,reddit,owned_both,reddit_1lup7i2_n20jzgd,resp_12ea6565819fafad,reddit_1lup7i2,winner,https://old.reddit.com/r/lincolnmotorco/comments/1lup7i2/,pass_4
gnc2,Lincoln Nautilus,BMW X3,1.000000,seats,reddit,owned_both,reddit_1lup7i2_n207bci,resp_35b5345f15fa0f78,reddit_1lup7i2,winner,https://old.reddit.com/r/lincolnmotorco/comments/1lup7i2/,pass_4
n5yv,Genesis GV70,Porsche Macan,0.200000,ride,reddit,test_drove_both,reddit_1d1bpec_l5thzyp,resp_6c2f0aed904380c7,reddit_1d1bpec,winner,https://old.reddit.com/r/GenesisGV70/comments/1d1bpec/,pass_4
fae7,Genesis GV70,Audi Q5,0.200000,ride,reddit,test_drove_both,reddit_1d1bpec_l5thzyp,resp_6c2f0aed904380c7,reddit_1d1bpec,winner,https://old.reddit.com/r/GenesisGV70/comments/1d1bpec/,pass_4
hpv2,Genesis GV70,BMW X3,0.200000,ride,reddit,test_drove_both,reddit_1d1bpec_l5thzyp,resp_6c2f0aed904380c7,reddit_1d1bpec,winner,https://old.reddit.com/r/GenesisGV70/comments/1d1bpec/,pass_4
d8z9,Porsche Macan,BMW X3,0.200000,ride,reddit,test_drove_both,reddit_1d1bpec_l5thzyp,resp_6c2f0aed904380c7,reddit_1d1bpec,other,https://old.reddit.com/r/GenesisGV70/comments/1d1bpec/,pass_4
zr3r,Audi Q5,BMW X3,0.200000,ride,reddit,test_drove_both,reddit_1d1bpec_l5thzyp,resp_6c2f0aed904380c7,reddit_1d1bpec,other,https://old.reddit.com/r/GenesisGV70/comments/1d1bpec/,pass_4
r4gx,Genesis GV70,Porsche Macan,0.500000,nvh,reddit,owned_one_td_other,reddit_1d1bpec_l5y0ctd,resp_64cfe7cc197bdb21,reddit_1d1bpec,winner,https://old.reddit.com/r/GenesisGV70/comments/1d1bpec/,pass_4
j4vz,Genesis GV70,Audi Q5,0.500000,nvh,reddit,owned_one_td_other,reddit_1d1bpec_l5y0ctd,resp_64cfe7cc197bdb21,reddit_1d1bpec,winner,https://old.reddit.com/r/GenesisGV70/comments/1d1bpec/,pass_4
dt3x,Lincoln Nautilus,Lexus RX,1.000000,ride,reddit,test_drove_both,reddit_1oim9m6_post,resp_395c54f0335fa582,reddit_1oim9m6,neutral,https://old.reddit.com/r/whatcarshouldIbuy/comments/1oim9m6/,pass_4
npd7,Toyota Venza,Honda CR-V,1.000000,ride,reddit,owned_one_td_other,reddit_19amr95_kim043u,resp_127b0208b3c17e8a,reddit_19amr95,winner,https://old.reddit.com/r/Toyotavenza/comments/19amr95/,pass_4
bff5,Toyota Venza,Honda CR-V,1.000000,seats,reddit,owned_both,reddit_19amr95_kime148,resp_eff3c6001497746e,reddit_19amr95,winner,https://old.reddit.com/r/Toyotavenza/comments/19amr95/,pass_4
c77w,Honda CR-V,Toyota Venza,1.000000,ride,reddit,owned_one_td_other,reddit_19amr95_ky695xy,resp_024b022345ae5f47,reddit_19amr95,loser,https://old.reddit.com/r/Toyotavenza/comments/19amr95/,pass_4
qv58,Volvo XC60,Lexus NX,1.000000,overall,reddit,owned_both,reddit_1mttqev_n9inxsg,resp_d1534ab95304c5e8,reddit_1mttqev,loser,https://old.reddit.com/r/LexusNX/comments/1mttqev/,pass_4
q22k,Volvo XC60,Lexus NX,1.000000,ride,reddit,owned_one_td_other,reddit_1mttqev_n9gi16j,resp_91cb2be0e9fc94db,reddit_1mttqev,loser,https://old.reddit.com/r/LexusNX/comments/1mttqev/,pass_4
c4qe,Volvo XC60,Lexus NX,1.000000,seats,reddit,owned_one_td_other,reddit_1mttqev_n9isdm2,resp_bdd6ab69023d73e5,reddit_1mttqev,loser,https://old.reddit.com/r/LexusNX/comments/1mttqev/,pass_4
ag2p,Lexus NX,Volvo XC60,1.000000,nvh,reddit,owned_one_td_other,reddit_1mttqev_n9egeu7,resp_832e6959a0b0f53a,reddit_1mttqev,winner,https://old.reddit.com/r/LexusNX/comments/1mttqev/,pass_4
fza5,Volvo XC60,Porsche Macan,1.000000,seats,reddit,owned_both,reddit_1mttqev_n9zaxgy,resp_6f4827e046309055,reddit_1mttqev,other,https://old.reddit.com/r/LexusNX/comments/1mttqev/,pass_4
uc8s,Honda CR-V,Mazda CX-50,0.500000,seats,reddit,test_drove_both,reddit_1ig8mju_post,resp_d0d269dcdf089129,reddit_1ig8mju,winner,https://old.reddit.com/r/crv/comments/1ig8mju/,pass_4
fgb5,Mazda CX-5,Mazda CX-50,0.500000,seats,reddit,owned_one_td_other,reddit_1ig8mju_post,resp_d0d269dcdf089129,reddit_1ig8mju,other,https://old.reddit.com/r/crv/comments/1ig8mju/,pass_4
w46q,Honda CR-V,Mazda CX-50,1.000000,overall,reddit,owned_one_loaner,reddit_1ig8mju_mamxkjv,resp_cce3a0f43ef24321,reddit_1ig8mju,winner,https://old.reddit.com/r/crv/comments/1ig8mju/,pass_4
g9wa,Honda CR-V,Toyota RAV4,1.000000,nvh,reddit,owned_one_td_other,reddit_1ig8mju_maol5wk,resp_cce3a0f43ef24321,reddit_1ig8mju,winner,https://old.reddit.com/r/crv/comments/1ig8mju/,pass_4
vvy3,Honda CR-V,Mazda CX-50,1.000000,ride,reddit,owned_one_td_other,reddit_1ig8mju_manpxeu,resp_1ba695cb890464bf,reddit_1ig8mju,winner,https://old.reddit.com/r/crv/comments/1ig8mju/,pass_4
d27v,Honda CR-V,Mazda CX-50,1.000000,ride,reddit,owned_one_td_other,reddit_1ig8mju_maobv3u,resp_dba5887185a4c677,reddit_1ig8mju,winner,https://old.reddit.com/r/crv/comments/1ig8mju/,pass_4
kk39,Honda CR-V,Mazda CX-50,1.000000,seats,reddit,owned_one_td_other,reddit_1ig8mju_mamvp9q,resp_6c7ab8ac38ea0d6e,reddit_1ig8mju,winner,https://old.reddit.com/r/crv/comments/1ig8mju/,pass_4
u94u,Honda CR-V,Mazda CX-5,1.000000,long_trip,reddit,owned_both,reddit_1ig8mju_mj8z5e2,resp_4146d8994f62b7af,reddit_1ig8mju,winner,https://old.reddit.com/r/crv/comments/1ig8mju/,pass_4
c244,Volvo XC60,Audi Q5,1.000000,seats,reddit,owned_both,reddit_11vung9_jcvcm4l,resp_3fc6c8b9072c9ad2,reddit_11vung9,loser,https://old.reddit.com/r/Audi/comments/11vung9/,pass_4
rz88,Audi Q5,Mercedes GLC,1.000000,seats,reddit,owned_one_td_other,reddit_13l3gqs_jkqm1i4,resp_b187ad811767810a,reddit_13l3gqs,winner,https://old.reddit.com/r/Audi/comments/13l3gqs/,pass_4
fq49,Lincoln Nautilus,Cadillac XT5,1.000000,ride,reddit,owned_one_td_other,reddit_15bxna5_jy1uhs4,resp_ae2053807c56868b,reddit_15bxna5,winner,https://old.reddit.com/r/lincolnmotorco/comments/15bxna5/,pass_4
te3q,Lincoln Nautilus,Cadillac XT5,1.000000,ride,reddit,owned_both,reddit_15bxna5_l7a6090,resp_1a330fcf1b23d3f4,reddit_15bxna5,winner,https://old.reddit.com/r/lincolnmotorco/comments/15bxna5/,pass_4
e8k5,Honda CR-V,Volkswagen Tiguan,1.000000,overall,reddit,owned_both,reddit_1qm6ioh_o1li7b0,resp_8accb6730c851b72,reddit_1qm6ioh,winner,https://old.reddit.com/r/crv/comments/1qm6ioh/,pass_4
m4bd,Honda CR-V,Volkswagen Tiguan,1.000000,nvh,reddit,owned_one_td_other,reddit_1qm6ioh_o1n9rbq,resp_5757d8a09cd018be,reddit_1qm6ioh,winner,https://old.reddit.com/r/crv/comments/1qm6ioh/,pass_4
bbd4,Audi Q5,Lexus NX,1.000000,nvh,reddit,test_drove_both,reddit_1h8yyit_m0wr7tp,resp_92fb7e8f6dda3829,reddit_1h8yyit,winner,https://old.reddit.com/r/AudiQ5/comments/1h8yyit/,pass_4
u9a8,Genesis GV70,BMW X3,1.000000,overall,reddit,test_drove_both,reddit_1730k27_k402ltl,resp_fac64db8950830bc,reddit_1730k27,winner,https://old.reddit.com/r/GenesisGV70/comments/1730k27/,pass_4
se8k,Genesis GV70,BMW X3,1.000000,ride,reddit,owned_one_td_other,reddit_1730k27_krw8nkb,resp_ad6f234a378b7b68,reddit_1730k27,winner,https://old.reddit.com/r/GenesisGV70/comments/1730k27/,pass_4
v5kd,Mercedes GLE,Volvo XC90,1.000000,ride,reddit,owned_both,reddit_t63dlp_hz9f6t3,resp_d4ee3236b0da6558,reddit_t63dlp,winner,https://old.reddit.com/r/mercedes_benz/comments/t63dlp/,pass_4
uat7,Mercedes GLE,Audi Q7,1.000000,ride,reddit,owned_both,reddit_187nhru_kbffac7,resp_e833ea62edf50ac6,reddit_187nhru,winner,https://old.reddit.com/r/mercedes_benz/comments/187nhru/,pass_4
p8rx,Audi Q7,BMW X5,0.500000,nvh,reddit,owned_one_td_other,reddit_17xx4yw_k9qqo3q,resp_50975c3194d36908,reddit_17xx4yw,winner,https://old.reddit.com/r/AudiQ7/comments/17xx4yw/,pass_4
qx6q,Audi Q7,Mercedes GLE,0.500000,ride,reddit,owned_one_td_other,reddit_17xx4yw_k9qqo3q,resp_50975c3194d36908,reddit_17xx4yw,winner,https://old.reddit.com/r/AudiQ7/comments/17xx4yw/,pass_4
x2ez,Lincoln Aviator,Genesis GV80,1.000000,ride,reddit,owned_one_td_other,reddit_1hleau4_m3ybfv6,resp_55ece9904ca78939,reddit_1hleau4,loser,https://old.reddit.com/r/GenesisMotors/comments/1hleau4/,pass_4
kae6,Lincoln Aviator,Genesis GV80,1.000000,ride,reddit,owned_one_td_other,reddit_1hleau4_m40z1ez,resp_dc4e09e2cb1e5a22,reddit_1hleau4,loser,https://old.reddit.com/r/GenesisMotors/comments/1hleau4/,pass_4
rw8x,Acura MDX,Genesis GV80,1.000000,ride,reddit,owned_one_td_other,reddit_1hleau4_m3nza4k,resp_9ffa2e8200d06072,reddit_1hleau4,loser,https://old.reddit.com/r/GenesisMotors/comments/1hleau4/,pass_4
bn4y,Mercedes GLE,Porsche Cayenne,1.000000,overall,reddit,owned_both,reddit_1o3iyf3_nivgzj0,resp_81cef0fc06fbaab5,reddit_1o3iyf3,loser,https://old.reddit.com/r/PorscheCayenne/comments/1o3iyf3/,pass_4
s77b,BMW X5,Tesla Model X,1.000000,overall,reddit,owned_both,reddit_1tsn3d7_post,resp_a631abd24e8c4444,reddit_1tsn3d7,loser,https://old.reddit.com/r/ModelX/comments/1tsn3d7/,pass_4
p7t4,BMW iX,Tesla Model X,1.000000,nvh,reddit,owned_both,reddit_1tsn3d7_oox4ui9,resp_48b632ec6f442258,reddit_1tsn3d7,loser,https://old.reddit.com/r/ModelX/comments/1tsn3d7/,pass_4
x3m9,BMW iX,Tesla Model X,1.000000,nvh,reddit,owned_both,reddit_1emwzix_lh50xzq,resp_e7d92cf19bc1efde,reddit_1emwzix,loser,https://old.reddit.com/r/ModelX/comments/1emwzix/,pass_4
dt7g,BMW iX,Tesla Model X,1.000000,nvh,reddit,test_drove_both,reddit_1emwzix_lh6kuff,resp_e37dfba74d3a0ee7,reddit_1emwzix,loser,https://old.reddit.com/r/ModelX/comments/1emwzix/,pass_4
gms9,BMW iX,Tesla Model X,1.000000,ride,reddit,passenger,reddit_1emwzix_lha9f7v,resp_9d29ba90629d164a,reddit_1emwzix,loser,https://old.reddit.com/r/ModelX/comments/1emwzix/,pass_4
f3df,Acura MDX,BMW X5,1.000000,seats,reddit,test_drove_both,reddit_1fx6c06_post,resp_848ef4d1592e855e,reddit_1fx6c06,winner,https://old.reddit.com/r/Acura/comments/1fx6c06/,pass_4
xyu3,Acura MDX,BMW X5,1.000000,seats,reddit,owned_one_td_other,reddit_1fx6c06_lqlyshi,resp_bafb05b372b0b41e,reddit_1fx6c06,winner,https://old.reddit.com/r/Acura/comments/1fx6c06/,pass_4
a3c8,BMW X5,Acura MDX,1.000000,overall,reddit,owned_both,reddit_1sg01hx_of1mycy,resp_7bd2b43a4256dd79,reddit_1sg01hx,winner,https://old.reddit.com/r/BMWX5/comments/1sg01hx/,pass_4
tn9p,Lexus TX,Toyota Grand Highlander,1.000000,ride,reddit,owned_one_td_other,reddit_1ceqbsc_l1ki2lq,resp_630e4b8124273e1d,reddit_1ceqbsc,winner,https://old.reddit.com/r/Lexus/comments/1ceqbsc/,pass_4
g35e,Lincoln Aviator,Volvo XC90,1.000000,seats,reddit,owned_both,reddit_1qhvc45_o0oq25o,resp_46ef4fa7d1837155,reddit_1qhvc45,neutral,https://old.reddit.com/r/whatcarshouldIbuy/comments/1qhvc45/,pass_4
uw6h,BMW iX,Mercedes EQS SUV,1.000000,overall,reddit,owned_one_td_other,reddit_1orhpi9_nnrfm32,resp_916f2f2a6f6bf7b0,reddit_1orhpi9,winner,https://old.reddit.com/r/BMWiX/comments/1orhpi9/,pass_4
bx2a,BMW iX,BMW X5,1.000000,overall,reddit,owned_both,reddit_1g2dc3f_lrnd024,resp_90227b6517148c68,reddit_1g2dc3f,winner,https://old.reddit.com/r/BMWiX/comments/1g2dc3f/,pass_4
t8k5,BMW iX,BMW X5,1.000000,ride,reddit,owned_both,reddit_1g2dc3f_lrndrbb,resp_1430824c35ad0ba1,reddit_1g2dc3f,winner,https://old.reddit.com/r/BMWiX/comments/1g2dc3f/,pass_4
w26x,BMW iX,BMW X5,1.000000,nvh,reddit,owned_both,reddit_1g2dc3f_lrnfigo,resp_96d7b225c80285fd,reddit_1g2dc3f,winner,https://old.reddit.com/r/BMWiX/comments/1g2dc3f/,pass_4
mb76,BMW X5,BMW iX,1.000000,seats,reddit,owned_one_td_other,reddit_1g2dc3f_lrnir78,resp_6b7775f93918533e,reddit_1g2dc3f,loser,https://old.reddit.com/r/BMWiX/comments/1g2dc3f/,pass_4
j4h2,BMW X5,Tesla Model Y,1.000000,ride,reddit,owned_both,reddit_1pipw2h_nt7wkq7,resp_389140c7bef8a7e3,reddit_1pipw2h,loser,https://old.reddit.com/r/TeslaModelY/comments/1pipw2h/,pass_4
g9f4,BMW X5,Tesla Model Y,1.000000,overall,reddit,owned_one_td_other,reddit_1pipw2h_nt7vgf3,resp_e179270207b4471b,reddit_1pipw2h,loser,https://old.reddit.com/r/TeslaModelY/comments/1pipw2h/,pass_4
h6vg,Audi Q8,Genesis GV80,1.000000,ride,reddit,test_drove_both,reddit_15hpk2i_jurnbt4,resp_9785fa5e5abe5389,reddit_15hpk2i,loser,https://old.reddit.com/r/GenesisMotors/comments/15hpk2i/,pass_4
ar5q,Acura MDX,Genesis GV80,1.000000,ride,reddit,owned_both,reddit_15hpk2i_juu4kio,resp_e14daa64fd1602f4,reddit_15hpk2i,loser,https://old.reddit.com/r/GenesisMotors/comments/15hpk2i/,pass_4
c6tz,Kia Telluride,Nissan Pathfinder,1.000000,overall,reddit,owned_both,reddit_1nk5l81_nexg1x3,resp_ae9510d3f700f84d,reddit_1nk5l81,loser,https://old.reddit.com/r/nissanpathfinder/comments/1nk5l81/,pass_4
s5w3,Nissan Pathfinder,Honda Pilot,1.000000,seats,reddit,test_drove_both,reddit_1ssai1p_ohnlozu,resp_8caca65f45fc05ab,reddit_1ssai1p,winner,https://old.reddit.com/r/nissanpathfinder/comments/1ssai1p/,pass_4
zu87,Nissan Pathfinder,Honda Passport,1.000000,nvh,reddit,owned_one_td_other,reddit_1uyw9q3_oy2lyim,resp_75598cf1592fc77d,reddit_1uyw9q3,winner,https://old.reddit.com/r/nissanpathfinder/comments/1uyw9q3/,pass_4
j726,Nissan Pathfinder,Honda Pilot,1.000000,seats,reddit,owned_one_td_other,reddit_1uyw9q3_oy2i7d8,resp_da1493f33258e7e3,reddit_1uyw9q3,winner,https://old.reddit.com/r/nissanpathfinder/comments/1uyw9q3/,pass_4
p2yk,Nissan Pathfinder,Honda Pilot,1.000000,seats,reddit,test_drove_both,reddit_1uyw9q3_oy4a54s,resp_1ccc548f05b6d03e,reddit_1uyw9q3,winner,https://old.reddit.com/r/nissanpathfinder/comments/1uyw9q3/,pass_4
w34z,Nissan Pathfinder,Honda Pilot,1.000000,overall,reddit,owned_both,reddit_1uyw9q3_oya9lu2,resp_4dae6288727c55bc,reddit_1uyw9q3,winner,https://old.reddit.com/r/nissanpathfinder/comments/1uyw9q3/,pass_4
sp4v,Nissan Pathfinder,Honda Pilot,1.000000,ride,reddit,owned_both,reddit_1uyw9q3_oy3xcli,resp_4c4f7ab354f4348a,reddit_1uyw9q3,winner,https://old.reddit.com/r/nissanpathfinder/comments/1uyw9q3/,pass_4
f5sz,Nissan Pathfinder,Honda Pilot,1.000000,seats,reddit,owned_one_td_other,reddit_1uyw9q3_oy5gb1r,resp_258303b0e6c697c7,reddit_1uyw9q3,winner,https://old.reddit.com/r/nissanpathfinder/comments/1uyw9q3/,pass_4
bv24,Kia Telluride,Kia Sorento,1.000000,ride,reddit,owned_both,reddit_1gq26u3_lwwi0yz,resp_a5cb40629cbb3093,reddit_1gq26u3,winner,https://old.reddit.com/r/KiaTelluride/comments/1gq26u3/,pass_4
k3up,Kia Telluride,Kia Sorento,1.000000,ride,reddit,owned_both,reddit_1gq26u3_lwv4qvc,resp_191c818fd3b2501a,reddit_1gq26u3,winner,https://old.reddit.com/r/KiaTelluride/comments/1gq26u3/,pass_4
a4px,Kia Telluride,Kia Sorento,1.000000,overall,reddit,owned_one_td_other,reddit_1gq26u3_lwvciyb,resp_fbe2fed24476f5f9,reddit_1gq26u3,winner,https://old.reddit.com/r/KiaTelluride/comments/1gq26u3/,pass_4
bzz7,Honda Passport,Honda Pilot,1.000000,seats,reddit,owned_one_family,reddit_1qbsiwl_nzhbwtx,resp_831827f75c48b0ec,reddit_1qbsiwl,winner,https://old.reddit.com/r/hondapassport/comments/1qbsiwl/,pass_4
u3yf,Volkswagen Atlas,Honda Pilot,1.000000,nvh,reddit,owned_one_td_other,reddit_1ftqorz_lpw07n9,resp_e6bc69b2a246bac4,reddit_1ftqorz,winner,https://old.reddit.com/r/VWatlas/comments/1ftqorz/,pass_4
kaq3,Volkswagen Atlas,Honda Pilot,1.000000,nvh,reddit,owned_one_td_other,reddit_1ftqorz_lpwe2pg,resp_b3b7c59d15b6b489,reddit_1ftqorz,winner,https://old.reddit.com/r/VWatlas/comments/1ftqorz/,pass_4
nyr4,Volkswagen Atlas,Honda Pilot,1.000000,nvh,reddit,owned_one_td_other,reddit_1ftqorz_lq2dfuf,resp_d865150d433b5a8d,reddit_1ftqorz,winner,https://old.reddit.com/r/VWatlas/comments/1ftqorz/,pass_4
s3ma,Volkswagen Atlas,Honda Pilot,1.000000,ride,reddit,owned_both,reddit_1ftqorz_lqjx8an,resp_acacd5ca04f9e8ee,reddit_1ftqorz,winner,https://old.reddit.com/r/VWatlas/comments/1ftqorz/,pass_4
fq7n,Honda Pilot,Kia Telluride,0.500000,seats,reddit,test_drove_both,reddit_192lkxv_post,resp_e9f3e3df70dafd6c,reddit_192lkxv,neutral,https://old.reddit.com/r/whatcarshouldIbuy/comments/192lkxv/,pass_4
c9z5,Kia Telluride,Honda Pilot,0.500000,nvh,reddit,test_drove_both,reddit_192lkxv_post,resp_e9f3e3df70dafd6c,reddit_192lkxv,neutral,https://old.reddit.com/r/whatcarshouldIbuy/comments/192lkxv/,pass_4
a7un,Honda Pilot,Kia Telluride,1.000000,ride,reddit,owned_one_td_other,reddit_192lkxv_kpfq7k1,resp_dbf646b2617529b0,reddit_192lkxv,neutral,https://old.reddit.com/r/whatcarshouldIbuy/comments/192lkxv/,pass_4
dnp2,Kia Telluride,Mazda CX-90,1.000000,seats,reddit,owned_one_td_other,reddit_1sgcahr_ofdruba,resp_6918a4e62f7cb636,reddit_1sgcahr,loser,https://old.reddit.com/r/MazdaCX90/comments/1sgcahr/,pass_4
m8x9,Kia Telluride,Volkswagen Atlas,1.000000,ride,reddit,test_drove_both,reddit_15qtpbv_jw51q37,resp_f00575294c56963d,reddit_15qtpbv,winner,https://old.reddit.com/r/KiaTelluride/comments/15qtpbv/,pass_4
y4xv,Volkswagen Atlas,Kia Telluride,1.000000,nvh,reddit,test_drove_both,reddit_15qtpbv_k74nnf0,resp_9471c82efa54dd64,reddit_15qtpbv,loser,https://old.reddit.com/r/KiaTelluride/comments/15qtpbv/,pass_4
n8zp,Hyundai Palisade,Nissan Pathfinder,1.000000,ride,reddit,owned_both,reddit_1kk9vjf_ms2irz3,resp_2a02b879263c1aeb,reddit_1kk9vjf,winner,https://old.reddit.com/r/HyundaiPalisade/comments/1kk9vjf/,pass_4
v2jb,Hyundai Palisade,Nissan Pathfinder,1.000000,ride,reddit,owned_one_td_other,reddit_1kk9vjf_mrx3soz,resp_68d6664d2aff7f21,reddit_1kk9vjf,winner,https://old.reddit.com/r/HyundaiPalisade/comments/1kk9vjf/,pass_4
qt8w,Hyundai Palisade,Nissan Pathfinder,1.000000,overall,reddit,owned_both,reddit_1kk9vjf_mrulasw,resp_bd897d1bd5f25ed0,reddit_1kk9vjf,winner,https://old.reddit.com/r/HyundaiPalisade/comments/1kk9vjf/,pass_4
fd7b,Hyundai Palisade,Nissan Pathfinder,1.000000,ride,reddit,owned_one_td_other,reddit_1kk9vjf_mrv1n2e,resp_1182ee1d1508ab24,reddit_1kk9vjf,winner,https://old.reddit.com/r/HyundaiPalisade/comments/1kk9vjf/,pass_4
m4af,Kia Telluride,Ford Explorer,1.000000,ride,reddit,owned_both,reddit_kwibff_gjevmfk,resp_486260a45a31ee12,reddit_kwibff,winner,https://old.reddit.com/r/KiaTelluride/comments/kwibff/,pass_4
pp54,Kia Telluride,Ford Explorer,1.000000,ride,reddit,owned_both,reddit_kwibff_gj4unos,resp_d563297464a14b18,reddit_kwibff,winner,https://old.reddit.com/r/KiaTelluride/comments/kwibff/,pass_4
x2u9,Kia Telluride,Ford Explorer,1.000000,ride,reddit,owned_both,reddit_kwibff_gj59vf5,resp_70456190d32d3332,reddit_kwibff,winner,https://old.reddit.com/r/KiaTelluride/comments/kwibff/,pass_4
gf5x,Honda Pilot,Honda Passport,1.000000,ride,reddit,owned_both,reddit_1nn8r97_nfng3cp,resp_eaea1acdbd0f3e47,reddit_1nn8r97,winner,https://old.reddit.com/r/hondapilot/comments/1nn8r97/,pass_4
d6yg,Honda Pilot,Honda Passport,1.000000,seats,reddit,owned_one_family,reddit_1nn8r97_nfj0dvw,resp_dc6a3f5a82fad539,reddit_1nn8r97,winner,https://old.reddit.com/r/hondapilot/comments/1nn8r97/,pass_4
ta24,Honda Pilot,Honda Passport,1.000000,seats,reddit,owned_one_td_other,reddit_1nn8r97_nfiu7vr,resp_4ac8b0bc96ffa4ed,reddit_1nn8r97,winner,https://old.reddit.com/r/hondapilot/comments/1nn8r97/,pass_4
x8j2,Honda Passport,Honda Pilot,1.000000,seats,reddit,owned_one_td_other,reddit_1nn8r97_nflb1t8,resp_eadd1c0e7fb07180,reddit_1nn8r97,loser,https://old.reddit.com/r/hondapilot/comments/1nn8r97/,pass_4
m7gb,Honda Pilot,Toyota Grand Highlander,1.000000,ride,reddit,owned_one_td_other,reddit_1bx1rm6_kyards8,resp_61539b72ab25f3e8,reddit_1bx1rm6,winner,https://old.reddit.com/r/hondapilot/comments/1bx1rm6/,pass_4
t4g2,Honda Pilot,Toyota Grand Highlander,1.000000,nvh,reddit,owned_one_td_other,reddit_1bx1rm6_kybb2y9,resp_6c744ff23b1e2518,reddit_1bx1rm6,winner,https://old.reddit.com/r/hondapilot/comments/1bx1rm6/,pass_4
kxf3,Honda Pilot,Toyota Grand Highlander,1.000000,ride,reddit,owned_one_td_other,reddit_1bx1rm6_kya4dmi,resp_b68e95c029e3f857,reddit_1bx1rm6,winner,https://old.reddit.com/r/hondapilot/comments/1bx1rm6/,pass_4
q9bv,Honda Pilot,Volkswagen Atlas,1.000000,ride,reddit,owned_both,reddit_1bx1rm6_kyc3ya5,resp_8f8f20abc2accaa5,reddit_1bx1rm6,winner,https://old.reddit.com/r/hondapilot/comments/1bx1rm6/,pass_4
e7ta,Honda Pilot,Toyota Grand Highlander,1.000000,ride,reddit,owned_one_td_other,reddit_1pqu2ye_nux38p3,resp_80b66860ff90a0bc,reddit_1pqu2ye,winner,https://old.reddit.com/r/hondapilot/comments/1pqu2ye/,pass_4
w5tr,Honda Pilot,Toyota Highlander,0.500000,ride,reddit,owned_one_td_other,reddit_1042num_j340p7n,resp_0075e0292e8f6cec,reddit_1042num,winner,https://old.reddit.com/r/hondapilot/comments/1042num/,pass_4
y2cg,Honda Pilot,Kia Telluride,0.500000,ride,reddit,owned_one_td_other,reddit_1042num_j340p7n,resp_0075e0292e8f6cec,reddit_1042num,winner,https://old.reddit.com/r/hondapilot/comments/1042num/,pass_4
rjx8,Nissan Pathfinder,Honda Pilot,0.500000,seats,reddit,owned_both,reddit_1kk9wlf_mrwhcjf,resp_ae5694670d5f5503,reddit_1kk9wlf,winner,https://old.reddit.com/r/nissanpathfinder/comments/1kk9wlf/,pass_4
xx3e,Nissan Pathfinder,Toyota Highlander,0.500000,seats,reddit,owned_both,reddit_1kk9wlf_mrwhcjf,resp_ae5694670d5f5503,reddit_1kk9wlf,winner,https://old.reddit.com/r/nissanpathfinder/comments/1kk9wlf/,pass_4
n4gg,Kia Telluride,Honda Pilot,0.500000,ride,reddit,test_drove_both,reddit_144g32h_post,resp_176541e284ed90d6,reddit_144g32h,neutral,https://old.reddit.com/r/carbuying/comments/144g32h/,pass_4
ea57,Kia Telluride,Jeep Grand Cherokee L,0.500000,ride,reddit,test_drove_both,reddit_144g32h_post,resp_176541e284ed90d6,reddit_144g32h,neutral,https://old.reddit.com/r/carbuying/comments/144g32h/,pass_4
hy4u,Mercedes GLS,BMW X7,0.500000,ride,reddit,test_drove_both,reddit_1otx9im_post,resp_6478bce262689403,reddit_1otx9im,neutral,https://old.reddit.com/r/whatcarshouldIbuy/comments/1otx9im/,pass_4
djc7,Mercedes GLS,BMW X7,0.500000,seats,reddit,test_drove_both,reddit_1otx9im_post,resp_6478bce262689403,reddit_1otx9im,neutral,https://old.reddit.com/r/whatcarshouldIbuy/comments/1otx9im/,pass_4
vu5k,Mercedes GLS,BMW X7,1.000000,ride,reddit,owned_one_family,reddit_1607l4a_jxo0wgo,resp_8fe075eee3e153a6,reddit_1607l4a,neutral,https://old.reddit.com/r/whatcarshouldIbuy/comments/1607l4a/,pass_4
vds6,Mercedes GLS,BMW X5,1.000000,seats,reddit,owned_both,reddit_1607l4a_jxmylho,resp_1a9b686227edd141,reddit_1607l4a,neutral,https://old.reddit.com/r/whatcarshouldIbuy/comments/1607l4a/,pass_4
u8uv,Range Rover,BMW X7,1.000000,ride,reddit,owned_one_td_other,reddit_1p44h0d_nqa3xq0,resp_977f7a5429a22ef7,reddit_1p44h0d,winner,https://old.reddit.com/r/RangeRover/comments/1p44h0d/,pass_4
p674,Range Rover,BMW X7,1.000000,seats,reddit,owned_one_td_other,reddit_1p44h0d_nqdh04z,resp_0692f3fec69506e9,reddit_1p44h0d,winner,https://old.reddit.com/r/RangeRover/comments/1p44h0d/,pass_4
fm4v,BMW X7,Range Rover,1.000000,nvh,reddit,owned_one_td_other,reddit_1p44h0d_nqgc1c5,resp_f34674bd239b5c80,reddit_1p44h0d,loser,https://old.reddit.com/r/RangeRover/comments/1p44h0d/,pass_4
yba9,Jeep Grand Wagoneer,Lincoln Navigator,0.500000,ride,reddit,owned_both,reddit_1eqta1w_licnfvr,resp_3785a4c98cb0f3bc,reddit_1eqta1w,loser,https://old.reddit.com/r/lincolnmotorco/comments/1eqta1w/,pass_4
yse2,Lincoln Navigator,Jeep Grand Wagoneer,0.500000,seats,reddit,owned_both,reddit_1eqta1w_licnfvr,resp_3785a4c98cb0f3bc,reddit_1eqta1w,winner,https://old.reddit.com/r/lincolnmotorco/comments/1eqta1w/,pass_4
u7ez,Lincoln Navigator,Jeep Grand Wagoneer,1.000000,overall,reddit,owned_one_rode_other,reddit_1eqta1w_lhud1hv,resp_81deb91cf8e5e9e3,reddit_1eqta1w,winner,https://old.reddit.com/r/lincolnmotorco/comments/1eqta1w/,pass_4
jyr6,Jeep Grand Wagoneer,Chevrolet Suburban,0.500000,ride,reddit,test_drove_both,reddit_1fz1c4y_lqy9tgf,resp_0bc4d6c09beaf270,reddit_1fz1c4y,neutral,https://old.reddit.com/r/EnterpriseCarRental/comments/1fz1c4y/,pass_4
tv5a,Jeep Grand Wagoneer,GMC Yukon,0.500000,ride,reddit,test_drove_both,reddit_1fz1c4y_lqy9tgf,resp_0bc4d6c09beaf270,reddit_1fz1c4y,neutral,https://old.reddit.com/r/EnterpriseCarRental/comments/1fz1c4y/,pass_4
j2q3,Cadillac Escalade,Lincoln Navigator,0.500000,ride,reddit,owned_one_td_other,reddit_1gtddsb_mu3cr3e,resp_169fddbd49f0662b,reddit_1gtddsb,loser,https://old.reddit.com/r/lincolnmotorco/comments/1gtddsb/,pass_4
v3fz,GMC Yukon,Lincoln Navigator,0.500000,ride,reddit,owned_one_td_other,reddit_1gtddsb_mu3cr3e,resp_169fddbd49f0662b,reddit_1gtddsb,loser,https://old.reddit.com/r/lincolnmotorco/comments/1gtddsb/,pass_4
v3dc,Infiniti QX80,Toyota Sequoia,1.000000,seats,reddit,owned_both,reddit_1gn2v78_lw97uwq,resp_8bc5afb134295d25,reddit_1gn2v78,winner,https://old.reddit.com/r/infiniti/comments/1gn2v78/,pass_4
p3ng,Lexus GX 550,Toyota 4Runner,1.000000,seats,reddit,owned_both,reddit_1ikvbg1_mbu33s5,resp_4bdb167b2f980c94,reddit_1ikvbg1,winner,https://old.reddit.com/r/LexusGX550/comments/1ikvbg1/,pass_4
c9wv,Lexus GX 550,Toyota 4Runner,1.000000,overall,reddit,owned_both,reddit_1ikvbg1_mbqw1uj,resp_f5e60d4d47f3b368,reddit_1ikvbg1,winner,https://old.reddit.com/r/LexusGX550/comments/1ikvbg1/,pass_4
b9ph,Lexus GX 550,Toyota 4Runner,1.000000,overall,reddit,owned_both,reddit_1ikvbg1_mbqavbm,resp_0d44f0bb458f9b29,reddit_1ikvbg1,winner,https://old.reddit.com/r/LexusGX550/comments/1ikvbg1/,pass_4
gm2p,Lexus GX 550,Toyota 4Runner,1.000000,ride,reddit,owned_one_td_other,reddit_1eqqqgw_lhv4myn,resp_31bc0a9a196a2b2a,reddit_1eqqqgw,loser,https://old.reddit.com/r/4Runner/comments/1eqqqgw/,pass_4
g5e7,Toyota 4Runner,Lexus GX 550,0.500000,ride,reddit,owned_one_family,reddit_1eqqqgw_lhtw4l6,resp_0186d6f5cba445b9,reddit_1eqqqgw,winner,https://old.reddit.com/r/4Runner/comments/1eqqqgw/,pass_4
hgc2,Lexus GX,Lexus GX 550,0.500000,ride,reddit,test_drove_both,reddit_1eqqqgw_lhtw4l6,resp_0186d6f5cba445b9,reddit_1eqqqgw,other,https://old.reddit.com/r/4Runner/comments/1eqqqgw/,pass_4
jf77,Lexus GX 550,Toyota Land Cruiser,0.500000,nvh,reddit,test_drove_both,reddit_1ns8wir_post,resp_d348f4baa9b57ad6,reddit_1ns8wir,loser,https://old.reddit.com/r/LandCruisers/comments/1ns8wir/,pass_4
gcu4,Lexus GX 550,Toyota 4Runner,0.500000,nvh,reddit,test_drove_both,reddit_1ns8wir_post,resp_d348f4baa9b57ad6,reddit_1ns8wir,other,https://old.reddit.com/r/LandCruisers/comments/1ns8wir/,pass_4
kz4s,Toyota Land Cruiser,Toyota 4Runner,1.000000,ride,reddit,owned_both,reddit_1lluxml_n033mie,resp_45f6effbb9b7288b,reddit_1lluxml,winner,https://old.reddit.com/r/LandCruisers/comments/1lluxml/,pass_4
gqp2,Toyota Land Cruiser,Toyota 4Runner,1.000000,ride,reddit,owned_both,reddit_1lluxml_n06gt1o,resp_dc8062eb5107d110,reddit_1lluxml,winner,https://old.reddit.com/r/LandCruisers/comments/1lluxml/,pass_4
c426,Toyota Land Cruiser,Toyota 4Runner,1.000000,nvh,reddit,owned_both,reddit_1lluxml_n067uvf,resp_cbc44af94c848bb3,reddit_1lluxml,winner,https://old.reddit.com/r/LandCruisers/comments/1lluxml/,pass_4
wpg2,GMC Yukon,Cadillac Escalade IQ,1.000000,ride,reddit,owned_one_loaner,reddit_1qkvoyw_o2puvy7,resp_7594d18224d3bd30,reddit_1qkvoyw,other,https://old.reddit.com/r/CadillacVistiq/comments/1qkvoyw/,pass_4
s66r,Lincoln Nautilus,Jeep Grand Cherokee,1.000000,nvh,cars.com,owned_both,stmt_aff3b038563f7529,resp_aff3b038563f7529,thread_620bedfc2af4470f,neutral,https://www.cars.com/research/lincoln-nautilus-2020/consumer-reviews/?page=2,pass_4
b8xu,BMW X5,Lexus RX,1.000000,nvh,cars.com,owned_both,stmt_a7167d726a803caa,resp_a7167d726a803caa,thread_4c6331db3ee86b59,neutral,https://www.cars.com/research/bmw-x5-2018/consumer-reviews/?page=6,pass_4
vdj2,Lincoln Navigator,Cadillac Escalade,1.000000,seats,edmunds,owned_both,stmt_081b510b3523136e,resp_081b510b3523136e,thread_c2093a26d81db215,neutral,https://www.edmunds.com/lincoln/navigator/2019/suv/consumer-reviews/,pass_4
qw4m,Audi Q5,BMW X3,1.000000,ride,edmunds,owned_both,stmt_ea2b6eae086ed97d,resp_ea2b6eae086ed97d,thread_708d3fd6621793f3,neutral,https://www.edmunds.com/audi/sq5/2026/suv/consumer-reviews/,pass_4
p4hh,Mercedes GLE,Audi Q5,1.000000,ride,edmunds,owned_both,stmt_e9728a0b1f22e22f,resp_e9728a0b1f22e22f,thread_aa922222a95c009b,neutral,https://www.edmunds.com/mercedes-benz/gle-class/2021/suv/consumer-reviews/,pass_4
ntw7,Volvo XC60,Mercedes GLC,1.000000,ride,edmunds,owned_one_td_other,stmt_e6882d988bb50c14,resp_e6882d988bb50c14,thread_44a47c14222e173e,neutral,https://www.edmunds.com/volvo/xc60/2018/suv/consumer-reviews/,pass_4
u7va,Mercedes GLE,BMW X5,1.000000,ride,edmunds,owned_one_td_other,stmt_034140f0122c8a85,resp_034140f0122c8a85,thread_1b2673cc307c866d,neutral,https://www.edmunds.com/mercedes-benz/gle/2026/suv/consumer-reviews/,pass_4
q8s3,Range Rover Sport,Mercedes GLE AMG,1.000000,nvh,edmunds,owned_both,stmt_6730f4257d5ede3f,resp_6730f4257d5ede3f,thread_83f3fc514e64901c,neutral,https://www.edmunds.com/land-rover/range-rover-sport/2026/suv/consumer-reviews/,audit_or_unresolved
wz85,Audi Q5,Volvo XC60,0.333333,overall,edmunds,owned_one_td_other,stmt_b5dcd9dcb37d58d4,resp_b5dcd9dcb37d58d4,thread_444802628c28a2c6,neutral,https://www.edmunds.com/audi/q5/2021/suv/consumer-reviews/,pass_4
n5cx,Audi Q5,Mercedes GLC,0.333333,overall,edmunds,owned_one_td_other,stmt_b5dcd9dcb37d58d4,resp_b5dcd9dcb37d58d4,thread_444802628c28a2c6,neutral,https://www.edmunds.com/audi/q5/2021/suv/consumer-reviews/,pass_4
db82,Audi Q5,BMW X3,0.333333,overall,edmunds,owned_one_td_other,stmt_b5dcd9dcb37d58d4,resp_b5dcd9dcb37d58d4,thread_444802628c28a2c6,neutral,https://www.edmunds.com/audi/q5/2021/suv/consumer-reviews/,pass_4
euj3,Cadillac XT6,Acura MDX,1.000000,seats,cars.com,owned_both,stmt_f02428094681f17a,resp_f02428094681f17a,thread_a18946a81a0a762a,neutral,https://www.cars.com/research/cadillac-xt6-2020/consumer-reviews/,pass_4
uzy5,Buick Enclave,Cadillac XT6,1.000000,seats,cars.com,owned_both,stmt_b06d0db49be8132c,resp_b06d0db49be8132c,thread_a18946a81a0a762a,neutral,https://www.cars.com/research/cadillac-xt6-2020/consumer-reviews/,pass_4
pv5h,Volkswagen Atlas,Nissan Murano,1.000000,ride,cars.com,owned_both,stmt_07e87f8f2af5186c,resp_07e87f8f2af5186c,thread_261b3a053d156ed1,neutral,https://www.cars.com/research/volkswagen-atlas-2019/consumer-reviews/?page=6,pass_4
x8jd,Nissan Pathfinder,Honda Pilot,1.000000,ride,cars.com,owned_both,stmt_f13171371ec5e49e,resp_f13171371ec5e49e,thread_a11a3876578e0836,neutral,https://www.cars.com/research/nissan-pathfinder-2019/consumer-reviews/?page=6,pass_4
yx24,Mercedes GLC,Tesla Model X,1.000000,ride,cars.com,owned_one_td_other,stmt_4259f1670ce286e0,resp_4259f1670ce286e0,thread_7fe9a81e0ec05423,neutral,https://www.cars.com/research/tesla-model_x-2022/consumer-reviews/,pass_4
rr4k,Mercedes GLS,BMW X7,1.000000,overall,reddit,owned_one_td_other,reddit_1tb4gtd_olfdppa,resp_6befb7fe7dbac5c8,reddit_1tb4gtd,winner,https://old.reddit.com/r/mercedes_benz/comments/1tb4gtd/,pass_5
n7wu,Mercedes GLS,BMW X7,1.000000,overall,reddit,owned_one_td_other,reddit_1tb4gtd_olhmuab,resp_bdaaf9173c4591ac,reddit_1tb4gtd,winner,https://old.reddit.com/r/mercedes_benz/comments/1tb4gtd/,pass_5
d5n6,Cadillac Escalade,BMW X7,1.000000,ride,reddit,owned_one_td_other,reddit_1q2bau6_nxc8rom,resp_0392b52cb802ca31,reddit_1q2bau6,loser,https://old.reddit.com/r/bmwx7/comments/1q2bau6/,pass_5
k7jj,Range Rover,BMW X7,1.000000,seats,reddit,owned_both,reddit_1m0lvhs_n3ajkm8,resp_bc28bcae2109310d,reddit_1m0lvhs,neutral,https://old.reddit.com/r/whatcarshouldIbuy/comments/1m0lvhs/,pass_5
u29d,Mercedes GLS,BMW X7,1.000000,overall,reddit,test_drove_both,reddit_1u510c8_orhue2d,resp_0a429376844e98f6,reddit_1u510c8,neutral,https://old.reddit.com/r/whatcarshouldIbuy/comments/1u510c8/,pass_5
y5ny,Mercedes GLS,BMW X7,1.000000,ride,reddit,owned_one_td_other,reddit_1h4b318_lzza752,resp_c72404277ff60da4,reddit_1h4b318,loser,https://old.reddit.com/r/bmwx7/comments/1h4b318/,pass_5
zwh7,BMW X7,BMW X5,1.000000,ride,reddit,owned_both,reddit_1qhlxuo_post,resp_19420ea11dde3ce2,reddit_1qhlxuo,winner,https://old.reddit.com/r/bmwx7/comments/1qhlxuo/,pass_5
z33h,Mercedes GLS,BMW X7,1.000000,overall,reddit,owned_both,reddit_1vdka3x_p1acjyo,resp_c0218474fbe5b425,reddit_1vdka3x,loser,https://old.reddit.com/r/bmwx7/comments/1vdka3x/,pass_5
c65y,Mercedes GLS,BMW X7,1.000000,ride,reddit,owned_both,reddit_1vdka3x_p1dccsb,resp_ca0e870f42157255,reddit_1vdka3x,loser,https://old.reddit.com/r/bmwx7/comments/1vdka3x/,pass_5
a7gn,Lexus LX,Toyota Sequoia,1.000000,ride,reddit,owned_both,reddit_1q86tta_nym0b7o,resp_428276de5a8a722b,reddit_1q86tta,other,https://old.reddit.com/r/LexusGX/comments/1q86tta/,pass_5
xd2c,Jeep Grand Wagoneer,Lincoln Navigator,1.000000,ride,reddit,owned_one_td_other,reddit_1evpqib_liwfg5d,resp_df2dd4d590987565,reddit_1evpqib,loser,https://old.reddit.com/r/LincolnNavigator/comments/1evpqib/,pass_5
wg6x,Cadillac Escalade,Lincoln Navigator,0.500000,ride,reddit,owned_one_family,reddit_1qao4cn_nza02uk,resp_ea15bfdb9e5b51f1,reddit_1qao4cn,winner,https://old.reddit.com/r/Cadillac/comments/1qao4cn/,pass_5
z8wf,Lincoln Navigator,Cadillac Escalade,0.500000,seats,reddit,owned_one_family,reddit_1qao4cn_nza02uk,resp_ea15bfdb9e5b51f1,reddit_1qao4cn,loser,https://old.reddit.com/r/Cadillac/comments/1qao4cn/,pass_5
hrv7,Lincoln Navigator,Cadillac Escalade,1.000000,ride,reddit,test_drove_both,reddit_1m7nob4_n4t1oz8,resp_c71cf9c870a3b990,reddit_1m7nob4,neutral,https://old.reddit.com/r/whatcarshouldIbuy/comments/1m7nob4/,pass_5
fgp5,Mercedes GLS,Mercedes GLE,1.000000,ride,reddit,owned_both,reddit_1pfvkbd_nspdwbe,resp_757707eff5b53d60,reddit_1pfvkbd,other,https://old.reddit.com/r/mercedes_benz/comments/1pfvkbd/,pass_5
n5yn,Cadillac Escalade,Mercedes GLS,1.000000,nvh,reddit,test_drove_both,reddit_1c1ex5p_kzs3q9e,resp_c553372b6ae7c4ac,reddit_1c1ex5p,loser,https://old.reddit.com/r/mercedes_benz/comments/1c1ex5p/,pass_5
y5ca,BMW X7,BMW X5,1.000000,ride,reddit,owned_both,reddit_1e1zfsw_lcyv4ma,resp_0692f3fec69506e9,reddit_1e1zfsw,winner,https://old.reddit.com/r/bmwx7/comments/1e1zfsw/,pass_5
a6k3,BMW X7,BMW X5,1.000000,ride,reddit,owned_one_family,reddit_1e1zfsw_lcz5x1u,resp_d0832e737be133cf,reddit_1e1zfsw,winner,https://old.reddit.com/r/bmwx7/comments/1e1zfsw/,pass_5
ygc5,Toyota Sequoia,Chevrolet Tahoe,1.000000,long_trip,reddit,owned_both,reddit_1khztab_mrguyfj,resp_1265bf3fd64e63c2,reddit_1khztab,winner,https://old.reddit.com/r/toyotasequoia/comments/1khztab/,pass_5
rjr7,Lexus GX,Mercedes GLS,0.250000,ride,reddit,test_drove_both,reddit_1oen9ts_nl4g3uf,resp_80412528651bd8b4,reddit_1oen9ts,neutral,https://old.reddit.com/r/whatcarshouldIbuy/comments/1oen9ts/,pass_5
zp5w,Lexus GX,Infiniti QX80,0.250000,ride,reddit,test_drove_both,reddit_1oen9ts_nl4g3uf,resp_80412528651bd8b4,reddit_1oen9ts,neutral,https://old.reddit.com/r/whatcarshouldIbuy/comments/1oen9ts/,pass_5
ey3y,Lexus GX,BMW X5,0.250000,ride,reddit,test_drove_both,reddit_1oen9ts_nl4g3uf,resp_80412528651bd8b4,reddit_1oen9ts,neutral,https://old.reddit.com/r/whatcarshouldIbuy/comments/1oen9ts/,pass_5
xk6t,Mercedes GLE,BMW X5,1.000000,ride,reddit,test_drove_both,reddit_1sjoqi7_post,resp_11e195f0742b293b,reddit_1sjoqi7,neutral,https://old.reddit.com/r/whatcarshouldIbuy/comments/1sjoqi7/,pass_5
a8gs,Genesis GV80,BMW X5,1.000000,nvh,reddit,owned_one_td_other,reddit_1ino1hp_mcfxplf,resp_f3989f5da30d1e97,reddit_1ino1hp,winner,https://old.reddit.com/r/GenesisMotors/comments/1ino1hp/,pass_5
d9pz,Genesis GV80,Lincoln Aviator,1.000000,nvh,reddit,test_drove_both,reddit_1dzdadz_mneohh1,resp_f348e274fa9d01e7,reddit_1dzdadz,neutral,https://old.reddit.com/r/whatcarshouldIbuy/comments/1dzdadz/,pass_5
hh82,Lexus TX,Lexus GX 550,1.000000,ride,reddit,owned_one_loaner,reddit_1rwpx3m_ob1y1uo,resp_be61466274f185ab,reddit_1rwpx3m,other,https://old.reddit.com/r/Lexus/comments/1rwpx3m/,pass_5
n8k6,Lexus TX,Lexus GX,0.500000,overall,reddit,owned_one_td_other,reddit_1rwpx3m_ob1tv3x,resp_639121d65e325875,reddit_1rwpx3m,other,https://old.reddit.com/r/Lexus/comments/1rwpx3m/,pass_5
tm4t,Lexus GX,Lexus TX,0.500000,seats,reddit,owned_one_td_other,reddit_1rwpx3m_ob1tv3x,resp_639121d65e325875,reddit_1rwpx3m,other,https://old.reddit.com/r/Lexus/comments/1rwpx3m/,pass_5
jw9w,Land Rover Defender,Lexus GX 550,1.000000,ride,reddit,owned_one_td_other,reddit_1h4i39c_m03shro,resp_eb15b04e5693b607,reddit_1h4i39c,winner,https://old.reddit.com/r/NewDefender/comments/1h4i39c/,pass_5
b7dm,Land Rover Defender,Lexus GX 550,1.000000,ride,reddit,owned_both,reddit_1qsxj0w_o30esqh,resp_b8f39bfcacd47092,reddit_1qsxj0w,loser,https://old.reddit.com/r/LexusGX550/comments/1qsxj0w/,pass_5
q3ta,Volvo XC90,Land Rover Defender,1.000000,seats,reddit,owned_both,reddit_1ejvtyf_lghgpqm,resp_f97712e0135327dd,reddit_1ejvtyf,loser,https://old.reddit.com/r/LandroverDefender/comments/1ejvtyf/,pass_5
xs76,Volvo XC90,Rivian R1S,1.000000,ride,reddit,owned_both,reddit_1d717bt_l6wsczw,resp_ffe311be27bb40ae,reddit_1d717bt,loser,https://old.reddit.com/r/Rivian/comments/1d717bt/,pass_5
f8zj,Volvo XC90,Rivian R1S,0.333333,ride,reddit,test_drove_both,reddit_1d717bt_post,resp_03e6992d7a744b2c,reddit_1d717bt,loser,https://old.reddit.com/r/Rivian/comments/1d717bt/,pass_5
apt2,Acura MDX,Rivian R1S,0.333333,ride,reddit,test_drove_both,reddit_1d717bt_post,resp_03e6992d7a744b2c,reddit_1d717bt,loser,https://old.reddit.com/r/Rivian/comments/1d717bt/,pass_5
c9zn,Genesis GV80,Rivian R1S,0.333333,ride,reddit,test_drove_both,reddit_1d717bt_post,resp_03e6992d7a744b2c,reddit_1d717bt,loser,https://old.reddit.com/r/Rivian/comments/1d717bt/,pass_5
ksp9,Tesla Model X,Rivian R1S,1.000000,long_trip,reddit,owned_both,reddit_1r7ph6t_o5ze6n5,resp_1aa32fe166e4b7b7,reddit_1r7ph6t,loser,https://old.reddit.com/r/Rivian/comments/1r7ph6t/,pass_5
y9cx,Mercedes EQS SUV,BMW iX,1.000000,overall,reddit,owned_both,reddit_1n7z1m4_ncbgewj,resp_b57326aab5dc8ce6,reddit_1n7z1m4,loser,https://old.reddit.com/r/BMWiX/comments/1n7z1m4/,pass_5
f7p2,Mercedes EQS SUV,BMW iX,1.000000,ride,reddit,owned_both,reddit_1n7z1m4_nchd3q6,resp_457db399bd713188,reddit_1n7z1m4,loser,https://old.reddit.com/r/BMWiX/comments/1n7z1m4/,pass_5
dnt5,BMW iX,BMW X5,1.000000,seats,reddit,owned_one_td_other,reddit_1qxt6gj_o3zmm13,resp_cda32761b15c10a5,reddit_1qxt6gj,winner,https://old.reddit.com/r/BMWiX/comments/1qxt6gj/,pass_5
az79,Lincoln Aviator,Lexus TX,1.000000,overall,reddit,test_drove_both,reddit_1sr4b3a_ohdzyqy,resp_6690e6e1e7e870a2,reddit_1sr4b3a,winner,https://old.reddit.com/r/lincolnmotorco/comments/1sr4b3a/,pass_5
e4dn,Lincoln Aviator,Lexus TX,1.000000,ride,reddit,owned_one_td_other,reddit_1mkx7ix_nok7t95,resp_ea24c40b0d128432,reddit_1mkx7ix,winner,https://old.reddit.com/r/lincolnmotorco/comments/1mkx7ix/,pass_5
hx3e,Audi Q8,BMW X5,0.500000,ride,reddit,owned_both,reddit_1qoeyi1_post,resp_3f993a33423b4a2f,reddit_1qoeyi1,loser,https://old.reddit.com/r/BMWX5/comments/1qoeyi1/,pass_5
cu6y,BMW X5,Audi Q8,0.500000,seats,reddit,owned_both,reddit_1qoeyi1_post,resp_3f993a33423b4a2f,reddit_1qoeyi1,winner,https://old.reddit.com/r/BMWX5/comments/1qoeyi1/,pass_5
w9qf,Audi Q8,BMW X5,1.000000,ride,reddit,owned_both,reddit_1qoeyi1_o28b9mx,resp_bbfea927580868d9,reddit_1qoeyi1,loser,https://old.reddit.com/r/BMWX5/comments/1qoeyi1/,pass_5
j7wk,Genesis GV70,Lincoln Nautilus,1.000000,ride,reddit,owned_one_td_other,stmt_16cd0de34ad71831,resp_16cd0de34ad71831,reddit_1gplvdc,winner,https://old.reddit.com/r/GenesisGV70/comments/1gplvdc/,pass_5
ce7x,Lincoln Nautilus,Genesis GV70,1.000000,overall,reddit,owned_both,reddit_1fpluz2_lp1h2o8,resp_b5388f77544f7761,reddit_1fpluz2,loser,https://old.reddit.com/r/GenesisGV70/comments/1fpluz2/,pass_5
dy8k,Lexus RX,Genesis GV70,1.000000,ride,reddit,owned_both,reddit_1nwzknh_nhk70vb,resp_cac9e8c5a39eacca,reddit_1nwzknh,loser,https://old.reddit.com/r/GenesisGV70/comments/1nwzknh/,pass_5
yv74,Genesis GV70,Lexus NX,1.000000,overall,reddit,owned_one_family,reddit_1oyu0kp_np8nom8,resp_53d8c0c00336b0b9,reddit_1oyu0kp,loser,https://old.reddit.com/r/LexusNX/comments/1oyu0kp/,pass_5
t79x,Lexus NX,Genesis GV70,1.000000,overall,reddit,owned_one_td_other,reddit_1oyu0kp_np7r5cx,resp_ecdbd5fcd98b0ad0,reddit_1oyu0kp,winner,https://old.reddit.com/r/LexusNX/comments/1oyu0kp/,pass_5
gdp8,Volvo XC60,Lexus NX,1.000000,ride,reddit,owned_both,reddit_1oyu0kp_npahsis,resp_47c7a5368f99be3f,reddit_1oyu0kp,loser,https://old.reddit.com/r/LexusNX/comments/1oyu0kp/,pass_5
np9g,Lincoln Corsair,Lexus NX,1.000000,ride,reddit,test_drove_both,reddit_1agjo5m_kojm9i2,resp_f35fd9051d61bb84,reddit_1agjo5m,winner,https://old.reddit.com/r/lincolnmotorco/comments/1agjo5m/,pass_5
b6fd,Volkswagen Tiguan,Toyota RAV4,1.000000,ride,reddit,owned_both,reddit_1izzwia_mf7i2g6,resp_f131c950298eb5a4,reddit_1izzwia,winner,https://old.reddit.com/r/Tiguan/comments/1izzwia/,pass_5
dpm4,Volkswagen Tiguan,Honda CR-V,1.000000,seats,reddit,owned_one_td_other,reddit_1izzwia_mf940nc,resp_72f7b6dc837623d9,reddit_1izzwia,winner,https://old.reddit.com/r/Tiguan/comments/1izzwia/,pass_5
y2eh,Toyota RAV4,Volkswagen Tiguan,1.000000,seats,reddit,owned_one_td_other,reddit_1izzwia_mf8wbco,resp_1d98f07d7a915938,reddit_1izzwia,loser,https://old.reddit.com/r/Tiguan/comments/1izzwia/,pass_5
w5rv,Lincoln Nautilus,Volkswagen Tiguan,1.000000,overall,reddit,owned_both,reddit_181qj1r_mvt60ze,resp_6ccaa2658c65753a,reddit_181qj1r,neutral,https://old.reddit.com/r/whatcarshouldIbuy/comments/181qj1r/,pass_5
t9yu,Mazda CX-9,Mazda CX-50,1.000000,nvh,reddit,owned_both,reddit_x24bjm_int509q,resp_ef122edca43e2b98,reddit_x24bjm,loser,https://old.reddit.com/r/CX50/comments/x24bjm/,pass_5
m73t,Mazda CX-9,Mazda CX-50,1.000000,ride,reddit,owned_both,reddit_x24bjm_in39ab4,resp_120c942ac40a9d8d,reddit_x24bjm,loser,https://old.reddit.com/r/CX50/comments/x24bjm/,pass_5
w5z9,Lexus NX,BMW X1,1.000000,nvh,reddit,owned_both,reddit_1mi1qyi_n70v45r,resp_e490db21de8370c1,reddit_1mi1qyi,winner,https://old.reddit.com/r/LexusNX/comments/1mi1qyi/,pass_5
yev8,BMW X3,BMW X1,1.000000,overall,reddit,owned_one_td_other,reddit_1hl1nbl_m3nf7sa,resp_e58db0605b9c3b65,reddit_1hl1nbl,winner,https://old.reddit.com/r/BMWX3/comments/1hl1nbl/,pass_5
sta9,Porsche Macan,BMW X3,1.000000,ride,reddit,test_drove_both,reddit_1q9d37v_post,resp_426eac42942ace5c,reddit_1q9d37v,loser,https://old.reddit.com/r/BMWX3/comments/1q9d37v/,pass_5
ba52,Toyota Venza,Toyota RAV4,1.000000,ride,reddit,owned_both,reddit_1lc7am4_mxygfjd,resp_ad15880c3d623317,reddit_1lc7am4,winner,https://old.reddit.com/r/Toyotavenza/comments/1lc7am4/,pass_5
ph66,Toyota Venza,Toyota RAV4,1.000000,ride,reddit,owned_both,reddit_1lc7am4_my9fbyv,resp_ece5916343d724a7,reddit_1lc7am4,winner,https://old.reddit.com/r/Toyotavenza/comments/1lc7am4/,pass_5
qwd8,Kia Telluride,Kia Sorento,1.000000,seats,reddit,owned_both,reddit_1iuwjpp_me0ycof,resp_f3e43001c0eb2d67,reddit_1iuwjpp,other,https://old.reddit.com/r/kia/comments/1iuwjpp/,pass_5
rfc4,Kia Telluride,Kia Sorento,1.000000,seats,reddit,passenger,reddit_1iuwjpp_melb7a7,resp_b7291ba0a83e60be,reddit_1iuwjpp,other,https://old.reddit.com/r/kia/comments/1iuwjpp/,pass_5
bqj5,Toyota Highlander,Honda Pilot,1.000000,ride,reddit,owned_one_td_other,reddit_14alai9_jobmc49,resp_cc1eea8fe0360762,reddit_14alai9,winner,https://old.reddit.com/r/ToyotaHighlander/comments/14alai9/,pass_5
jzd8,Buick Enclave,Hyundai Palisade,0.500000,ride,reddit,owned_both,reddit_1i2w104_m7z3q2y,resp_11969e7e74ab7d71,reddit_1i2w104,loser,https://old.reddit.com/r/HyundaiPalisade/comments/1i2w104/,pass_5
r7vt,Hyundai Palisade,Buick Enclave,0.500000,seats,reddit,owned_both,reddit_1i2w104_m7z3q2y,resp_11969e7e74ab7d71,reddit_1i2w104,winner,https://old.reddit.com/r/HyundaiPalisade/comments/1i2w104/,pass_5
stz5,Kia Telluride,Mazda CX-90,1.000000,seats,reddit,owned_one_td_other,reddit_1rj6hd3_o8q5tco,resp_7a79e1fcb942bf79,reddit_1rj6hd3,loser,https://old.reddit.com/r/MazdaCX90/comments/1rj6hd3/,pass_5
ufq2,Honda Pilot,Jeep Grand Cherokee L,1.000000,overall,reddit,owned_one_td_other,reddit_1gzsg9q_lyylp6k,resp_29a083664d46c40b,reddit_1gzsg9q,winner,https://old.reddit.com/r/hondapilot/comments/1gzsg9q/,pass_5
b3cz,Volkswagen Atlas,Kia Telluride,1.000000,ride,reddit,test_drove_both,reddit_1rpc4fb_o9lbjw7,resp_c1786324a982afeb,reddit_1rpc4fb,winner,https://old.reddit.com/r/VWatlas/comments/1rpc4fb/,pass_5
rd9z,Volkswagen Atlas,Kia Telluride,1.000000,ride,reddit,test_drove_both,reddit_1rpc4fb_o9nsyoj,resp_d4a1a5eb76ae9add,reddit_1rpc4fb,winner,https://old.reddit.com/r/VWatlas/comments/1rpc4fb/,pass_5
p9ay,Volkswagen Atlas,Kia Telluride,1.000000,overall,reddit,owned_one_td_other,reddit_1rpc4fb_o9l3mi4,resp_799a8090bc4e23af,reddit_1rpc4fb,winner,https://old.reddit.com/r/VWatlas/comments/1rpc4fb/,pass_5
kw94,Kia Telluride,Mazda CX-90,1.000000,ride,reddit,owned_one_td_other,reddit_1gu3nf9_lxqz8op,resp_33582070426dc4a1,reddit_1gu3nf9,winner,https://old.reddit.com/r/KiaTelluride/comments/1gu3nf9/,pass_5
x978,Kia Telluride,Mazda CX-90,1.000000,seats,reddit,owned_one_td_other,reddit_1gu3nf9_lxs668c,resp_e3af8fc6274d708d,reddit_1gu3nf9,winner,https://old.reddit.com/r/KiaTelluride/comments/1gu3nf9/,pass_5
jx45,Nissan Pathfinder,Honda Passport,1.000000,seats,reddit,owned_one_td_other,reddit_1m0s5ux_n3do5jq,resp_c8eb0baf0530c691,reddit_1m0s5ux,winner,https://old.reddit.com/r/nissanpathfinder/comments/1m0s5ux/,pass_5
n4dq,Honda Passport,Toyota 4Runner,1.000000,overall,reddit,owned_both,stmt_f265c5603217011e,resp_f265c5603217011e,reddit_1p7rfj1,winner,https://old.reddit.com/r/hondapassport/comments/1p7rfj1/,pass_5
uhf6,Honda Passport,Toyota 4Runner,1.000000,ride,reddit,owned_both,reddit_1m77mp7_n4prbzs,resp_d2a33d6feed7b5c7,reddit_1m77mp7,winner,https://old.reddit.com/r/hondapassport/comments/1m77mp7/,pass_5
bpa2,Honda Passport,Toyota 4Runner,1.000000,seats,reddit,owned_both,reddit_1m77mp7_n4qsumk,resp_a513e71671485000,reddit_1m77mp7,winner,https://old.reddit.com/r/hondapassport/comments/1m77mp7/,pass_5
u9gy,Honda Pilot,Nissan Pathfinder,1.000000,seats,reddit,owned_one_td_other,reddit_1v6zuqz_ozxuixf,resp_fa47a41cbab51dcd,reddit_1v6zuqz,winner,https://old.reddit.com/r/hondapilot/comments/1v6zuqz/,pass_5
c762,Honda Pilot,Kia Telluride,1.000000,ride,reddit,test_drove_both,reddit_16lznug_k15b6ee,resp_57aff47cea657df1,reddit_16lznug,loser,https://old.reddit.com/r/KiaTelluride/comments/16lznug/,pass_5
wf98,Volkswagen Atlas,Hyundai Palisade,1.000000,seats,reddit,owned_one_td_other,reddit_1j45crr_mg6qqfh,resp_737cddfd743feede,reddit_1j45crr,winner,https://old.reddit.com/r/VWatlas/comments/1j45crr/,pass_5
vv8d,Kia Telluride,Toyota 4Runner,1.000000,ride,reddit,test_drove_both,reddit_16lznug_k15etgd,resp_6bb3de5352fef05e,reddit_16lznug,winner,https://old.reddit.com/r/KiaTelluride/comments/16lznug/,pass_5
b6d2,Hyundai Palisade,Honda Pilot,1.000000,seats,reddit,test_drove_both,reddit_1fyrf3s_lqxhyim,resp_6c8717dc7a9a9c2c,reddit_1fyrf3s,winner,https://old.reddit.com/r/HyundaiPalisade/comments/1fyrf3s/,pass_5
kq4s,Lexus GX 550,Toyota Land Cruiser,1.000000,nvh,reddit,test_drove_both,reddit_1htwbzj_m5h1l9q,resp_57ae252c44ffef6f,reddit_1htwbzj,winner,https://old.reddit.com/r/LexusGX/comments/1htwbzj/,pass_5
kn9p,Lexus GX 550,Toyota Land Cruiser,1.000000,nvh,reddit,owned_both,reddit_1htwbzj_m5ndsj2,resp_a480a44bf0df7fbe,reddit_1htwbzj,winner,https://old.reddit.com/r/LexusGX/comments/1htwbzj/,pass_5
m4rr,Lexus GX,Lexus GX 550,1.000000,ride,reddit,owned_both,reddit_1q43kgq_nxpw1bq,resp_b8f39bfcacd47092,reddit_1q43kgq,other,https://old.reddit.com/r/LexusGX/comments/1q43kgq/,pass_5
k92g,Lexus GX,Volvo XC90,1.000000,ride,reddit,owned_both,reddit_1q43kgq_nxq7cm7,resp_90fb4029237aae47,reddit_1q43kgq,winner,https://old.reddit.com/r/LexusGX/comments/1q43kgq/,pass_5
n3pk,Lexus LX,Toyota Sequoia,1.000000,nvh,reddit,owned_one_td_other,reddit_1s68u5o_post,resp_b00e488c0674f965,reddit_1s68u5o,winner,https://old.reddit.com/r/Lexus/comments/1s68u5o/,pass_5
mxv7,Lexus TX,Toyota Sequoia,1.000000,nvh,reddit,owned_both,reddit_1s68u5o_od0au4y,resp_665dc1784ba812a3,reddit_1s68u5o,winner,https://old.reddit.com/r/Lexus/comments/1s68u5o/,pass_5
vx39,Buick Enclave,Lexus TX,1.000000,nvh,reddit,owned_one_td_other,reddit_1s68u5o_od5bkn6,resp_a2cc8315f7773f6b,reddit_1s68u5o,loser,https://old.reddit.com/r/Lexus/comments/1s68u5o/,pass_5
vz4g,Toyota Sequoia,Lexus LX,1.000000,seats,reddit,owned_both,reddit_1nmm5c7_nfnhmk5,resp_7781c9b8734994a1,reddit_1nmm5c7,winner,https://old.reddit.com/r/toyotasequoia/comments/1nmm5c7/,pass_5
v26w,Toyota 4Runner,Lexus GX 550,1.000000,ride,reddit,owned_both,reddit_1k4xb78_modq1rn,resp_55185028949de358,reddit_1k4xb78,loser,https://old.reddit.com/r/LexusGX/comments/1k4xb78/,pass_5
av9s,Lexus GX 550,Jeep Grand Cherokee L,1.000000,seats,reddit,owned_one_rode_other,reddit_1c6ociq_l031f2z,resp_07ea0b2f57579da2,reddit_1c6ociq,winner,https://old.reddit.com/r/LexusGX/comments/1c6ociq/,pass_5
ch9x,Lexus LX,Lexus GX 550,1.000000,seats,reddit,test_drove_both,reddit_1c6ociq_l03dq6r,resp_913cd9629ea0aea7,reddit_1c6ociq,loser,https://old.reddit.com/r/LexusGX/comments/1c6ociq/,pass_5
qc46,Mercedes GLS,Lexus GX 550,1.000000,ride,reddit,owned_both,reddit_1rt4l01_oabut1u,resp_214d3cd20be7e700,reddit_1rt4l01,loser,https://old.reddit.com/r/LexusGX/comments/1rt4l01/,pass_5
fn7y,Lexus GX,Toyota Land Cruiser,1.000000,ride,edmunds,owned_both,stmt_de41bead69b23f28,resp_de41bead69b23f28,thread_5e56296e20c988e7,neutral,https://www.edmunds.com/toyota/land-cruiser/2025/st-402054011/consumer-reviews/,pass_5
yvz6,Volkswagen Tiguan,Toyota RAV4,1.000000,nvh,cars.com,owned_both,stmt_ee9743b2753546b8,resp_ee9743b2753546b8,thread_42d65160fb9fc7b5,neutral,https://www.cars.com/research/volkswagen-tiguan-2020/consumer-reviews/?page=2,pass_5
xkt3,Lexus GX,Acura MDX,0.250000,ride,reddit,test_drove_both,reddit_1oen9ts_nl4g3uf,resp_80412528651bd8b4,reddit_1oen9ts,neutral,https://old.reddit.com/r/whatcarshouldIbuy/comments/1oen9ts/,pass_5
zu8p,Cadillac Escalade,GMC Yukon,1.000000,nvh,reddit,test_drove_both,reddit_1qff0ms_o080i9n,resp_20122c2aa7b6953a,reddit_1qff0ms,loser,https://old.reddit.com/r/gmc/comments/1qff0ms/2025_andor_2026_yukon_denali_ultimate_vs_at4/,pass_6
n9nj,GMC Yukon,Cadillac Escalade,1.000000,ride,reddit,test_drove_both,reddit_1qff0ms_o04shly,resp_75de1b1618660726,reddit_1qff0ms,winner,https://old.reddit.com/r/gmc/comments/1qff0ms/2025_andor_2026_yukon_denali_ultimate_vs_at4/,pass_6
g6w4,Cadillac Escalade,GMC Yukon,1.000000,nvh,reddit,owned_both,reddit_1qff0ms_o18lmhj,resp_dd103a699cd310bd,reddit_1qff0ms,loser,https://old.reddit.com/r/gmc/comments/1qff0ms/2025_andor_2026_yukon_denali_ultimate_vs_at4/,pass_6
uxj6,Lincoln Navigator,Jeep Grand Wagoneer,0.333333,overall,reddit,test_drove_both,reddit_1d2hnnw_l61lgsg,resp_a3400a8d20ac40f2,reddit_1d2hnnw,other,https://old.reddit.com/r/Cadillac/comments/1d2hnnw/jeep_grand_wagoneer_vs_cadillac_escalade_vs/,pass_6
heu5,Cadillac Escalade,Jeep Grand Wagoneer,0.333333,overall,reddit,test_drove_both,reddit_1d2hnnw_l61lgsg,resp_a3400a8d20ac40f2,reddit_1d2hnnw,winner,https://old.reddit.com/r/Cadillac/comments/1d2hnnw/jeep_grand_wagoneer_vs_cadillac_escalade_vs/,pass_6
kc2k,Jeep Grand Wagoneer,GMC Yukon,1.000000,ride,reddit,owned_one_family,reddit_1c7ig0f_l08kmgm,resp_17d5e9d6bc882f28,reddit_1c7ig0f,neutral,https://old.reddit.com/r/whatcarshouldIbuy/comments/1c7ig0f/how_bad_is_a_wagoneer_to_buy_as_opposed_to_a/,pass_6
ae44,Jeep Grand Wagoneer,Chevrolet Tahoe,1.000000,ride,reddit,test_drove_both,reddit_1c7ig0f_l0bffp4,resp_26562a1d43bd4049,reddit_1c7ig0f,neutral,https://old.reddit.com/r/whatcarshouldIbuy/comments/1c7ig0f/how_bad_is_a_wagoneer_to_buy_as_opposed_to_a/,pass_6
s9sy,Buick Enclave,Cadillac XT6,1.000000,nvh,reddit,test_drove_both,reddit_1gckpx5_lu2tpkt,resp_e1615beab7a8e04e,reddit_1gckpx5,loser,https://old.reddit.com/r/Cadillac/comments/1gckpx5/so_im_thinking_of_switching_from_a_2016_cadillac/,pass_6
atj2,Cadillac Escalade IQ,Lincoln Navigator,1.000000,ride,reddit,owned_both,reddit_1iczh1s_m9ymwgj,resp_46c7b8272884a60f,reddit_1iczh1s,winner,https://old.reddit.com/r/Cadillac/comments/1iczh1s/just_bought_escalade_iq/,pass_6
g2vq,GMC Yukon,Chevrolet Suburban,0.500000,ride,reddit,test_drove_both,reddit_1ilm79y_mbwzq31,resp_0fa0486322723e14,reddit_1ilm79y,winner,https://old.reddit.com/r/gmc/comments/1ilm79y/2025_tahoe_high_country_yukon_denali_or_toyota/,pass_6
qqs7,GMC Yukon,Chevrolet Suburban,0.500000,seats,reddit,test_drove_both,reddit_1ilm79y_mbwzq31,resp_0fa0486322723e14,reddit_1ilm79y,winner,https://old.reddit.com/r/gmc/comments/1ilm79y/2025_tahoe_high_country_yukon_denali_or_toyota/,pass_6
f94y,GMC Yukon,Toyota Sequoia,1.000000,nvh,reddit,owned_one_td_other,reddit_1ilm79y_mdcbgfp,resp_80ac3e9d9734d96a,reddit_1ilm79y,winner,https://old.reddit.com/r/gmc/comments/1ilm79y/2025_tahoe_high_country_yukon_denali_or_toyota/,pass_6
b73m,Lincoln Navigator,Toyota Sequoia,1.000000,ride,reddit,test_drove_both,reddit_1ilm79y_n81jogk,resp_d6b445febba6385b,reddit_1ilm79y,other,https://old.reddit.com/r/gmc/comments/1ilm79y/2025_tahoe_high_country_yukon_denali_or_toyota/,pass_6
a3b8,Infiniti QX80,Cadillac Escalade,1.000000,seats,reddit,owned_one_td_other,reddit_1r92flo_oflx7tv,resp_7aa0fdd3a9ac91e9,reddit_1r92flo,neutral,https://old.reddit.com/r/whatcarshouldIbuy/comments/1r92flo/should_i_choose_a_2026_infiniti_qx80_autograph_or/,pass_6
ct74,Mercedes EQS SUV,BMW iX,1.000000,seats,reddit,owned_both,reddit_1dbdtul_l7ru10m,resp_8bb8342522aeec8e,reddit_1dbdtul,loser,https://old.reddit.com/r/BMWiX/comments/1dbdtul/did_anyone_cross_shop_with_the_eqs_or_eqe/,pass_6
yz8z,Mercedes EQS SUV,BMW iX,1.000000,ride,reddit,owned_one_td_other,reddit_1dbdtul_l7r9t32,resp_8df118cfd1a04d8e,reddit_1dbdtul,loser,https://old.reddit.com/r/BMWiX/comments/1dbdtul/did_anyone_cross_shop_with_the_eqs_or_eqe/,pass_6
m89c,Genesis GV70,Porsche Macan,1.000000,nvh,reddit,owned_one_td_other,reddit_1jqm8fq_mlcjyhf,resp_b957957007b9e261,reddit_1jqm8fq,winner,https://old.reddit.com/r/GenesisGV70/comments/1jqm8fq/macan_vs_gv70/,pass_6
k3c7,Tesla Model X,Rivian R1S,1.000000,nvh,reddit,owned_one_loaner,reddit_1cttrwt_post,resp_7be59806ec266789,reddit_1cttrwt,loser,https://old.reddit.com/r/Rivian/comments/1cttrwt/model_x_vs_r1s_impressions/,pass_6
r74a,Rivian R1S,Tesla Model X,1.000000,ride,reddit,owned_both,reddit_1cttrwt_l4gmrvt,resp_e8e3e54cbeaf3aa8,reddit_1cttrwt,winner,https://old.reddit.com/r/Rivian/comments/1cttrwt/model_x_vs_r1s_impressions/,pass_6
aky2,Rivian R1S,Tesla Model X,1.000000,seats,reddit,owned_both,reddit_1jn07j3_mkg7gxv,resp_56d11613dfc5997f,reddit_1jn07j3,winner,https://old.reddit.com/r/Rivian/comments/1jn07j3/r1s_seats/,pass_6
c35f,Tesla Model X,Rivian R1S,1.000000,nvh,reddit,owned_both,reddit_1f3sba7_lkgqgu7,resp_f149aea0c1bb445a,reddit_1f3sba7,loser,https://old.reddit.com/r/Rivian/comments/1f3sba7/tesla_x_questions_for_r1s_owners/,pass_6
d3m2,Land Rover Defender,Porsche Cayenne,1.000000,long_trip,reddit,owned_both,reddit_1oycglg_np7cq6a,resp_424999e478d2155f,reddit_1oycglg,winner,https://old.reddit.com/r/NewDefender/comments/1oycglg/seat_comfort_in_defender/,pass_6
f5bt,Volvo XC90,Land Rover Defender,1.000000,seats,reddit,owned_both,reddit_1oycglg_np8yk9x,resp_7c6ff05991fe649d,reddit_1oycglg,loser,https://old.reddit.com/r/NewDefender/comments/1oycglg/seat_comfort_in_defender/,pass_6
a5ge,Range Rover Sport,Land Rover Defender,1.000000,ride,reddit,owned_one_loaner,reddit_1n7bd1f_nc8g2jf,resp_0b3f979edc4207b5,reddit_1n7bd1f,loser,https://old.reddit.com/r/LandRover/comments/1n7bd1f/road_trip_4_hours_rr_velar_vs_rr_sport_vs/,pass_6
u579,Land Rover Defender,Range Rover Sport,1.000000,ride,reddit,owned_both,reddit_1n7bd1f_nc6zd2y,resp_bc2a6655a1398904,reddit_1n7bd1f,winner,https://old.reddit.com/r/LandRover/comments/1n7bd1f/road_trip_4_hours_rr_velar_vs_rr_sport_vs/,pass_6
apj5,Mercedes GLE,Range Rover Sport,1.000000,ride,reddit,test_drove_both,reddit_1gzyzte_oc2btr0,resp_794f6744b96c7c69,reddit_1gzyzte,loser,https://old.reddit.com/r/RangeRover/comments/1gzyzte/torn_between_the_two/,pass_6
bx3k,BMW X5,Porsche Cayenne,1.000000,ride,reddit,test_drove_both,reddit_1bddqw6_kuly8d7,resp_f2bf6069e30cd1a0,reddit_1bddqw6,winner,https://old.reddit.com/r/BMWX5/comments/1bddqw6/cross_shopping_between_cayenne_q8_and_x5/,pass_6
pac8,BMW iX,Tesla Model Y,1.000000,ride,reddit,owned_both,stmt_261ebfc58c49025b,resp_261ebfc58c49025b,reddit_1f5sywa,winner,https://old.reddit.com/r/BMWiX/comments/1f5sywa/my_suspicions_have_been_confirmed_moving_from/,pass_6
qrc8,Audi Q5,Porsche Macan,1.000000,long_trip,reddit,owned_one_td_other,reddit_1vim6d0_p2etesv,resp_6ff9f65fd3144220,reddit_1vim6d0,loser,https://old.reddit.com/r/PorscheMacan/comments/1vim6d0/how_comfortable_is_the_macan/,pass_6
db6m,Volvo XC60,Rivian R1S,1.000000,seats,reddit,owned_both,reddit_1jn07j3_mkgf116,resp_45a002cb1512bbcd,reddit_1jn07j3,loser,https://old.reddit.com/r/Rivian/comments/1jn07j3/r1s_seats/,pass_6
k865,Honda Pilot,Mazda CX-90,1.000000,ride,reddit,owned_one_td_other,reddit_1k9kymr_mphiuwa,resp_dbf646b2617529b0,reddit_1k9kymr,winner,https://old.reddit.com/r/hondapilot/comments/1k9kymr/,pass_6
b556,Honda Pilot,Mazda CX-90,1.000000,overall,reddit,test_drove_both,reddit_1k9kymr_mpfixvb,resp_61539b72ab25f3e8,reddit_1k9kymr,winner,https://old.reddit.com/r/hondapilot/comments/1k9kymr/,pass_6
ghx3,Nissan Murano,Nissan Pathfinder,1.000000,nvh,reddit,owned_both,reddit_1vczalz_p16h6wj,resp_2b616b06725a24b5,reddit_1vczalz,other,https://old.reddit.com/r/Nissan/comments/1vczalz/,pass_6
azh3,Hyundai Palisade,Volkswagen Atlas,1.000000,overall,reddit,test_drove_both,reddit_1hbw68b_m1k7p41,resp_aa81d7360e2d55eb,reddit_1hbw68b,winner,https://old.reddit.com/r/HyundaiPalisade/comments/1hbw68b/,pass_6
bxt8,Mazda CX-90,Hyundai Palisade,1.000000,ride,reddit,test_drove_both,reddit_1n75sji_post,resp_de6e6509555346db,reddit_1n75sji,winner,https://old.reddit.com/r/MazdaCX90/comments/1n75sji/,pass_6
z2h2,Hyundai Palisade,Mazda CX-90,1.000000,overall,reddit,owned_both,reddit_1n75sji_nc6zjpl,resp_0701088aab051c1d,reddit_1n75sji,loser,https://old.reddit.com/r/MazdaCX90/comments/1n75sji/,pass_6
ya9v,Nissan Pathfinder,Toyota Highlander,1.000000,seats,reddit,owned_one_td_other,reddit_1se7lew_oeoatlc,resp_c49bfd43b7aefd4f,reddit_1se7lew,winner,https://old.reddit.com/r/nissanpathfinder/comments/1se7lew/,pass_6
d3d3,Toyota Highlander,Nissan Pathfinder,1.000000,ride,reddit,test_drove_both,reddit_1se7lew_oenxblz,resp_0d7aea6c2ab4d660,reddit_1se7lew,loser,https://old.reddit.com/r/nissanpathfinder/comments/1se7lew/,pass_6
bn43,Nissan Pathfinder,Toyota Highlander,1.000000,seats,reddit,owned_one_td_other,reddit_1se7lew_oepx1c1,resp_b73b0e4ee87192ee,reddit_1se7lew,winner,https://old.reddit.com/r/nissanpathfinder/comments/1se7lew/,pass_6
e7st,Nissan Pathfinder,Toyota Highlander,1.000000,nvh,reddit,owned_one_td_other,reddit_1se7lew_oepsorq,resp_d57de198fdb15601,reddit_1se7lew,winner,https://old.reddit.com/r/nissanpathfinder/comments/1se7lew/,pass_6
a5ta,Honda Pilot,Honda Passport,1.000000,nvh,reddit,test_drove_both,reddit_1qpx9oj_o2j6yba,resp_1b362744105f5dd4,reddit_1qpx9oj,winner,https://old.reddit.com/r/hondapilot/comments/1qpx9oj/,pass_6
u776,Honda Pilot,Honda Passport,1.000000,seats,reddit,test_drove_both,reddit_1qpx9oj_o2etjea,resp_a65da49889f0accc,reddit_1qpx9oj,winner,https://old.reddit.com/r/hondapilot/comments/1qpx9oj/,pass_6
t8ja,Kia Telluride,Kia Sorento,1.000000,seats,reddit,owned_both,reddit_1ikh97b_mbmuv52,resp_edb8806514a6ef19,reddit_1ikh97b,winner,https://old.reddit.com/r/KiaTelluride/comments/1ikh97b/,pass_6
sjr4,Honda Pilot,Kia Telluride,1.000000,overall,reddit,owned_one_td_other,reddit_1mkt09o_n7l5spx,resp_724270db57244968,reddit_1mkt09o,winner,https://old.reddit.com/r/hondapilot/comments/1mkt09o/,pass_6
j64e,Honda Pilot,Toyota Grand Highlander,1.000000,ride,reddit,owned_one_td_other,reddit_1olxkjb_nmngk9c,resp_e33f8638cbf00d09,reddit_1olxkjb,winner,https://old.reddit.com/r/hondapilot/comments/1olxkjb/,pass_6
k9sz,Honda Pilot,Mazda CX-90,1.000000,ride,reddit,owned_one_td_other,reddit_1olxkjb_nmx3415,resp_1319c6203c96c349,reddit_1olxkjb,winner,https://old.reddit.com/r/hondapilot/comments/1olxkjb/,pass_6
uw78,Hyundai Palisade,Buick Enclave,1.000000,nvh,reddit,owned_one_td_other,reddit_1oagqag_nkc4619,resp_f4f0ddba95ccd079,reddit_1oagqag,winner,https://old.reddit.com/r/HyundaiPalisade/comments/1oagqag/,pass_6
ac63,Volkswagen Atlas,Honda Pilot,1.000000,seats,reddit,owned_both,reddit_1oys8vn_np70yy4,resp_b857ec59826e66ad,reddit_1oys8vn,winner,https://old.reddit.com/r/VWatlas/comments/1oys8vn/,pass_6
k8nj,Tesla Model X,Tesla Model Y,1.000000,ride,reddit,owned_one_td_other,reddit_1f79pdw_post,resp_45e748211a2333b6,reddit_1f79pdw,winner,https://old.reddit.com/r/TeslaModelX/comments/1f79pdw/the_model_x_is_soo_much_better_than_the_y/,pass_6
kdx7,Tesla Model X,Tesla Model Y,1.000000,ride,reddit,owned_both,reddit_1f79pdw_ll6gu43,resp_6cb427b69b21eaa5,reddit_1f79pdw,winner,https://old.reddit.com/r/TeslaModelX/comments/1f79pdw/the_model_x_is_soo_much_better_than_the_y/,pass_6
max6,Subaru Outback,Subaru Crosstrek,1.000000,nvh,reddit,test_drove_both,reddit_1n2i0bi_post,resp_15dc3f766665ebb9,reddit_1n2i0bi,other,https://old.reddit.com/r/subaru/comments/1n2i0bi/just_test_drove_a_25_outback_and_a_25_crosstrek/,pass_6
cxy4,Subaru Outback,Subaru Crosstrek,1.000000,ride,reddit,test_drove_both,reddit_1n2i0bi_nb62pzn,resp_f576614a57bd8156,reddit_1n2i0bi,other,https://old.reddit.com/r/subaru/comments/1n2i0bi/just_test_drove_a_25_outback_and_a_25_crosstrek/,pass_6
q5sc,Subaru Outback,Subaru Crosstrek,1.000000,nvh,reddit,owned_both,reddit_1ezhs1k_ljko1vx,resp_1eb16307a96520a2,reddit_1ezhs1k,winner,https://old.reddit.com/r/Subaru_Outback/comments/1ezhs1k/possible_upgrade_from_a_crosstrek_dont_need_the/,pass_6
f6yg,Subaru Outback,Subaru Crosstrek,1.000000,long_trip,reddit,owned_both,reddit_1ezhs1k_ljrreg1,resp_a8c04e2b88e61de3,reddit_1ezhs1k,winner,https://old.reddit.com/r/Subaru_Outback/comments/1ezhs1k/possible_upgrade_from_a_crosstrek_dont_need_the/,pass_6
kr5k,Subaru Outback 2026,Subaru Forester,1.000000,ride,reddit,owned_one_td_other,reddit_1rbsr7h_o6tmhbm,resp_b43ad0b77be967cb,reddit_1rbsr7h,other,https://old.reddit.com/r/subaru/comments/1rbsr7h/going_to_test_drive_26_forrester_and_outback_what/,pass_6
x8au,Lincoln Corsair,Lexus NX,1.000000,nvh,reddit,test_drove_both,reddit_17zbqxx_l2tig5t,resp_484314f6038a1ea7,reddit_17zbqxx,neutral,https://old.reddit.com/r/whatcarshouldIbuy/comments/17zbqxx/why_nobody_seems_to_talk_about_the_lincoln_corsair/,pass_6
q3qt,Audi Q5,Lincoln Corsair,0.500000,long_trip,reddit,test_drove_both,reddit_1dmc9ks_l9vcl2v,resp_c4e7e25a4cffae21,reddit_1dmc9ks,neutral,https://old.reddit.com/r/whatcarshouldIbuy/comments/1dmc9ks/rank_these_cars_by_comfortability/,pass_6
hd37,Lincoln Corsair,Mercedes GLC,0.500000,long_trip,reddit,test_drove_both,reddit_1dmc9ks_l9vcl2v,resp_c4e7e25a4cffae21,reddit_1dmc9ks,neutral,https://old.reddit.com/r/whatcarshouldIbuy/comments/1dmc9ks/rank_these_cars_by_comfortability/,pass_6
x3zy,BMW X3,BMW X1,1.000000,ride,reddit,owned_both,stmt_0b28136685f26e46,resp_0b28136685f26e46,reddit_1pft8tw,other,https://old.reddit.com/r/BMW/comments/1pft8tw/x1_to_x3_how_big_is_the_upgrade/,pass_6
rj2c,Lexus RX,Cadillac XT5,1.000000,overall,reddit,test_drove_both,reddit_13uj2uj_jncfy7j,resp_436f04601beae302,reddit_13uj2uj,neutral,https://old.reddit.com/r/whatcarshouldIbuy/comments/13uj2uj/looking_at_a_2020_acura_rdx_2020_cadillac_xt5_a/,pass_6
qt3m,Mazda CX-9,Toyota Highlander,1.000000,seats,reddit,owned_one_td_other,reddit_10747dw_j3m690w,resp_2c4741526c7b0380,reddit_10747dw,winner,https://old.reddit.com/r/mazda/comments/10747dw/possibly_buying_a_2023_cx9_over_a_toyota/,pass_6
zk4c,Volkswagen Tiguan,Honda CR-V,1.000000,nvh,reddit,owned_both,reddit_1l73h71_mwwe9u3,resp_afc61c5227baa431,reddit_1l73h71,winner,https://old.reddit.com/r/Tiguan/comments/1l73h71/for_those_who_got_a_2025_tiguan_i_have_been/,pass_6
t3cf,Volkswagen Tiguan,Honda CR-V,1.000000,ride,reddit,test_drove_both,reddit_1l73h71_mx6kbnh,resp_268d741f49f2b919,reddit_1l73h71,winner,https://old.reddit.com/r/Tiguan/comments/1l73h71/for_those_who_got_a_2025_tiguan_i_have_been/,pass_6
bj39,Lincoln Nautilus,Lincoln Corsair,1.000000,nvh,reddit,owned_both,reddit_1qyul4y_o46pk5v,resp_a2cc687addba7965,reddit_1qyul4y,other,https://old.reddit.com/r/lincolnmotorco/comments/1qyul4y/2025_nautilus_premier/,pass_6
b787,Lincoln Corsair,Lexus NX,1.000000,overall,reddit,owned_one_td_other,reddit_1htrvvl_m5li8l1,resp_2e39e194c399bf5c,reddit_1htrvvl,winner,https://old.reddit.com/r/lincolnmotorco/comments/1htrvvl/interested_in_2025_nautilus_or_aviator/,pass_6
b8r5,Cadillac XT6,BMW X5,1.000000,ride,edmunds,owned_one_td_other,stmt_b737058aab75d926,resp_b737058aab75d926,thread_efe1909aeb4fda5a,neutral,https://www.edmunds.com/cadillac/xt6/2021/suv/consumer-reviews/,pass_6
zw6n,Cadillac XT6,Toyota Highlander,1.000000,nvh,edmunds,owned_one_td_other,stmt_4b68760b10c8edac,resp_4b68760b10c8edac,thread_efe1909aeb4fda5a,neutral,https://www.edmunds.com/cadillac/xt6/2021/suv/consumer-reviews/,pass_6
bm24,Cadillac XT6,GMC Yukon,1.000000,ride,edmunds,owned_both,stmt_34b580fcc8cf0edd,resp_34b580fcc8cf0edd,thread_efe1909aeb4fda5a,neutral,https://www.edmunds.com/cadillac/xt6/2021/suv/consumer-reviews/,pass_6
ybh2,Cadillac XT6,Cadillac XT5,1.000000,ride,cars.com,owned_both,stmt_e32284e9fc4a4ca5,resp_e32284e9fc4a4ca5,thread_e84c575e59c04844,neutral,https://www.cars.com/research/cadillac-xt6-2022/consumer-reviews/,pass_6
m2ya,Subaru Crosstrek,BMW X1,1.000000,ride,cars.com,owned_one_td_other,stmt_713fd9dd3b60d4d1,resp_713fd9dd3b60d4d1,thread_528347e8f6ceb67e,neutral,https://www.cars.com/research/bmw-x1-2020/consumer-reviews/,pass_6
gun9,GMC Yukon,Cadillac Escalade,1.000000,seats,edmunds,owned_both,stmt_812b7a613563ae8a,resp_812b7a613563ae8a,thread_f445d65c03ae5678,neutral,https://www.edmunds.com/gmc/yukon-xl/2026/suv/consumer-reviews/,pass_6
c2um,Toyota Venza,Toyota RAV4,1.000000,ride,cars.com,owned_both,stmt_2070661500da2a7d,resp_2070661500da2a7d,thread_7b34dc74201b81c0,neutral,https://www.cars.com/research/toyota-venza-2021/consumer-reviews/?page=7,pass_6
aa48,Toyota Highlander,Toyota Venza,1.000000,ride,cars.com,owned_both,stmt_5d875f838226fc4c,resp_5d875f838226fc4c,thread_e8297d4d3164b967,neutral,https://www.cars.com/research/toyota-venza-2023/consumer-reviews/,pass_6
vrh3,Subaru Crosstrek,Honda CR-V,1.000000,nvh,cars.com,owned_both,stmt_eac26a04f7809cd4,resp_eac26a04f7809cd4,thread_60436d48f40c50e7,neutral,https://www.cars.com/research/subaru-crosstrek-2019/consumer-reviews/?page=13,pass_6
rs9b,Mazda CX-9,Toyota RAV4,1.000000,nvh,edmunds,owned_one_family,stmt_6d5b56d905fce732,resp_6d5b56d905fce732,thread_30fa5465387ee982,neutral,https://www.edmunds.com/mazda/cx-9/2023/consumer-reviews/,pass_6
ytg7,GMC Yukon,Rivian R1S,1.000000,ride,reddit,owned_both,reddit_1o5m69h_njac76n,resp_642292a562a75dee,reddit_1o5m69h,loser,https://old.reddit.com/r/Rivian/comments/1o5m69h/considering_switch_from_yukon_denali_to_r1sanyone/,pass_7
ygz9,GMC Yukon,Rivian R1S,1.000000,ride,reddit,owned_both,reddit_1o5m69h_njalbuu,resp_63c8b3d8bf29fead,reddit_1o5m69h,loser,https://old.reddit.com/r/Rivian/comments/1o5m69h/considering_switch_from_yukon_denali_to_r1sanyone/,pass_7
k52q,GMC Yukon,Rivian R1S,1.000000,seats,reddit,owned_both,reddit_1o5m69h_njcwcg7,resp_391d75dfeffcef31,reddit_1o5m69h,loser,https://old.reddit.com/r/Rivian/comments/1o5m69h/considering_switch_from_yukon_denali_to_r1sanyone/,pass_7
n25t,GMC Yukon,Rivian R1S,1.000000,ride,reddit,owned_both,reddit_1o5m69h_nje4qhz,resp_b36a8c5be45cd901,reddit_1o5m69h,loser,https://old.reddit.com/r/Rivian/comments/1o5m69h/considering_switch_from_yukon_denali_to_r1sanyone/,pass_7
g7qt,GMC Yukon,Rivian R1S,1.000000,ride,reddit,owned_both,reddit_1o5m69h_njgg654,resp_07d37c5e96228751,reddit_1o5m69h,loser,https://old.reddit.com/r/Rivian/comments/1o5m69h/considering_switch_from_yukon_denali_to_r1sanyone/,pass_7
w6wk,Rivian R1S,Chevrolet Suburban,1.000000,ride,reddit,owned_both,reddit_12y9lsg_jhq55eu,resp_dc6de067764785fc,reddit_12y9lsg,winner,https://old.reddit.com/r/Rivian/comments/12y9lsg/how_does_driving_comfort_compare_with_other/,pass_7
s3eg,Toyota Sequoia,Chevrolet Tahoe,1.000000,overall,reddit,test_drove_both,reddit_1bjaiic_post,resp_be8cf27bb75955a7,reddit_1bjaiic,winner,https://old.reddit.com/r/toyotasequoia/comments/1bjaiic/3rd_gen_towing/,pass_7
f2e7,Infiniti QX80,Cadillac Escalade,0.500000,seats,reddit,owned_one_td_other,reddit_19cggcn_kiyup6p,resp_477d53810a119052,reddit_19cggcn,winner,https://old.reddit.com/r/infiniti/comments/19cggcn/should_i_go_with_q7_telluride_or_qx60/,pass_7
dq75,Infiniti QX80,Chevrolet Tahoe,0.500000,seats,reddit,owned_one_td_other,reddit_19cggcn_kiyup6p,resp_477d53810a119052,reddit_19cggcn,winner,https://old.reddit.com/r/infiniti/comments/19cggcn/should_i_go_with_q7_telluride_or_qx60/,pass_7
xf5z,GMC Yukon,Toyota Sequoia,1.000000,ride,reddit,owned_both,reddit_1exxvun_lo72gpk,resp_a240453127027ba4,reddit_1exxvun,winner,https://old.reddit.com/r/gmc/comments/1exxvun/looking_at_2025_gmc_yukon_denali_thoughts/,pass_7
v5yh,GMC Yukon,Range Rover,1.000000,ride,reddit,owned_both,reddit_147e881_jnzfc9y,resp_01c774d1f5e6eb69,reddit_147e881,winner,https://old.reddit.com/r/gmc/comments/147e881/lexus_to_gmc/,pass_7
qe3a,GMC Yukon,Toyota Sequoia,1.000000,overall,reddit,owned_one_td_other,reddit_147e881_jnxx1lz,resp_1c809d7fa0636b86,reddit_147e881,winner,https://old.reddit.com/r/gmc/comments/147e881/lexus_to_gmc/,pass_7
c85g,GMC Yukon,Lexus GX,1.000000,seats,reddit,owned_one_td_other,reddit_147e881_jny07m0,resp_8d9f385269c302bb,reddit_147e881,winner,https://old.reddit.com/r/gmc/comments/147e881/lexus_to_gmc/,pass_7
tp5u,Cadillac Escalade,Chevrolet Tahoe,1.000000,overall,edmunds,owned_both,stmt_8584a5564c15b68c,resp_8584a5564c15b68c,thread_972f79dfbaff29b1,neutral,https://www.edmunds.com/cadillac/escalade/2024/suv/consumer-reviews/,pass_7
sp4e,Chevrolet Tahoe,Toyota Sequoia,1.000000,nvh,edmunds,test_drove_both,stmt_ac7981b4007a968e,resp_ac7981b4007a968e,thread_6e70ad8f804f0091,neutral,https://www.edmunds.com/toyota/sequoia/2023/suv/consumer-reviews/,pass_7
dsc8,Range Rover,Toyota Sequoia,1.000000,seats,cars.com,owned_both,stmt_81b042b3451d47b7,resp_81b042b3451d47b7,thread_b5d99451427f3fcd,neutral,https://www.cars.com/research/toyota-sequoia-2023/consumer-reviews/,pass_7
r3n8,GMC Yukon,Lexus GX,1.000000,ride,cars.com,owned_both,stmt_1b7c981909d3c769,resp_1b7c981909d3c769,thread_9b005e72be6af448,neutral,https://www.cars.com/research/gmc-yukon-2021/consumer-reviews/,pass_7
kaz7,Lexus RX,Lexus GX 550,1.000000,ride,reddit,test_drove_both,reddit_1f8f4p0_lleadke,resp_21729d9d492d05cf,reddit_1f8f4p0,loser,https://old.reddit.com/r/LexusGX/comments/1f8f4p0/is_a_gx_for_me/,pass_7
egj2,GMC Yukon,Cadillac Escalade,1.000000,ride,edmunds,owned_both,stmt_0cb0343a4357d2aa,resp_0cb0343a4357d2aa,thread_d22b3e31cbb86cee,neutral,https://www.edmunds.com/gmc/yukon/2021/st-401854246/consumer-reviews/,pass_7
px2e,Rivian R1S,Tesla Model X,1.000000,nvh,reddit,owned_both,reddit_1l0h94p_post,resp_005967e91d911602,reddit_1l0h94p,winner,https://old.reddit.com/r/Rivian/comments/1l0h94p/switched_from_tesla_x_to_r1s_detailed_comparison/,pass_7
t6vw,Rivian R1S,Tesla Model X,1.000000,seats,reddit,owned_both,reddit_1l0h94p_mvikprr,resp_36c7b6cec9d28c1d,reddit_1l0h94p,winner,https://old.reddit.com/r/Rivian/comments/1l0h94p/switched_from_tesla_x_to_r1s_detailed_comparison/,pass_7
u5nk,Range Rover Sport,Land Rover Defender,1.000000,ride,reddit,owned_both,reddit_1lbjadj_mxtifmk,resp_44558d3550f5667b,reddit_1lbjadj,winner,https://old.reddit.com/r/RangeRover/comments/1lbjadj/strugglingrr_vs_defender/,pass_7
ynz3,Range Rover,Land Rover Defender,1.000000,nvh,reddit,owned_one_td_other,reddit_1lbjadj_nh9ygxb,resp_60d344b99c1f0e4d,reddit_1lbjadj,winner,https://old.reddit.com/r/RangeRover/comments/1lbjadj/strugglingrr_vs_defender/,pass_7
e7cy,Range Rover,Land Rover Defender,1.000000,ride,reddit,owned_both,reddit_1lbjadj_mxt8oyv,resp_9c672117091ff3b7,reddit_1lbjadj,winner,https://old.reddit.com/r/RangeRover/comments/1lbjadj/strugglingrr_vs_defender/,pass_7
v4rk,Range Rover,Land Rover Defender,1.000000,overall,reddit,owned_one_loaner,reddit_1lbjadj_mxu0mez,resp_e2b899a305748439,reddit_1lbjadj,winner,https://old.reddit.com/r/RangeRover/comments/1lbjadj/strugglingrr_vs_defender/,pass_7
csp4,Range Rover,Land Rover Defender,1.000000,ride,reddit,owned_both,reddit_1lbjadj_mxxqnmf,resp_982937529cc36597,reddit_1lbjadj,winner,https://old.reddit.com/r/RangeRover/comments/1lbjadj/strugglingrr_vs_defender/,pass_7
ppr9,Range Rover Sport,Land Rover Defender,1.000000,nvh,reddit,owned_both,reddit_1lbjadj_mxt9nlg,resp_c01573ace4042858,reddit_1lbjadj,winner,https://old.reddit.com/r/RangeRover/comments/1lbjadj/strugglingrr_vs_defender/,pass_7
a8kk,Audi Q5,Genesis GV70,1.000000,ride,reddit,owned_one_rode_other,reddit_1s7e8j5_odaq8m2,resp_720c41e6313b78f5,reddit_1s7e8j5,winner,https://old.reddit.com/r/AudiQ5/comments/1s7e8j5/anyone_cross_shop_the_gv70/,pass_7
g536,Porsche Cayenne,Mercedes GLE AMG,1.000000,overall,reddit,owned_one_td_other,reddit_1nl126k_nf34b7z,resp_8b7fbb8dda818017,reddit_1nl126k,winner,https://old.reddit.com/r/PorscheCayenne/comments/1nl126k/cayenne_or_x5/,pass_7
h238,BMW X5,Porsche Cayenne,1.000000,overall,reddit,owned_both,reddit_1nl126k_nf7vy15,resp_0942db179b0d70f2,reddit_1nl126k,loser,https://old.reddit.com/r/PorscheCayenne/comments/1nl126k/cayenne_or_x5/,pass_7
q4w8,Porsche Cayenne,BMW X5,1.000000,overall,reddit,owned_both,reddit_1nl126k_nf9rfs7,resp_70a1bb62d8a996be,reddit_1nl126k,winner,https://old.reddit.com/r/PorscheCayenne/comments/1nl126k/cayenne_or_x5/,pass_7
tpe8,BMW X7,Porsche Cayenne,1.000000,ride,reddit,owned_both,reddit_1nl126k_nfwqq6r,resp_b4a76e755ab5d967,reddit_1nl126k,loser,https://old.reddit.com/r/PorscheCayenne/comments/1nl126k/cayenne_or_x5/,pass_7
u23t,BMW X5,Porsche Cayenne,1.000000,ride,reddit,owned_both,reddit_1nl126k_nf8reo0,resp_50b6c349eb0dbb80,reddit_1nl126k,loser,https://old.reddit.com/r/PorscheCayenne/comments/1nl126k/cayenne_or_x5/,pass_7
tt82,Mercedes GLE,BMW X5,0.500000,ride,reddit,test_drove_both,reddit_1d5xb30_l6pywoh,resp_1f9c5d4b98fa7337,reddit_1d5xb30,loser,https://old.reddit.com/r/BMWX5/comments/1d5xb30/bmw_x5_vs_mercedesbenz_gle_owner_feedback_needed/,pass_7
bhg5,Mercedes GLE,Porsche Cayenne,0.500000,ride,reddit,test_drove_both,reddit_1d5xb30_l6pywoh,resp_1f9c5d4b98fa7337,reddit_1d5xb30,other,https://old.reddit.com/r/BMWX5/comments/1d5xb30/bmw_x5_vs_mercedesbenz_gle_owner_feedback_needed/,pass_7
csm9,Mercedes GLE,BMW X5,1.000000,ride,reddit,owned_both,reddit_1d5xb30_l6p3y1e,resp_70213b21488b8c4b,reddit_1d5xb30,loser,https://old.reddit.com/r/BMWX5/comments/1d5xb30/bmw_x5_vs_mercedesbenz_gle_owner_feedback_needed/,pass_7
k2gz,Mercedes GLE,BMW X5,1.000000,ride,reddit,owned_one_td_other,reddit_1d5xb30_l6sy4dq,resp_c9e44dbf05303dd6,reddit_1d5xb30,loser,https://old.reddit.com/r/BMWX5/comments/1d5xb30/bmw_x5_vs_mercedesbenz_gle_owner_feedback_needed/,pass_7
kz5e,BMW X5,Mercedes GLE,1.000000,seats,reddit,owned_both,reddit_1d5xb30_l6vi2g8,resp_ec97650d350548c5,reddit_1d5xb30,winner,https://old.reddit.com/r/BMWX5/comments/1d5xb30/bmw_x5_vs_mercedesbenz_gle_owner_feedback_needed/,pass_7
fgy4,BMW X5,Porsche Cayenne,1.000000,overall,reddit,owned_one_td_other,reddit_1d5xb30_l6ouhlc,resp_e782974e4996d776,reddit_1d5xb30,winner,https://old.reddit.com/r/BMWX5/comments/1d5xb30/bmw_x5_vs_mercedesbenz_gle_owner_feedback_needed/,pass_7
nt52,Mercedes GLE,BMW X5,0.333333,ride,reddit,test_drove_both,reddit_h7s402_fupkog2,resp_d95c6bb89844c80a,reddit_h7s402,other,https://old.reddit.com/r/GrandCherokee/comments/h7s402/officially_joined_the_jeep_club_its_a_2018_grand/,pass_7
pe4z,Mercedes GLE,Jeep Grand Cherokee,0.333333,ride,reddit,owned_one_td_other,reddit_h7s402_fupkog2,resp_d95c6bb89844c80a,reddit_h7s402,loser,https://old.reddit.com/r/GrandCherokee/comments/h7s402/officially_joined_the_jeep_club_its_a_2018_grand/,pass_7
g36p,Jeep Grand Cherokee,BMW X5,0.333333,ride,reddit,owned_one_td_other,reddit_h7s402_fupkog2,resp_d95c6bb89844c80a,reddit_h7s402,winner,https://old.reddit.com/r/GrandCherokee/comments/h7s402/officially_joined_the_jeep_club_its_a_2018_grand/,pass_7
zwc6,Subaru Outback,Subaru Crosstrek,1.000000,seats,reddit,test_drove_both,reddit_1i4q03v_post,resp_6d78e8db0945369b,reddit_1i4q03v,other,https://old.reddit.com/r/subaru/comments/1i4q03v/,pass_7
qp57,Subaru Outback,Subaru Crosstrek,1.000000,seats,reddit,owned_both,reddit_1i4q03v_m7xeq8f,resp_f784d1fa75d1b100,reddit_1i4q03v,other,https://old.reddit.com/r/subaru/comments/1i4q03v/,pass_7
u56y,Subaru Outback,Subaru Crosstrek,1.000000,ride,reddit,owned_both,reddit_1c39ai2_kzgp9r2,resp_57d851f6532fd5c7,reddit_1c39ai2,winner,https://old.reddit.com/r/Subaru_Outback/comments/1c39ai2/,pass_7
bk6n,Subaru Outback,Subaru Crosstrek,1.000000,ride,reddit,owned_both,reddit_1c39ai2_kzg7o22,resp_36cdd20df02fa8fd,reddit_1c39ai2,winner,https://old.reddit.com/r/Subaru_Outback/comments/1c39ai2/,pass_7
cn8t,Cadillac XT6,Cadillac XT5,1.000000,ride,reddit,owned_one_td_other,reddit_1g6gdj8_lspult0,resp_4f3a0b49e6ea9cc6,reddit_1g6gdj8,other,https://old.reddit.com/r/Cadillac/comments/1g6gdj8/,pass_7
bwm5,Tesla Model X,Tesla Model Y,1.000000,ride,reddit,owned_both,reddit_1f9hi56_lllmdni,resp_5143e2415ff11457,reddit_1f9hi56,winner,https://old.reddit.com/r/ModelX/comments/1f9hi56/,pass_7
gr8w,Tesla Model X,Tesla Model Y,1.000000,nvh,reddit,owned_both,reddit_1f9hi56_lln7lsq,resp_f6b8b3338767f8c0,reddit_1f9hi56,winner,https://old.reddit.com/r/ModelX/comments/1f9hi56/,pass_7
czk8,Tesla Model X,Tesla Model Y,1.000000,ride,reddit,owned_both,reddit_17098f6_l07ni20,resp_ca474903f2d540d3,reddit_17098f6,winner,https://old.reddit.com/r/TeslaModelX/comments/17098f6/,pass_7
drx4,Tesla Model X,Tesla Model Y,1.000000,nvh,reddit,owned_both,reddit_17098f6_lj55niw,resp_09f8573e6e1e1d6a,reddit_17098f6,winner,https://old.reddit.com/r/TeslaModelX/comments/17098f6/,pass_7
cmy5,Lincoln Corsair,Volvo XC60,1.000000,overall,reddit,owned_one_td_other,reddit_1evcups_liqmckc,resp_f35fd9051d61bb84,reddit_1evcups,winner,https://old.reddit.com/r/lincolnmotorco/comments/1evcups/,pass_7
zxu2,Nissan Murano,Nissan Pathfinder,1.000000,nvh,reddit,owned_both,reddit_1nfzc56_neai6ts,resp_c05f2c528af5c4ec,reddit_1nfzc56,loser,https://old.reddit.com/r/nissanpathfinder/comments/1nfzc56/,pass_7
h6k9,Nissan Murano,Nissan Pathfinder,1.000000,nvh,reddit,owned_both,reddit_1nfzc56_ne0aceg,resp_ecdce7b0ca19fba3,reddit_1nfzc56,loser,https://old.reddit.com/r/nissanpathfinder/comments/1nfzc56/,pass_7
hgd3,Nissan Pathfinder,Nissan Murano,1.000000,ride,reddit,test_drove_both,reddit_1nfzc56_ne0axiq,resp_e1044de1779cf779,reddit_1nfzc56,winner,https://old.reddit.com/r/nissanpathfinder/comments/1nfzc56/,pass_7
c3nc,Volkswagen Tiguan,Mazda CX-5,1.000000,seats,reddit,owned_both,reddit_1hugfq3_m5lkuml,resp_178f9f5e7fe6154e,reddit_1hugfq3,loser,https://old.reddit.com/r/CX5/comments/1hugfq3/,pass_7
y6nr,Lexus NX,Mazda CX-5,1.000000,ride,reddit,owned_both,reddit_1hugfq3_m5l3vuo,resp_066998adece56ff7,reddit_1hugfq3,loser,https://old.reddit.com/r/CX5/comments/1hugfq3/,pass_7
u52r,Subaru Outback,Subaru Forester,1.000000,nvh,reddit,test_drove_both,reddit_147hma8_post,resp_579f74e958cbf61b,reddit_147hma8,loser,https://old.reddit.com/r/SubaruForester/comments/147hma8/,pass_7
kx75,Honda CR-V,Subaru Forester,1.000000,nvh,reddit,owned_one_td_other,reddit_147hma8_l2y0p4t,resp_579f74e958cbf61b,reddit_147hma8,loser,https://old.reddit.com/r/SubaruForester/comments/147hma8/,pass_7
uap3,Subaru Forester,Subaru Crosstrek,1.000000,seats,reddit,owned_one_loaner,reddit_1jh8ssj_post,resp_a26604dfc3b768c7,reddit_1jh8ssj,winner,https://old.reddit.com/r/SubaruForester/comments/1jh8ssj/,pass_7
bdj8,Subaru Forester,Subaru Crosstrek,1.000000,seats,reddit,owned_both,reddit_1jh8ssj_mj8796a,resp_c3f7d21f2a4e13b6,reddit_1jh8ssj,winner,https://old.reddit.com/r/SubaruForester/comments/1jh8ssj/,pass_7
y697,BMW X1,BMW X3,1.000000,seats,reddit,test_drove_both,reddit_1oaw3u6_nkh49e7,resp_ff44b8cf601697ce,reddit_1oaw3u6,other,https://old.reddit.com/r/BMW/comments/1oaw3u6/am_i_crazy_for_preferring_the_x1_over_the_x3/,pass_7
q7ty,Kia Telluride,Toyota RAV4,0.500000,ride,reddit,owned_both,reddit_1nuxprr_nh6fne9,resp_26a085ecdc116ac6,reddit_1nuxprr,neutral,https://old.reddit.com/r/whatcarshouldIbuy/comments/1nuxprr/,pass_7
x297,Volvo XC90,Tesla Model Y,1.000000,ride,reddit,test_drove_both,reddit_1nuxprr_nh4vvq1,resp_2e42f0fbc82f7796,reddit_1nuxprr,neutral,https://old.reddit.com/r/whatcarshouldIbuy/comments/1nuxprr/,pass_7
c2sv,Mazda CX-90,Kia Telluride,1.000000,nvh,reddit,owned_both,reddit_1kfrrmx_ms4df0z,resp_e2248dc44038147e,reddit_1kfrrmx,winner,https://old.reddit.com/r/MazdaCX90/comments/1kfrrmx/,pass_7
y2ug,Honda Pilot,Mazda CX-90,1.000000,seats,reddit,owned_both,reddit_1sfskcv_post,resp_3ebf726cd5a51c4d,reddit_1sfskcv,loser,https://old.reddit.com/r/MazdaCX90/comments/1sfskcv/,pass_7
t5ys,Honda Pilot,Jeep Grand Cherokee L,1.000000,nvh,reddit,test_drove_both,reddit_1eo2jf4_post,resp_b3ec1a894ef38707,reddit_1eo2jf4,neutral,https://old.reddit.com/r/whatcarshouldIbuy/comments/1eo2jf4/,pass_7
qp66,Hyundai Palisade,Buick Enclave,1.000000,nvh,reddit,owned_one_td_other,reddit_1qnmumv_o24wpk4,resp_c6566ea7566cd89b,reddit_1qnmumv,winner,https://old.reddit.com/r/HyundaiPalisade/comments/1qnmumv/,pass_7
kk23,Hyundai Palisade,Kia Telluride,1.000000,overall,reddit,owned_one_td_other,reddit_1qnmumv_o1uv7am,resp_1533244192ba07d1,reddit_1qnmumv,winner,https://old.reddit.com/r/HyundaiPalisade/comments/1qnmumv/,pass_7
j6ta,Hyundai Palisade,Kia Telluride,1.000000,ride,reddit,owned_one_td_other,reddit_1qnmumv_o1v4suf,resp_3c6a88afd44535dc,reddit_1qnmumv,winner,https://old.reddit.com/r/HyundaiPalisade/comments/1qnmumv/,pass_7
yxe3,Kia Telluride,Mazda CX-90,1.000000,seats,reddit,owned_both,reddit_1b3m4ym_kstax2y,resp_50144444b1ec82ec,reddit_1b3m4ym,loser,https://old.reddit.com/r/MazdaCX90/comments/1b3m4ym/,pass_7
h9jh,Kia Telluride,Toyota 4Runner,0.500000,ride,reddit,owned_both,reddit_1nuxprr_nh6fne9,resp_26a085ecdc116ac6,reddit_1nuxprr,neutral,https://old.reddit.com/r/whatcarshouldIbuy/comments/1nuxprr/,pass_7
rv98,Toyota Grand Highlander,Honda Pilot,0.500000,ride,reddit,owned_one_td_other,reddit_1nuxprr_nh7qo7h,resp_8820aec5cfd54931,reddit_1nuxprr,neutral,https://old.reddit.com/r/whatcarshouldIbuy/comments/1nuxprr/,pass_7
ds7n,Hyundai Palisade,Honda Pilot,0.500000,ride,reddit,test_drove_both,reddit_1nuxprr_nh7qo7h,resp_8820aec5cfd54931,reddit_1nuxprr,neutral,https://old.reddit.com/r/whatcarshouldIbuy/comments/1nuxprr/,pass_7
as4g,Kia Telluride,Hyundai Palisade,1.000000,nvh,reddit,test_drove_both,reddit_1bxjwf1_kydklry,resp_b6154a1060a4aedb,reddit_1bxjwf1,winner,https://old.reddit.com/r/KiaTelluride/comments/1bxjwf1/,pass_7
e3d3,Cadillac XT6,Cadillac XT5,1.000000,ride,reddit,owned_one_family,reddit_1kcyjbi_mq6ldll,resp_e2a737442b5e4d82,reddit_1kcyjbi,other,https://old.reddit.com/r/Cadillac/comments/1kcyjbi/,pass_7
b8bk,Ford Explorer,Toyota RAV4,1.000000,nvh,reddit,owned_one_td_other,reddit_1d9nkja_l7i7jcu,resp_8d0e3452dbd68644,reddit_1d9nkja,winner,https://old.reddit.com/r/FordExplorer/comments/1d9nkja/,pass_7
q365,Ford Explorer,Toyota 4Runner,1.000000,ride,reddit,owned_both,reddit_1gkxc16_lvp6xrj,resp_19b5a7d76687f79c,reddit_1gkxc16,winner,https://old.reddit.com/r/FordExplorer/comments/1gkxc16/,pass_7
d5t3,Hyundai Palisade,Honda Pilot,1.000000,seats,reddit,owned_one_td_other,reddit_1dbtze4_l7tesxl,resp_1621492d69a4561a,reddit_1dbtze4,winner,https://old.reddit.com/r/HyundaiPalisade/comments/1dbtze4/,pass_7
s4a3,Honda Pilot,Hyundai Palisade,1.000000,ride,reddit,owned_one_td_other,reddit_1dbtze4_l7ujmip,resp_039513b84a624eed,reddit_1dbtze4,loser,https://old.reddit.com/r/HyundaiPalisade/comments/1dbtze4/,pass_7
utg4,Mazda CX-5,Mazda CX-90,1.000000,ride,reddit,owned_one_loaner,reddit_1o0tu29_niccwjx,resp_d12915bb5dcb11a8,reddit_1o0tu29,loser,https://old.reddit.com/r/MazdaCX90/comments/1o0tu29/,pass_7
t4uj,Honda Passport,Honda Pilot,1.000000,ride,reddit,owned_one_family,reddit_1ijkoj6_mbezmvn,resp_92f6dcddeff650d0,reddit_1ijkoj6,winner,https://old.reddit.com/r/hondapassport/comments/1ijkoj6/,pass_7
d7ex,Ford Explorer,Toyota Highlander,1.000000,overall,edmunds,owned_one_td_other,stmt_63e43f77105e4816,resp_63e43f77105e4816,thread_26f157d48cea4ae2,neutral,https://www.edmunds.com/ford/explorer/2018/st-401727169/consumer-reviews/,pass_7
bfv8,Toyota Highlander,Ford Explorer,1.000000,ride,cars.com,owned_one_td_other,stmt_720f23a9d8bb1368,resp_720f23a9d8bb1368,thread_366605614157dcda,neutral,https://www.cars.com/research/toyota-highlander-2020/consumer-reviews/?page=10,pass_7
zkc5,Buick Enclave,Kia Telluride,0.500000,ride,edmunds,owned_one_td_other,stmt_6a97efe584873b4d,resp_6a97efe584873b4d,thread_cbeb8546f0c59446,neutral,https://www.edmunds.com/buick/enclave/2022/suv/consumer-reviews/,pass_7
jpa9,Buick Enclave,Hyundai Palisade,0.500000,ride,edmunds,owned_one_td_other,stmt_6a97efe584873b4d,resp_6a97efe584873b4d,thread_cbeb8546f0c59446,neutral,https://www.edmunds.com/buick/enclave/2022/suv/consumer-reviews/,pass_7
y3df,Mazda CX-9,Honda Pilot,1.000000,seats,edmunds,owned_both,stmt_165409affb1c8f51,resp_165409affb1c8f51,thread_786d396e746aebb2,neutral,https://www.edmunds.com/mazda/cx-9/2018/st-401736795/consumer-reviews/,pass_7
p939,Mazda CX-9,Toyota Highlander,0.500000,seats,edmunds,owned_one_td_other,stmt_7531f6702d644539,resp_7531f6702d644539,thread_786d396e746aebb2,neutral,https://www.edmunds.com/mazda/cx-9/2018/st-401736795/consumer-reviews/,pass_7
h7zh,Mazda CX-9,Nissan Pathfinder,0.500000,seats,edmunds,owned_one_td_other,stmt_7531f6702d644539,resp_7531f6702d644539,thread_786d396e746aebb2,neutral,https://www.edmunds.com/mazda/cx-9/2018/st-401736795/consumer-reviews/,pass_7
nqc3,Cadillac Escalade IQ,Tesla Model X,1.000000,overall,reddit,owned_one_td_other,reddit_1qp9m1z_post,resp_b69d803ebe742440,reddit_1qp9m1z,neutral,https://old.reddit.com/r/TeslaFSD/comments/1qp9m1z/mx_hw3_fsd_vs_escalade_iq_blue_cruise/,pass_8
kg8w,Cadillac Escalade IQ,Tesla Model X,1.000000,nvh,reddit,owned_both,reddit_1uk1si1_ov935wl,resp_62e7ae5b04dc4149,reddit_1uk1si1,winner,https://old.reddit.com/r/Cadillac/comments/1uk1si1/any_regrets_buying_cadillac_ev_lyric_or_vistiq_or/,pass_8
m5tx,Cadillac Escalade IQ,Cadillac Escalade,1.000000,nvh,reddit,owned_both,reddit_1q4ycd0_nxygfk9,resp_21977ac5bf0f5ae4,reddit_1q4ycd0,other,https://old.reddit.com/r/Cadillac/comments/1q4ycd0/help_me_choose_should_i_make_the_change/,pass_8
r3ab,Cadillac Escalade IQ,Tesla Model X,1.000000,overall,reddit,owned_both,reddit_1q4ycd0_nxxj8su,resp_62e7ae5b04dc4149,reddit_1q4ycd0,winner,https://old.reddit.com/r/Cadillac/comments/1q4ycd0/help_me_choose_should_i_make_the_change/,pass_8
p4fc,Mercedes GLE AMG,BMW X5,1.000000,ride,reddit,owned_both,reddit_q1gbok_post,resp_871adfb37f6c285b,reddit_q1gbok,winner,https://old.reddit.com/r/AMG/comments/q1gbok/thoughts_on_21_amg_gle_53_after_2k_miles/,pass_8
p9gr,Mercedes GLS,Mercedes GLE AMG,1.000000,seats,reddit,owned_one_family,reddit_q1gbok_lg3xm3i,resp_61588319785c0987,reddit_q1gbok,other,https://old.reddit.com/r/AMG/comments/q1gbok/thoughts_on_21_amg_gle_53_after_2k_miles/,pass_8
gq5z,BMW X5,Mercedes GLE,1.000000,ride,reddit,owned_one_td_other,reddit_1gmd80r_lw6t075,resp_27da2ff6b4d26cb4,reddit_1gmd80r,loser,https://old.reddit.com/r/AMG/comments/1gmd80r/is_the_gle53_comfortable_as_a_daily/,pass_8
xen5,Lexus GX,Toyota Land Cruiser,1.000000,ride,reddit,owned_one_td_other,reddit_1ldxrlw_post,resp_d38c1d4efc44123a,reddit_1ldxrlw,winner,https://old.reddit.com/r/LexusGX/comments/1ldxrlw/2025_land_cruiser_driving_impressions/,pass_8
h4pt,Toyota 4Runner,Toyota Land Cruiser,1.000000,nvh,reddit,owned_both,reddit_1ldxrlw_mytpnt3,resp_1ab99395b0f61c9f,reddit_1ldxrlw,other,https://old.reddit.com/r/LexusGX/comments/1ldxrlw/2025_land_cruiser_driving_impressions/,pass_8
hj76,Toyota Land Cruiser,Toyota 4Runner,1.000000,ride,reddit,test_drove_both,reddit_1jtlzj8_post,resp_b3df26fd182cec5c,reddit_1jtlzj8,loser,https://old.reddit.com/r/4Runner/comments/1jtlzj8/5th_gen_vs_6th_gen_feels_more_solid_is_quieter/,pass_8
y8sv,Lexus LX,Toyota Sequoia,1.000000,overall,reddit,owned_both,reddit_1qmwkdb_o1plmiq,resp_d9c6b196569e26fd,reddit_1qmwkdb,other,https://old.reddit.com/r/LandCruisers/comments/1qmwkdb/lexus_bias_aside_sequoia_vs_lx_570_for_longterm/,pass_8
e6ff,Lexus LX,Toyota Land Cruiser,1.000000,overall,reddit,owned_one_td_other,reddit_1qmwkdb_o6i1a3j,resp_bef75f2fb76a5518,reddit_1qmwkdb,loser,https://old.reddit.com/r/LandCruisers/comments/1qmwkdb/lexus_bias_aside_sequoia_vs_lx_570_for_longterm/,pass_8
ppw3,GMC Yukon,Toyota Sequoia,1.000000,long_trip,reddit,owned_both,reddit_1dd292x_l82l2nh,resp_8358bd317e580f21,reddit_1dd292x,winner,https://old.reddit.com/r/gmc/comments/1dd292x/if_you_own_a_newer_yukon/,pass_8
av5z,GMC Yukon,Chevrolet Tahoe,1.000000,nvh,reddit,owned_both,reddit_1qvx1jp_o3n8jxp,resp_4e1a6fb1f4437608,reddit_1qvx1jp,winner,https://old.reddit.com/r/gmc/comments/1qvx1jp/2526_yukon_over_suburbantahoe/,pass_8
x3fn,Range Rover,Land Rover Defender,1.000000,ride,reddit,owned_both,reddit_1sxe4iu_oimjopz,resp_f48574bef7853ccc,reddit_1sxe4iu,loser,https://old.reddit.com/r/NewDefender/comments/1sxe4iu/talk_me_out_of_trading_for_a_range_rover/,pass_8
s6pu,Land Rover Defender,Porsche Cayenne,1.000000,ride,reddit,owned_both,reddit_1l0ca6p_mvd4bfm,resp_d10f1f5314618eba,reddit_1l0ca6p,loser,https://old.reddit.com/r/PorscheCayenne/comments/1l0ca6p/to_much_road_feel/,pass_8
s4kp,Range Rover,Porsche Cayenne,1.000000,ride,reddit,owned_one_td_other,reddit_1l0ca6p_mw1f100,resp_84e211b0f8b68d04,reddit_1l0ca6p,loser,https://old.reddit.com/r/PorscheCayenne/comments/1l0ca6p/to_much_road_feel/,pass_8
y4g6,Mercedes GLE,Porsche Cayenne,1.000000,overall,reddit,owned_both,reddit_1klp3nw_ms4cxij,resp_3ece0abbf2b4776b,reddit_1klp3nw,loser,https://old.reddit.com/r/PorscheCayenne/comments/1klp3nw/new_cayenne_inquiry/,pass_8
f2u2,Land Rover Defender,Porsche Cayenne,1.000000,ride,reddit,owned_both,reddit_1k3aj8k_mq5kddp,resp_60d344b99c1f0e4d,reddit_1k3aj8k,winner,https://old.reddit.com/r/NewDefender/comments/1k3aj8k/defender_110_p400_or_cayenne_both_2_3_year_old_cpo/,pass_8
rx27,Jeep Grand Cherokee,BMW X5,1.000000,ride,reddit,owned_both,reddit_1fl49bf_lo0bl0z,resp_292881a7f893b0fd,reddit_1fl49bf,winner,https://old.reddit.com/r/GrandCherokee/comments/1fl49bf/best_2024_jeep_grand_cherokee_trim/,pass_8
d4wb,BMW X5,Tesla Model Y,1.000000,ride,reddit,owned_one_rode_other,reddit_qfeff6_hhz9kth,resp_ea2f92f12d8fe62d,reddit_qfeff6,loser,https://old.reddit.com/r/ModelY/comments/qfeff6/been_watching_a_lot_of_reviews_lately_and_it/,pass_8
p5sz,Jeep Grand Cherokee,Tesla Model Y,1.000000,overall,reddit,owned_both,reddit_qfeff6_hhza7fv,resp_f97b304004615431,reddit_qfeff6,loser,https://old.reddit.com/r/ModelY/comments/qfeff6/been_watching_a_lot_of_reviews_lately_and_it/,pass_8
d6mz,Land Rover Defender,Rivian R1S,1.000000,ride,reddit,owned_one_td_other,reddit_1k2wct8_post,resp_d658eef92c611c42,reddit_1k2wct8,loser,https://old.reddit.com/r/Rivian/comments/1k2wct8/took_a_test_drive_of_an_r1s_at_rivian_3_days_ago/,pass_8
fmy7,BMW X5,Rivian R1S,1.000000,ride,reddit,owned_one_td_other,reddit_15jtz7v_post,resp_714fc42f7e506ac5,reddit_15jtz7v,loser,https://old.reddit.com/r/Rivian/comments/15jtz7v/very_conflicted_after_test_driving_the_r1s_coming/,pass_8
ux26,BMW iX,Rivian R1S,1.000000,ride,reddit,owned_both,reddit_15jtz7v_jv3g0g3,resp_11675593c3f9f2d0,reddit_15jtz7v,loser,https://old.reddit.com/r/Rivian/comments/15jtz7v/very_conflicted_after_test_driving_the_r1s_coming/,pass_8
r3eu,Porsche Macan,Audi Q5,1.000000,ride,reddit,owned_one_td_other,reddit_10j5q4y_j5lri8d,resp_e1c1598dec115f52,reddit_10j5q4y,winner,https://old.reddit.com/r/Porsche/comments/10j5q4y/macan_vs_audi_q5/,pass_8
c5nh,Land Rover Defender,Lexus GX 550,1.000000,ride,reddit,owned_one_td_other,reddit_1qsxes3_o2z2pyx,resp_01757b1164c373a5,reddit_1qsxes3,winner,https://old.reddit.com/r/NewDefender/comments/1qsxes3/gx550_v_defender/,pass_8
b4sx,Volkswagen Tiguan,Honda CR-V,1.000000,overall,reddit,owned_both,reddit_1jmstjk_mkfui7q,resp_ea3cd35ce65833b3,reddit_1jmstjk,winner,https://old.reddit.com/r/Tiguan/comments/1jmstjk/crv_to_a_tiguan/,pass_8
nt9a,Volkswagen Tiguan,Toyota RAV4,1.000000,nvh,reddit,owned_both,reddit_1qh9gy8_o0iw9xy,resp_d091e8407d6976a6,reddit_1qh9gy8,winner,https://old.reddit.com/r/Tiguan/comments/1qh9gy8/tiguan_vs_rav4_similar_sizes_different_priorities/,pass_8
yta9,Volkswagen Tiguan,Mazda CX-5,1.000000,nvh,reddit,owned_both,reddit_mahom5_grsg4us,resp_cdad069dab483247,reddit_mahom5,winner,https://old.reddit.com/r/Tiguan/comments/mahom5/help_me_decide_tiguan_2021_vs_cx5_2021/,pass_8
h6c4,Toyota Venza,Toyota RAV4,1.000000,overall,reddit,owned_both,reddit_10nmo6u_j6a38p1,resp_607b249749a11eb3,reddit_10nmo6u,winner,https://old.reddit.com/r/Toyotavenza/comments/10nmo6u/venza_vs_rav_4/,pass_8
wsa7,Toyota Venza,Toyota RAV4,1.000000,nvh,reddit,owned_both,reddit_1aun8m5_kr4u1sn,resp_ad15880c3d623317,reddit_1aun8m5,winner,https://old.reddit.com/r/Toyotavenza/comments/1aun8m5/new_venza_vs_rav4_wind_and_road_noise_looking_for/,pass_8
bp9e,Lincoln Nautilus,Lincoln Corsair,1.000000,ride,reddit,owned_both,reddit_1gq264h_lxjn0sj,resp_3e42bd7cd32dfc54,reddit_1gq264h,other,https://old.reddit.com/r/lincolnmotorco/comments/1gq264h/corsair_or_nautilus/,pass_8
tdu3,Mercedes GLC,BMW X3,1.000000,overall,reddit,owned_one_td_other,reddit_1kkr71z_mrwu3fd,resp_0a0f69e486e56b66,reddit_1kkr71z,winner,https://old.reddit.com/r/mercedes_benz/comments/1kkr71z/considering_a_glc_300/,pass_8
v44q,Honda CR-V,Subaru Crosstrek,1.000000,nvh,reddit,owned_both,reddit_1lmq794_n09dx85,resp_ccfac72f74eee079,reddit_1lmq794,loser,https://old.reddit.com/r/Crosstrek/comments/1lmq794/help_me_decide_2025_subaru_crosstrek_or_honda_crv/,pass_8
b3b4,Subaru Crosstrek,Subaru Forester,1.000000,nvh,reddit,test_drove_both,reddit_1lmq794_n09ku6v,resp_ccfac72f74eee079,reddit_1lmq794,winner,https://old.reddit.com/r/Crosstrek/comments/1lmq794/help_me_decide_2025_subaru_crosstrek_or_honda_crv/,pass_8
t8rw,BMW X3,BMW X1,1.000000,ride,reddit,owned_one_td_other,reddit_1nwbf3b_nheqpgd,resp_f334445420a13d18,reddit_1nwbf3b,other,https://old.reddit.com/r/BMW/comments/1nwbf3b/why_does_everybody_hate_on_the_x1_here/,pass_8
h9y8,BMW X5,BMW X1,0.500000,seats,reddit,owned_one_loaner,reddit_1o3hj8w_nj31ja3,resp_3c3d49f47db7c7c9,reddit_1o3hj8w,other,https://old.reddit.com/r/BMW/comments/1o3hj8w/which_bmw_suv_is_better_x1_x3_or_x5/,pass_8
rgp7,BMW X5,BMW X3,0.500000,seats,reddit,owned_one_loaner,reddit_1o3hj8w_nj31ja3,resp_3c3d49f47db7c7c9,reddit_1o3hj8w,other,https://old.reddit.com/r/BMW/comments/1o3hj8w/which_bmw_suv_is_better_x1_x3_or_x5/,pass_8
qn4x,Subaru Outback 2026,Subaru Forester,1.000000,seats,reddit,test_drove_both,reddit_1tmcj7b_post,resp_c54ce5123ff0cdd3,reddit_1tmcj7b,other,https://old.reddit.com/r/subaru/comments/1tmcj7b/torn_between_2026_forester_and_2026_outback_tall/,pass_8
mey2,Subaru Outback,Subaru Forester,1.000000,seats,reddit,owned_both,reddit_1tmcj7b_ononwc8,resp_475470044ee07d1f,reddit_1tmcj7b,other,https://old.reddit.com/r/subaru/comments/1tmcj7b/torn_between_2026_forester_and_2026_outback_tall/,pass_8
wny8,Nissan Murano,Tesla Model X,1.000000,overall,reddit,owned_both,reddit_1urqj0j_owig73v,resp_72e5b508787f1fde,reddit_1urqj0j,winner,https://old.reddit.com/r/NissanMurano/comments/1urqj0j/convince_me_not_to_get_a_2026_murano_platinum/,pass_8
t3af,Buick Enclave,BMW X5,1.000000,ride,edmunds,owned_one_td_other,stmt_7efac20e36d57af3,resp_7efac20e36d57af3,thread_8f16b876b6f8e5de,neutral,https://www.edmunds.com/buick/enclave/2020/suv/consumer-reviews/,pass_8
snx3,Jeep Grand Cherokee L,Hyundai Palisade,0.500000,nvh,edmunds,owned_one_td_other,stmt_cef94b142ae0cd6e,resp_cef94b142ae0cd6e,thread_3d9713e89c59afbe,neutral,https://www.edmunds.com/jeep/grand-cherokee-l/2021/st-401893245/consumer-reviews/,pass_8
s8kn,Jeep Grand Cherokee L,Kia Telluride,0.500000,nvh,edmunds,owned_one_td_other,stmt_cef94b142ae0cd6e,resp_cef94b142ae0cd6e,thread_3d9713e89c59afbe,neutral,https://www.edmunds.com/jeep/grand-cherokee-l/2021/st-401893245/consumer-reviews/,pass_8
x32s,Cadillac XT5,BMW X3,1.000000,long_trip,cars.com,owned_both,stmt_040f6c57ebb823d3,resp_040f6c57ebb823d3,thread_c953fa0ea2087919,neutral,https://www.cars.com/research/cadillac-xt5-2017/consumer-reviews/?page=19,pass_8
aca7,Mercedes EQS SUV,Rivian R1S,1.000000,nvh,reddit,owned_both,reddit_16eteh0_k019kx7,resp_22f978b378cc17d6,reddit_16eteh0,loser,https://old.reddit.com/r/Rivian/comments/16eteh0/r1s_vs_eqs/,pass_8
u5ak,Subaru Crosstrek,Subaru Outback,1.000000,seats,reddit,owned_one_loaner,reddit_1iyxsyn_post,resp_6d7e00d12a7c4646,reddit_1iyxsyn,winner,https://old.reddit.com/r/Subaru_Crosstrek/comments/1iyxsyn/outback_to_crosstrek/,pass_8
aaw6,Subaru Outback,Subaru Crosstrek,1.000000,ride,reddit,owned_both,reddit_1iyxsyn_mf0x0gf,resp_f59d453988ddf6c4,reddit_1iyxsyn,loser,https://old.reddit.com/r/Subaru_Crosstrek/comments/1iyxsyn/outback_to_crosstrek/,pass_8
n6s7,Cadillac Escalade IQ,Cadillac Escalade,1.000000,ride,reddit,owned_both,reddit_1q4ycd0_nxyid5p,resp_41d45f37dcc16736,reddit_1q4ycd0,other,https://old.reddit.com/r/Cadillac/comments/1q4ycd0/help_me_choose_should_i_make_the_change/,pass_8
q83z,Range Rover,Land Rover Defender,1.000000,nvh,reddit,owned_one_td_other,reddit_1sxe4iu_oimczkk,resp_353a26f3a8746ba8,reddit_1sxe4iu,loser,https://old.reddit.com/r/NewDefender/comments/1sxe4iu/talk_me_out_of_trading_for_a_range_rover/,pass_8
md87,BMW X5,Tesla Model Y,1.000000,ride,reddit,owned_both,reddit_qfeff6_hhzj5l4,resp_9b4450e8ccacbef7,reddit_qfeff6,loser,https://old.reddit.com/r/ModelY/comments/qfeff6/been_watching_a_lot_of_reviews_lately_and_it/,pass_8
c83x,BMW X5,Tesla Model Y,1.000000,ride,reddit,owned_both,reddit_qfeff6_hi0e3mp,resp_e825ce1c4078aa7b,reddit_qfeff6,loser,https://old.reddit.com/r/ModelY/comments/qfeff6/been_watching_a_lot_of_reviews_lately_and_it/,pass_8
uqa6,Land Rover Defender,Rivian R1S,1.000000,ride,reddit,owned_both,reddit_1k2wct8_mnypkng,resp_00ed2aa2a8386d20,reddit_1k2wct8,loser,https://old.reddit.com/r/Rivian/comments/1k2wct8/took_a_test_drive_of_an_r1s_at_rivian_3_days_ago/,pass_8
prc3,BMW X5,Rivian R1S,1.000000,overall,reddit,owned_both,reddit_15jtz7v_jv1vs7f,resp_2f6a6d27e69d9574,reddit_15jtz7v,loser,https://old.reddit.com/r/Rivian/comments/15jtz7v/very_conflicted_after_test_driving_the_r1s_coming/,pass_8
b8jz,Porsche Macan,Audi Q5,1.000000,ride,reddit,owned_one_loaner,reddit_10j5q4y_kgu315t,resp_6dc43431864266a3,reddit_10j5q4y,winner,https://old.reddit.com/r/Porsche/comments/10j5q4y/macan_vs_audi_q5/,pass_8
ft3r,Land Rover Defender,Lexus GX 550,1.000000,ride,reddit,owned_one_td_other,reddit_1qsxes3_o2zn5ir,resp_7504c11b9089bed9,reddit_1qsxes3,winner,https://old.reddit.com/r/NewDefender/comments/1qsxes3/gx550_v_defender/,pass_8
nqw8,Volkswagen Tiguan,Mazda CX-5,1.000000,ride,reddit,owned_both,reddit_mahom5_grtogfh,resp_9dc799f0de4f17bb,reddit_mahom5,winner,https://old.reddit.com/r/Tiguan/comments/mahom5/help_me_decide_tiguan_2021_vs_cx5_2021/,pass_8
mbq2,Toyota Venza,Toyota RAV4,1.000000,ride,reddit,owned_one_family,reddit_10nmo6u_j6b5j3d,resp_c904d3d336d0149a,reddit_10nmo6u,winner,https://old.reddit.com/r/Toyotavenza/comments/10nmo6u/venza_vs_rav_4/,pass_8
x4ne,Toyota Venza,Toyota RAV4,1.000000,ride,reddit,owned_one_td_other,reddit_10nmo6u_j6dx31h,resp_3dbbd22352961ef6,reddit_10nmo6u,winner,https://old.reddit.com/r/Toyotavenza/comments/10nmo6u/venza_vs_rav_4/,pass_8
zq5z,Toyota Venza,Toyota RAV4,1.000000,nvh,reddit,owned_both,reddit_1aun8m5_kr4ue4l,resp_06760e44cbd7efbc,reddit_1aun8m5,winner,https://old.reddit.com/r/Toyotavenza/comments/1aun8m5/new_venza_vs_rav4_wind_and_road_noise_looking_for/,pass_8
ebb4,Toyota Venza,Toyota RAV4,1.000000,nvh,reddit,owned_both,reddit_1aun8m5_kr58af4,resp_c4050a24a5da366b,reddit_1aun8m5,winner,https://old.reddit.com/r/Toyotavenza/comments/1aun8m5/new_venza_vs_rav4_wind_and_road_noise_looking_for/,pass_8
cfb9,Lincoln Nautilus,Lincoln Corsair,1.000000,ride,reddit,owned_one_td_other,reddit_1gq264h_lxhv3xn,resp_24fda6738b0e8300,reddit_1gq264h,other,https://old.reddit.com/r/lincolnmotorco/comments/1gq264h/corsair_or_nautilus/,pass_8
s95d,Mercedes EQS SUV,BMW iX,1.000000,nvh,reddit,owned_both,reddit_1mmpydw_n8edio3,resp_457db399bd713188,reddit_1mmpydw,loser,https://old.reddit.com/r/BMWiX/comments/1mmpydw/ix_vs_eqs/,pass_8
s47c,Mercedes EQS SUV,Rivian R1S,1.000000,ride,reddit,owned_one_td_other,reddit_16eteh0_k004k5r,resp_6e404397219f9b33,reddit_16eteh0,loser,https://old.reddit.com/r/Rivian/comments/16eteh0/r1s_vs_eqs/,pass_8
khh6,Range Rover,Mercedes GLS,1.000000,overall,reddit,owned_both,reddit_1kemw8r_mqk19qn,resp_cd2af507cfbbe89e,reddit_1kemw8r,neutral,https://old.reddit.com/r/whatcarshouldIbuy/comments/1kemw8r/,pass_9
tz96,Audi Q7,BMW X5,1.000000,ride,reddit,test_drove_both,reddit_1vd150j_post,resp_f7097d48c548bbfe,reddit_1vd150j,neutral,https://old.reddit.com/r/whatcarshouldIbuy/comments/1vd150j/,pass_9
f4d4,Genesis GV80,BMW X5,1.000000,ride,reddit,owned_one_td_other,reddit_1j6z1bc_mgssu4p,resp_1a9b686227edd141,reddit_1j6z1bc,neutral,https://old.reddit.com/r/whatcarshouldIbuy/comments/1j6z1bc/,pass_9
a9cg,Hyundai Palisade,Hyundai Santa Fe,1.000000,ride,reddit,owned_one_td_other,stmt_72070e4802ca1562,resp_72070e4802ca1562,reddit_1onsp6r,winner,https://old.reddit.com/r/HyundaiPalisade/comments/1onsp6r/,pass_9
q3sa,Hyundai Palisade,Hyundai Santa Fe,1.000000,overall,reddit,owned_both,reddit_1ux87px_oxq5guo,resp_424a7e72e164f86b,reddit_1ux87px,winner,https://old.reddit.com/r/HyundaiPalisade/comments/1ux87px/,pass_9
ssb9,Hyundai Palisade,Hyundai Santa Fe,1.000000,ride,reddit,owned_one_td_other,reddit_1o1qoue_nivfae4,resp_0e776ccc9e9b9805,reddit_1o1qoue,winner,https://old.reddit.com/r/HyundaiPalisade/comments/1o1qoue/,pass_9
c793,Hyundai Palisade,Hyundai Santa Fe,1.000000,ride,reddit,owned_one_loaner,reddit_1u1qfhh_oqrwzai,resp_c8246711e2c8292d,reddit_1u1qfhh,winner,https://old.reddit.com/r/HyundaiPalisade/comments/1u1qfhh/,audit_or_unresolved
p6n7,Ford Expedition,Chevrolet Suburban,1.000000,overall,reddit,owned_both,reddit_1rl3wmy_o8pkycy,resp_f11ed290f9c84ee0,reddit_1rl3wmy,winner,https://old.reddit.com/r/fordexpedition/comments/1rl3wmy/,pass_9
vd8w,Chevrolet Suburban,Ford Expedition,1.000000,ride,reddit,test_drove_both,reddit_1rl3wmy_o8si1m0,resp_a017457a5a53d106,reddit_1rl3wmy,loser,https://old.reddit.com/r/fordexpedition/comments/1rl3wmy/,pass_9
s9zb,Ford Expedition,Chevrolet Tahoe,1.000000,seats,reddit,test_drove_both,reddit_1kob8dv_msqgntp,resp_9360f705721bf090,reddit_1kob8dv,loser,https://old.reddit.com/r/ChevyTahoe/comments/1kob8dv/,pass_9
tyk8,Cadillac Escalade,Ford Expedition,1.000000,ride,reddit,owned_one_loaner,reddit_1i3q2b9_post,resp_d3b4eae5355ab66c,reddit_1i3q2b9,loser,https://old.reddit.com/r/fordexpedition/comments/1i3q2b9/,audit_or_unresolved
kub5,Lincoln Navigator,Ford Expedition,1.000000,ride,reddit,owned_one_td_other,reddit_1i3q2b9_m7qjukz,resp_6c4eb9df3702475d,reddit_1i3q2b9,loser,https://old.reddit.com/r/fordexpedition/comments/1i3q2b9/,audit_or_unresolved
qe2j,Ford Expedition,Chevrolet Suburban,1.000000,overall,reddit,owned_both,reddit_1meko7j_n6e5dj9,resp_82e560efa99fad9c,reddit_1meko7j,winner,https://old.reddit.com/r/fordexpedition/comments/1meko7j/,pass_9
