scenario,rank,model,theta,p_vs_average,n_statements,n_respondents,n_opponents,status,theta_lo,theta_hi,p_lo,p_hi,rank_lo,rank_hi
owners_only,1,Subaru Outback 2026,2.807545,0.943082,10,10,6,ranked,,,,,,
owners_only,,Infiniti QX80,2.709335,0.937575,4,4,4,insufficient_respondents,,,,,,
owners_only,2,Range Rover,2.453071,0.920786,16,16,8,ranked,,,,,,
owners_only,3,Mercedes GLS,2.378055,0.915138,14,14,6,ranked,,,,,,
owners_only,4,Volkswagen Atlas,2.282603,0.907426,10,10,5,ranked,,,,,,
owners_only,5,Mazda CX-9,2.278387,0.907071,6,6,5,ranked,,,,,,
owners_only,6,Cadillac XT6,2.246042,0.904309,8,8,6,ranked,,,,,,
owners_only,7,Mercedes EQS SUV,2.219725,0.902007,9,8,3,ranked,,,,,,
owners_only,8,GMC Yukon,2.121772,0.893001,20,20,10,ranked,,,,,,
owners_only,9,Nissan Murano,2.000697,0.880870,5,5,3,ranked,,,,,,
owners_only,10,Cadillac Escalade IQ,1.992347,0.879991,7,6,4,ranked,,,,,,
owners_only,11,Lincoln Nautilus,1.958680,0.876390,12,12,8,ranked,,,,,,
owners_only,12,Buick Enclave,1.734450,0.849981,7,7,5,ranked,,,,,,
owners_only,13,Hyundai Palisade,1.710560,0.846909,40,40,17,ranked,,,,,,
owners_only,14,Audi Q7,1.706463,0.846377,7,7,3,ranked,,,,,,
owners_only,15,Range Rover Sport,1.471933,0.813351,8,8,5,ranked,,,,,,
owners_only,16,Lincoln Aviator,1.431804,0.807182,9,9,6,ranked,,,,,,
owners_only,,Jeep Grand Wagoneer,1.323788,0.789811,4,4,2,insufficient_respondents,,,,,,
owners_only,17,Lexus LX,1.091372,0.748640,8,8,4,ranked,,,,,,
owners_only,18,Volvo XC60,1.001423,0.731338,16,16,10,ranked,,,,,,
owners_only,19,Cadillac Escalade,0.974302,0.725976,21,21,9,ranked,,,,,,
owners_only,20,Subaru Ascent,0.931723,0.717425,16,16,9,ranked,,,,,,
owners_only,21,Lincoln Corsair,0.913688,0.713754,6,6,4,ranked,,,,,,
owners_only,22,BMW iX,0.895350,0.709993,15,14,5,ranked,,,,,,
owners_only,23,Acura MDX,0.877268,0.706256,6,6,4,ranked,,,,,,
owners_only,24,Nissan Pathfinder,0.874898,0.705764,21,21,7,ranked,,,,,,
owners_only,25,BMW X7,0.835658,0.697550,25,24,7,ranked,,,,,,
owners_only,26,Lexus RX,0.775497,0.684709,23,23,14,ranked,,,,,,
owners_only,27,Genesis GV70,0.671068,0.661742,10,10,6,ranked,,,,,,
owners_only,28,Lincoln Navigator,0.663853,0.660125,12,12,5,ranked,,,,,,
owners_only,29,Mercedes GLE,0.627821,0.651995,26,26,10,ranked,,,,,,
owners_only,,Jeep Grand Cherokee,0.516176,0.626253,4,4,4,insufficient_respondents,,,,,,
owners_only,30,Lexus TX,0.463226,0.613779,8,8,6,ranked,,,,,,
owners_only,,Audi Q8,0.449316,0.610477,3,3,2,insufficient_respondents,,,,,,
owners_only,31,Volvo XC90,0.428213,0.605447,20,20,12,ranked,,,,,,
owners_only,32,Lexus NX,0.364918,0.590230,12,12,7,ranked,,,,,,
owners_only,33,Honda Pilot,0.327861,0.581239,50,49,13,ranked,,,,,,
owners_only,34,Lexus GX,0.320794,0.579518,31,31,10,ranked,,,,,,
owners_only,35,Subaru Outback,0.209194,0.552109,34,34,7,ranked,,,,,,
owners_only,36,Land Rover Defender,0.057603,0.514397,22,21,6,ranked,,,,,,
owners_only,37,Kia Telluride,0.028534,0.507133,32,32,13,ranked,,,,,,
owners_only,38,Honda Passport,-0.012678,0.496831,12,12,4,ranked,,,,,,
owners_only,39,Toyota Venza,-0.018615,0.495346,15,14,4,ranked,,,,,,
owners_only,40,Toyota Highlander,-0.160380,0.459991,25,24,11,ranked,,,,,,
owners_only,41,BMW X5,-0.190226,0.452586,67,65,25,ranked,,,,,,
owners_only,42,Audi Q5,-0.247322,0.438483,12,12,7,ranked,,,,,,
owners_only,43,Porsche Macan,-0.327990,0.418730,6,6,3,ranked,,,,,,
owners_only,44,Volkswagen Tiguan,-0.335010,0.417022,13,13,4,ranked,,,,,,
owners_only,45,Genesis GV80,-0.383057,0.405390,10,10,4,ranked,,,,,,
owners_only,46,Mercedes GLC,-0.433311,0.393336,10,10,6,ranked,,,,,,
owners_only,47,Honda CR-V,-0.446170,0.390272,30,29,11,ranked,,,,,,
owners_only,48,Toyota Sequoia,-0.521391,0.372527,12,12,6,ranked,,,,,,
owners_only,49,Cadillac XT5,-0.701044,0.331581,6,6,3,ranked,,,,,,
owners_only,50,Ford Explorer,-0.769539,0.316579,10,10,5,ranked,,,,,,
owners_only,,Jeep Grand Cherokee L,-0.789628,0.312249,3,3,4,insufficient_respondents,,,,,,
owners_only,,Ford Expedition,-0.840248,0.301483,4,4,3,insufficient_respondents,,,,,,
owners_only,51,Mercedes GLE AMG,-0.848641,0.299718,5,5,4,ranked,,,,,,
owners_only,,Hyundai Santa Fe,-1.080606,0.253391,7,7,2,insufficient_opponents,,,,,,
owners_only,52,Porsche Cayenne,-1.161762,0.238347,14,13,6,ranked,,,,,,
owners_only,53,Subaru Forester,-1.448156,0.190285,12,12,6,ranked,,,,,,
owners_only,54,Toyota Grand Highlander,-1.468325,0.187197,11,11,4,ranked,,,,,,
owners_only,55,Mazda CX-90,-1.506094,0.181518,13,12,4,ranked,,,,,,
owners_only,56,Subaru Crosstrek,-1.517837,0.179780,14,14,5,ranked,,,,,,
owners_only,57,Lexus GX 550,-1.584439,0.170168,18,17,8,ranked,,,,,,
owners_only,58,Chevrolet Tahoe,-1.872794,0.133219,6,6,6,ranked,,,,,,
owners_only,59,Toyota Land Cruiser,-2.021592,0.116954,8,8,4,ranked,,,,,,
owners_only,60,Mazda CX-5,-2.116945,0.107461,11,11,8,ranked,,,,,,
owners_only,61,Tesla Model X,-2.164661,0.102969,26,25,8,ranked,,,,,,
owners_only,62,Rivian R1S,-2.226932,0.097358,26,26,10,ranked,,,,,,
owners_only,63,BMW X3,-2.299193,0.091190,13,13,8,ranked,,,,,,
owners_only,64,Mazda CX-50,-2.525223,0.074109,11,11,5,ranked,,,,,,
owners_only,,Kia Sorento,-2.556122,0.072016,8,8,2,insufficient_opponents,,,,,,
owners_only,65,Toyota 4Runner,-2.767464,0.059108,25,25,8,ranked,,,,,,
owners_only,66,Toyota RAV4,-3.066073,0.044529,30,29,14,ranked,,,,,,
owners_only,,Chevrolet Suburban,-3.109142,0.042732,4,4,3,insufficient_respondents,,,,,,
owners_only,67,Tesla Model Y,-3.723079,0.023590,17,17,5,ranked,,,,,,
owners_only,68,BMW X1,-3.885327,0.020128,6,6,4,ranked,,,,,,
lived_with_both,1,Mercedes EQS SUV,3.264141,0.963178,6,5,3,ranked,,,,,,
lived_with_both,2,Hyundai Palisade,2.611104,0.931573,17,17,12,ranked,,,,,,
lived_with_both,,Buick Enclave,2.471630,0.922129,2,2,2,insufficient_respondents,,,,,,
lived_with_both,3,Range Rover,2.403230,0.917073,9,9,7,ranked,,,,,,
lived_with_both,4,Mercedes GLS,2.247556,0.904440,8,8,5,ranked,,,,,,
lived_with_both,,Subaru Outback 2026,2.095835,0.890498,3,3,1,insufficient_respondents,,,,,,
lived_with_both,5,Lincoln Nautilus,2.043177,0.885256,8,8,7,ranked,,,,,,
lived_with_both,,Mazda CX-9,2.000768,0.880878,3,3,2,insufficient_respondents,,,,,,
lived_with_both,,Cadillac Escalade IQ,1.958667,0.876389,5,4,3,insufficient_respondents,,,,,,
lived_with_both,,Cadillac XT6,1.899081,0.869788,4,4,4,insufficient_respondents,,,,,,
lived_with_both,6,Kia Telluride,1.805919,0.858868,13,13,8,ranked,,,,,,
lived_with_both,,Lincoln Aviator,1.734863,0.850033,4,4,4,insufficient_respondents,,,,,,
lived_with_both,7,Nissan Murano,1.721860,0.848368,5,5,3,ranked,,,,,,
lived_with_both,8,GMC Yukon,1.641417,0.837728,14,14,7,ranked,,,,,,
lived_with_both,9,Volvo XC60,1.617810,0.834493,9,9,7,ranked,,,,,,
lived_with_both,,Volkswagen Atlas,1.468415,0.812816,4,4,2,insufficient_respondents,,,,,,
lived_with_both,10,Audi Q7,1.384533,0.799718,5,5,3,ranked,,,,,,
lived_with_both,11,Range Rover Sport,1.371887,0.797685,7,7,5,ranked,,,,,,
lived_with_both,12,BMW iX,1.317312,0.788734,11,10,5,ranked,,,,,,
lived_with_both,13,Mercedes GLE,1.214142,0.771031,18,18,9,ranked,,,,,,
lived_with_both,,Infiniti QX80,1.069037,0.744414,1,1,1,insufficient_respondents,,,,,,
lived_with_both,,Lexus TX,1.069037,0.744414,1,1,1,insufficient_respondents,,,,,,
lived_with_both,14,Lexus NX,1.026768,0.736289,6,6,5,ranked,,,,,,
lived_with_both,15,Lexus RX,0.821569,0.694569,17,17,12,ranked,,,,,,
lived_with_both,16,Nissan Pathfinder,0.738544,0.676677,10,10,5,ranked,,,,,,
lived_with_both,,Jeep Grand Cherokee,0.713371,0.671146,3,3,3,insufficient_respondents,,,,,,
lived_with_both,,Lexus LX,0.704363,0.669154,4,4,2,insufficient_respondents,,,,,,
lived_with_both,17,Subaru Ascent,0.591119,0.643622,10,10,5,ranked,,,,,,
lived_with_both,,Audi Q8,0.525599,0.628456,3,3,2,insufficient_respondents,,,,,,
lived_with_both,,Ford Expedition,0.487539,0.619527,2,2,1,insufficient_respondents,,,,,,
lived_with_both,,Mercedes GLC,0.472193,0.615903,4,4,3,insufficient_respondents,,,,,,
lived_with_both,18,Lexus GX,0.404055,0.599662,21,21,9,ranked,,,,,,
lived_with_both,19,Honda Pilot,0.225759,0.556201,18,18,11,ranked,,,,,,
lived_with_both,20,Volkswagen Tiguan,0.189969,0.547350,10,10,4,ranked,,,,,,
lived_with_both,21,Mazda CX-90,0.170615,0.542551,5,5,3,ranked,,,,,,
lived_with_both,22,BMW X7,0.156773,0.539113,12,12,6,ranked,,,,,,
lived_with_both,,Mercedes GLE AMG,0.109329,0.527305,3,3,2,insufficient_respondents,,,,,,
lived_with_both,23,Subaru Outback,0.023126,0.505781,26,26,6,ranked,,,,,,
lived_with_both,24,BMW X5,-0.056810,0.485801,39,39,19,ranked,,,,,,
lived_with_both,25,Volvo XC90,-0.061111,0.484727,18,18,12,ranked,,,,,,
lived_with_both,,Acura MDX,-0.064444,0.483894,4,4,4,insufficient_respondents,,,,,,
lived_with_both,26,Toyota Highlander,-0.143563,0.464171,12,12,7,ranked,,,,,,
lived_with_both,27,Cadillac Escalade,-0.168009,0.458096,12,12,6,ranked,,,,,,
lived_with_both,,Lincoln Corsair,-0.210973,0.447452,3,3,2,insufficient_respondents,,,,,,
lived_with_both,,Cadillac XT5,-0.238706,0.440605,3,3,3,insufficient_respondents,,,,,,
lived_with_both,28,Land Rover Defender,-0.269347,0.433067,14,14,6,ranked,,,,,,
lived_with_both,,Hyundai Santa Fe,-0.317296,0.421335,1,1,1,insufficient_respondents,,,,,,
lived_with_both,,Toyota Grand Highlander,-0.317296,0.421335,1,1,1,insufficient_respondents,,,,,,
lived_with_both,,Mazda CX-50,-0.342516,0.415199,3,3,2,insufficient_respondents,,,,,,
lived_with_both,,Jeep Grand Wagoneer,-0.423106,0.395774,1,1,1,insufficient_respondents,,,,,,
lived_with_both,29,Toyota Sequoia,-0.509197,0.375382,9,9,6,ranked,,,,,,
lived_with_both,30,Toyota Venza,-0.539012,0.368417,10,9,3,ranked,,,,,,
lived_with_both,31,Honda Passport,-0.607099,0.352721,5,5,3,ranked,,,,,,
lived_with_both,,Porsche Macan,-0.608712,0.352353,1,1,1,insufficient_respondents,,,,,,
lived_with_both,32,Honda CR-V,-0.673922,0.337619,15,15,7,ranked,,,,,,
lived_with_both,33,Lincoln Navigator,-0.695568,0.332796,5,5,3,ranked,,,,,,
lived_with_both,,Audi Q5,-0.779479,0.314432,4,4,4,insufficient_respondents,,,,,,
lived_with_both,34,Ford Explorer,-0.806261,0.308688,5,5,3,ranked,,,,,,
lived_with_both,,Genesis GV70,-1.077743,0.253933,2,2,2,insufficient_respondents,,,,,,
lived_with_both,,Kia Sorento,-1.190124,0.233237,4,4,1,insufficient_respondents,,,,,,
lived_with_both,35,Lexus GX 550,-1.314372,0.211756,10,9,6,ranked,,,,,,
lived_with_both,36,Porsche Cayenne,-1.725070,0.151219,9,9,4,ranked,,,,,,
lived_with_both,37,Chevrolet Tahoe,-1.846667,0.136265,5,5,5,ranked,,,,,,
lived_with_both,38,BMW X3,-1.897533,0.130388,6,6,6,ranked,,,,,,
lived_with_both,39,Subaru Forester,-1.916074,0.128300,7,7,4,ranked,,,,,,
lived_with_both,40,Toyota Land Cruiser,-1.966552,0.122760,6,6,3,ranked,,,,,,
lived_with_both,41,Rivian R1S,-1.969349,0.122459,22,22,10,ranked,,,,,,
lived_with_both,42,Tesla Model X,-2.081040,0.110953,21,20,7,ranked,,,,,,
lived_with_both,,Genesis GV80,-2.154848,0.103879,4,4,3,insufficient_respondents,,,,,,
lived_with_both,43,Subaru Crosstrek,-2.292380,0.091756,10,10,3,ranked,,,,,,
lived_with_both,44,Mazda CX-5,-2.331165,0.088575,8,8,6,ranked,,,,,,
lived_with_both,,BMW X1,-2.457781,0.078871,2,2,2,insufficient_respondents,,,,,,
lived_with_both,,Chevrolet Suburban,-2.716790,0.061990,4,4,3,insufficient_respondents,,,,,,
lived_with_both,45,Toyota 4Runner,-2.919347,0.051205,21,21,7,ranked,,,,,,
lived_with_both,46,Toyota RAV4,-3.825569,0.021341,19,18,10,ranked,,,,,,
lived_with_both,47,Tesla Model Y,-4.257281,0.013963,12,12,4,ranked,,,,,,
neutral_forums,,Buick Enclave,2.850506,0.945345,3,3,4,insufficient_respondents,,,,,,
neutral_forums,,Jeep Grand Wagoneer,2.546845,0.927361,3,3,3,insufficient_respondents,,,,,,
neutral_forums,,Range Rover,2.130639,0.893846,3,3,3,insufficient_respondents,,,,,,
neutral_forums,1,Cadillac XT6,2.121740,0.892998,6,6,6,ranked,,,,,,
neutral_forums,,Lexus LX,2.056015,0.886554,1,1,2,insufficient_respondents,,,,,,
neutral_forums,,Mazda CX-9,1.758589,0.853033,3,3,4,insufficient_respondents,,,,,,
neutral_forums,,Genesis GV80,1.614369,0.834017,3,3,3,insufficient_respondents,,,,,,
neutral_forums,,Subaru Ascent,1.446440,0.809450,1,1,3,insufficient_respondents,,,,,,
neutral_forums,,Range Rover Sport,1.387204,0.800146,2,2,2,disconnected,,,,,,
neutral_forums,2,Hyundai Palisade,1.366689,0.796845,16,16,10,ranked,,,,,,
neutral_forums,3,GMC Yukon,1.339652,0.792433,6,6,4,ranked,,,,,,
neutral_forums,,Genesis GV70,1.172295,0.763560,1,1,2,insufficient_respondents,,,,,,
neutral_forums,4,Lincoln Nautilus,1.125982,0.755097,5,5,4,ranked,,,,,,
neutral_forums,,Subaru Crosstrek,1.112941,0.752677,3,3,3,insufficient_respondents,,,,,,
neutral_forums,,Infiniti QX80,1.066264,0.743886,2,2,2,insufficient_respondents,,,,,,
neutral_forums,5,Lincoln Aviator,1.056376,0.741997,7,7,5,ranked,,,,,,
neutral_forums,6,Mercedes GLS,1.043950,0.739611,7,7,5,ranked,,,,,,
neutral_forums,7,Mercedes GLE,1.018694,0.734718,5,5,3,ranked,,,,,,
neutral_forums,,Volkswagen Atlas,0.931198,0.717318,3,3,3,insufficient_respondents,,,,,,
neutral_forums,,Lexus GX 550,0.905583,0.712095,1,1,1,insufficient_respondents,,,,,,
neutral_forums,,Audi Q8,0.762397,0.681874,1,1,1,insufficient_respondents,,,,,,
neutral_forums,8,Lexus GX,0.733988,0.675680,6,6,9,ranked,,,,,,
neutral_forums,,Audi Q7,0.714125,0.671312,3,3,3,insufficient_respondents,,,,,,
neutral_forums,,Porsche Macan,0.628106,0.652060,1,1,1,insufficient_respondents,,,,,,
neutral_forums,,Lincoln Corsair,0.623849,0.651093,2,2,3,insufficient_respondents,,,,,,
neutral_forums,,Lincoln Navigator,0.618509,0.649879,5,5,1,insufficient_opponents,,,,,,
neutral_forums,,Nissan Pathfinder,0.571534,0.639117,2,2,2,insufficient_respondents,,,,,,
neutral_forums,,Subaru Outback 2026,0.546437,0.633309,2,2,2,insufficient_respondents,,,,,,
neutral_forums,,Cadillac Escalade IQ,0.322081,0.579831,1,1,1,insufficient_respondents,,,,,,
neutral_forums,9,Cadillac Escalade,0.294883,0.573191,10,10,5,ranked,,,,,,
neutral_forums,,Acura MDX,0.224430,0.555873,4,4,4,insufficient_respondents,,,,,,
neutral_forums,10,Toyota Highlander,0.189253,0.547173,16,15,9,ranked,,,,,,
neutral_forums,,Ford Explorer,0.155002,0.538673,4,4,3,insufficient_respondents,,,,,,
neutral_forums,,Volvo XC90,0.084981,0.521232,4,4,3,insufficient_respondents,,,,,,
neutral_forums,11,Audi Q5,0.061645,0.515406,8,8,7,ranked,,,,,,
neutral_forums,,Lexus NX,0.050672,0.512665,2,2,2,insufficient_respondents,,,,,,
neutral_forums,12,Toyota Venza,-0.065232,0.483698,5,5,4,ranked,,,,,,
neutral_forums,,Chevrolet Suburban,-0.190090,0.452620,1,1,1,insufficient_respondents,,,,,,
neutral_forums,,Toyota Grand Highlander,-0.379940,0.406141,2,2,2,insufficient_respondents,,,,,,
neutral_forums,13,BMW X7,-0.454578,0.388273,6,6,4,ranked,,,,,,
neutral_forums,14,Lexus RX,-0.487505,0.380482,13,13,11,ranked,,,,,,
neutral_forums,,Volkswagen Tiguan,-0.528280,0.370918,3,3,2,insufficient_respondents,,,,,,
neutral_forums,,Mercedes GLE AMG,-0.693602,0.333232,1,1,1,disconnected,,,,,,
neutral_forums,,Porsche Cayenne,-0.693602,0.333232,1,1,1,disconnected,,,,,,
neutral_forums,15,BMW X5,-0.699735,0.331871,20,18,15,ranked,,,,,,
neutral_forums,16,Volvo XC60,-0.751988,0.320388,11,11,10,ranked,,,,,,
neutral_forums,17,Honda Pilot,-0.763435,0.317901,14,14,10,ranked,,,,,,
neutral_forums,,Subaru Outback,-0.767024,0.317123,3,3,2,insufficient_respondents,,,,,,
neutral_forums,,Jeep Grand Cherokee,-0.797035,0.310660,1,1,1,insufficient_respondents,,,,,,
neutral_forums,,Chevrolet Tahoe,-0.869646,0.295328,4,4,4,insufficient_respondents,,,,,,
neutral_forums,,Nissan Murano,-0.878908,0.293404,1,1,1,insufficient_respondents,,,,,,
neutral_forums,,Jeep Grand Cherokee L,-0.943306,0.280233,4,4,4,insufficient_respondents,,,,,,
neutral_forums,,Toyota Land Cruiser,-0.965679,0.275743,1,1,1,insufficient_respondents,,,,,,
neutral_forums,18,Kia Telluride,-1.013756,0.266245,14,14,8,ranked,,,,,,
neutral_forums,,Cadillac XT5,-1.109403,0.247982,3,3,3,insufficient_respondents,,,,,,
neutral_forums,19,Honda CR-V,-1.333765,0.208537,9,9,8,ranked,,,,,,
neutral_forums,,Mercedes GLC,-1.411066,0.196066,4,4,4,insufficient_respondents,,,,,,
neutral_forums,,BMW X1,-1.466901,0.187414,2,2,2,insufficient_respondents,,,,,,
neutral_forums,,Toyota 4Runner,-1.631358,0.163644,2,2,2,insufficient_respondents,,,,,,
neutral_forums,,Toyota Sequoia,-1.837146,0.137389,2,2,2,insufficient_respondents,,,,,,
neutral_forums,20,Mazda CX-50,-2.095421,0.109543,5,5,4,ranked,,,,,,
neutral_forums,,BMW X3,-2.435196,0.080528,4,4,3,insufficient_respondents,,,,,,
neutral_forums,,Mazda CX-5,-2.436278,0.080448,4,4,4,insufficient_respondents,,,,,,
neutral_forums,21,Tesla Model Y,-2.583860,0.070184,6,6,6,ranked,,,,,,
neutral_forums,22,Tesla Model X,-2.590546,0.069749,5,5,4,ranked,,,,,,
neutral_forums,23,Toyota RAV4,-3.759584,0.022763,12,12,10,ranked,,,,,,
exclude_home_team_wins,1,Buick Enclave,3.966764,0.981417,6,6,5,ranked,,,,,,
exclude_home_team_wins,2,Mercedes EQS SUV,3.132987,0.958233,8,7,3,ranked,,,,,,
exclude_home_team_wins,,Infiniti QX80,2.908938,0.948286,4,4,3,insufficient_respondents,,,,,,
exclude_home_team_wins,3,Jeep Grand Wagoneer,2.836158,0.944599,6,6,4,ranked,,,,,,
exclude_home_team_wins,4,Cadillac XT6,2.542367,0.927059,9,9,6,ranked,,,,,,
exclude_home_team_wins,5,Lincoln Nautilus,2.279386,0.907155,10,10,7,ranked,,,,,,
exclude_home_team_wins,,Audi Q8,2.143690,0.895078,4,4,3,insufficient_respondents,,,,,,
exclude_home_team_wins,6,Mazda CX-9,2.137812,0.894524,5,5,5,ranked,,,,,,
exclude_home_team_wins,7,Mercedes GLS,2.088009,0.889732,18,18,9,ranked,,,,,,
exclude_home_team_wins,8,Hyundai Palisade,2.059967,0.886951,29,29,14,ranked,,,,,,
exclude_home_team_wins,,Cadillac Escalade IQ,1.965621,0.877140,4,4,3,insufficient_respondents,,,,,,
exclude_home_team_wins,9,Range Rover,1.963794,0.876943,8,8,6,ranked,,,,,,
exclude_home_team_wins,10,Lexus LX,1.744364,0.851241,9,9,7,ranked,,,,,,
exclude_home_team_wins,,Volkswagen Atlas,1.721094,0.848270,4,4,4,insufficient_respondents,,,,,,
exclude_home_team_wins,11,GMC Yukon,1.706360,0.846364,15,15,7,ranked,,,,,,
exclude_home_team_wins,12,Mercedes GLE,1.687120,0.843845,20,20,8,ranked,,,,,,
exclude_home_team_wins,13,Cadillac Escalade,1.674236,0.842140,24,24,10,ranked,,,,,,
exclude_home_team_wins,,Audi Q7,1.564778,0.827038,4,4,3,insufficient_respondents,,,,,,
exclude_home_team_wins,14,Subaru Outback 2026,1.542566,0.823837,11,11,6,ranked,,,,,,
exclude_home_team_wins,15,Lincoln Navigator,1.506185,0.818495,14,14,5,ranked,,,,,,
exclude_home_team_wins,16,Acura MDX,1.218956,0.771880,8,8,7,ranked,,,,,,
exclude_home_team_wins,17,BMW X7,0.948596,0.720833,24,24,9,ranked,,,,,,
exclude_home_team_wins,18,BMW iX,0.904532,0.711880,15,14,4,ranked,,,,,,
exclude_home_team_wins,,Chevrolet Suburban,0.769186,0.683345,2,2,2,insufficient_respondents,,,,,,
exclude_home_team_wins,,Ford Explorer,0.709867,0.670372,4,4,3,insufficient_respondents,,,,,,
exclude_home_team_wins,19,Honda Pilot,0.663526,0.660052,29,29,12,ranked,,,,,,
exclude_home_team_wins,20,Lincoln Aviator,0.589827,0.643325,11,11,6,ranked,,,,,,
exclude_home_team_wins,21,Toyota Highlander,0.543884,0.632715,21,20,11,ranked,,,,,,
exclude_home_team_wins,22,Audi Q5,0.509162,0.624610,11,11,8,ranked,,,,,,
exclude_home_team_wins,23,Honda CR-V,0.507620,0.624248,16,16,10,ranked,,,,,,
exclude_home_team_wins,24,Volvo XC60,0.473036,0.616102,19,19,13,ranked,,,,,,
exclude_home_team_wins,,Genesis GV70,0.411981,0.601563,4,4,5,insufficient_respondents,,,,,,
exclude_home_team_wins,25,Lexus RX,0.344801,0.585356,25,25,14,ranked,,,,,,
exclude_home_team_wins,26,Kia Telluride,0.313702,0.577789,29,29,14,ranked,,,,,,
exclude_home_team_wins,27,Toyota Venza,0.298902,0.574174,14,13,4,ranked,,,,,,
exclude_home_team_wins,,Nissan Murano,0.297422,0.573812,5,5,2,insufficient_opponents,,,,,,
exclude_home_team_wins,28,Range Rover Sport,0.274630,0.568229,5,5,5,ranked,,,,,,
exclude_home_team_wins,29,Subaru Ascent,0.234805,0.558433,15,15,9,ranked,,,,,,
exclude_home_team_wins,30,Mercedes GLC,0.223237,0.555579,8,8,6,ranked,,,,,,
exclude_home_team_wins,,Lexus TX,0.212001,0.552803,4,4,3,insufficient_respondents,,,,,,
exclude_home_team_wins,,Honda Passport,0.140678,0.535112,8,8,1,insufficient_opponents,,,,,,
exclude_home_team_wins,31,Lexus GX,0.113722,0.528400,24,24,13,ranked,,,,,,
exclude_home_team_wins,32,Lincoln Corsair,0.095078,0.523752,5,5,4,ranked,,,,,,
exclude_home_team_wins,,Jeep Grand Cherokee L,0.036459,0.509114,4,4,4,insufficient_respondents,,,,,,
exclude_home_team_wins,33,BMW X5,-0.077266,0.480693,60,58,23,ranked,,,,,,
exclude_home_team_wins,34,Subaru Outback,-0.097973,0.475526,34,34,7,ranked,,,,,,
exclude_home_team_wins,,Toyota Grand Highlander,-0.246740,0.438626,4,4,4,insufficient_respondents,,,,,,
exclude_home_team_wins,35,Porsche Macan,-0.381208,0.405835,5,5,3,ranked,,,,,,
exclude_home_team_wins,,Jeep Grand Cherokee,-0.433496,0.393292,3,3,3,insufficient_respondents,,,,,,
exclude_home_team_wins,36,Volvo XC90,-0.437524,0.392331,14,14,9,ranked,,,,,,
exclude_home_team_wins,37,Nissan Pathfinder,-0.500742,0.377366,8,8,5,ranked,,,,,,
exclude_home_team_wins,,Hyundai Santa Fe,-0.540124,0.368159,6,6,2,insufficient_opponents,,,,,,
exclude_home_team_wins,38,Genesis GV80,-0.654431,0.341992,11,11,6,ranked,,,,,,
exclude_home_team_wins,,Ford Expedition,-0.752293,0.320322,4,4,4,insufficient_respondents,,,,,,
exclude_home_team_wins,39,Cadillac XT5,-0.879578,0.293265,5,5,3,ranked,,,,,,
exclude_home_team_wins,40,Lexus NX,-0.994559,0.270012,8,8,5,ranked,,,,,,
exclude_home_team_wins,41,Land Rover Defender,-1.276806,0.218094,9,9,6,ranked,,,,,,
exclude_home_team_wins,,Mercedes GLE AMG,-1.288726,0.216069,2,2,2,insufficient_respondents,,,,,,
exclude_home_team_wins,42,Volkswagen Tiguan,-1.335887,0.208187,5,5,3,ranked,,,,,,
exclude_home_team_wins,43,Toyota Land Cruiser,-1.405351,0.196968,8,8,4,ranked,,,,,,
exclude_home_team_wins,44,Subaru Crosstrek,-1.651217,0.160945,18,17,5,ranked,,,,,,
exclude_home_team_wins,45,Tesla Model X,-1.755961,0.147297,21,21,7,ranked,,,,,,
exclude_home_team_wins,46,Lexus GX 550,-1.921422,0.127703,13,12,9,ranked,,,,,,
exclude_home_team_wins,47,Subaru Forester,-1.929180,0.126841,14,13,5,ranked,,,,,,
exclude_home_team_wins,48,Chevrolet Tahoe,-1.934423,0.126262,6,6,6,ranked,,,,,,
exclude_home_team_wins,49,Mazda CX-50,-1.985510,0.120733,8,8,5,ranked,,,,,,
exclude_home_team_wins,50,Mazda CX-5,-2.113614,0.107781,8,8,7,ranked,,,,,,
exclude_home_team_wins,51,BMW X3,-2.387249,0.084150,13,13,7,ranked,,,,,,
exclude_home_team_wins,52,Toyota 4Runner,-2.442028,0.080023,11,11,5,ranked,,,,,,
exclude_home_team_wins,53,Toyota Sequoia,-2.544503,0.072797,5,5,4,ranked,,,,,,
exclude_home_team_wins,54,Porsche Cayenne,-2.720992,0.061746,9,9,6,ranked,,,,,,
exclude_home_team_wins,,Kia Sorento,-2.793542,0.057674,8,8,2,insufficient_opponents,,,,,,
exclude_home_team_wins,55,Mazda CX-90,-2.898899,0.052208,6,6,4,ranked,,,,,,
exclude_home_team_wins,56,Toyota RAV4,-2.950969,0.049691,24,23,12,ranked,,,,,,
exclude_home_team_wins,57,BMW X1,-3.138403,0.041551,7,7,4,ranked,,,,,,
exclude_home_team_wins,58,Tesla Model Y,-3.456155,0.030586,18,18,7,ranked,,,,,,
exclude_home_team_wins,59,Rivian R1S,-4.081036,0.016609,21,21,11,ranked,,,,,,
reddit_only,1,Lincoln Nautilus,2.525544,0.925913,14,14,7,ranked,,,,,,
reddit_only,2,Range Rover,2.388490,0.915945,15,15,7,ranked,,,,,,
reddit_only,3,Mercedes EQS SUV,2.382413,0.915476,9,8,3,ranked,,,,,,
reddit_only,4,Mercedes GLS,2.354412,0.913284,19,19,9,ranked,,,,,,
reddit_only,5,Cadillac Escalade IQ,2.313937,0.910025,7,6,4,ranked,,,,,,
reddit_only,,Infiniti QX80,2.225777,0.902541,4,4,4,insufficient_respondents,,,,,,
reddit_only,6,GMC Yukon,1.966292,0.877212,20,20,10,ranked,,,,,,
reddit_only,7,Subaru Outback 2026,1.794249,0.857447,13,12,7,ranked,,,,,,
reddit_only,8,Lexus LX,1.722937,0.848507,9,9,6,ranked,,,,,,
reddit_only,9,Jeep Grand Wagoneer,1.628113,0.835911,7,7,5,ranked,,,,,,
reddit_only,10,Cadillac Escalade,1.555008,0.825636,22,21,10,ranked,,,,,,
reddit_only,11,Audi Q7,1.506302,0.818513,8,8,5,ranked,,,,,,
reddit_only,12,Acura MDX,1.499585,0.817513,10,10,6,ranked,,,,,,
reddit_only,13,Volkswagen Atlas,1.486543,0.815559,13,13,3,ranked,,,,,,
reddit_only,,Nissan Murano,1.480624,0.814667,5,5,2,insufficient_opponents,,,,,,
reddit_only,14,Lincoln Aviator,1.448745,0.809805,13,11,5,ranked,,,,,,
reddit_only,15,Genesis GV70,1.443174,0.808946,12,12,7,ranked,,,,,,
reddit_only,16,Lincoln Corsair,1.437071,0.808001,9,8,6,ranked,,,,,,
reddit_only,17,Toyota Venza,1.436406,0.807898,12,11,3,ranked,,,,,,
reddit_only,18,Volvo XC60,1.312948,0.788006,19,19,12,ranked,,,,,,
reddit_only,19,Lincoln Navigator,1.260889,0.779179,14,13,6,ranked,,,,,,
reddit_only,20,Audi Q5,1.240683,0.775683,13,13,7,ranked,,,,,,
reddit_only,,Mazda CX-9,1.226347,0.773179,3,3,2,insufficient_respondents,,,,,,
reddit_only,21,Audi Q8,1.190733,0.766872,5,5,4,ranked,,,,,,
reddit_only,22,Range Rover Sport,1.113156,0.752717,11,11,7,ranked,,,,,,
reddit_only,23,BMW iX,1.077748,0.746068,17,16,5,ranked,,,,,,
reddit_only,24,Hyundai Palisade,1.041856,0.739208,49,49,12,ranked,,,,,,
reddit_only,25,Lexus RX,0.937350,0.718564,22,22,12,ranked,,,,,,
reddit_only,,Jeep Grand Cherokee,0.924199,0.715897,3,3,3,insufficient_respondents,,,,,,
reddit_only,26,Porsche Macan,0.861310,0.702934,9,9,4,ranked,,,,,,
reddit_only,27,Volkswagen Tiguan,0.770615,0.683654,14,14,4,ranked,,,,,,
reddit_only,28,BMW X7,0.745550,0.678208,29,28,8,ranked,,,,,,
reddit_only,29,Genesis GV80,0.645342,0.655960,13,13,7,ranked,,,,,,
reddit_only,30,Nissan Pathfinder,0.623948,0.651116,23,23,6,ranked,,,,,,
reddit_only,31,Mercedes GLE,0.568185,0.638344,29,29,8,ranked,,,,,,
reddit_only,32,Buick Enclave,0.537562,0.631245,5,5,3,ranked,,,,,,
reddit_only,33,Subaru Ascent,0.502127,0.622959,20,20,9,ranked,,,,,,
reddit_only,34,Volvo XC90,0.495695,0.621447,22,22,14,ranked,,,,,,
reddit_only,35,Honda CR-V,0.437998,0.607782,30,28,10,ranked,,,,,,
reddit_only,36,Kia Telluride,0.341990,0.584674,44,44,14,ranked,,,,,,
reddit_only,37,Lexus GX,0.286398,0.571114,30,30,14,ranked,,,,,,
reddit_only,38,Lexus NX,0.282042,0.570047,15,15,7,ranked,,,,,,
reddit_only,39,Honda Pilot,0.150703,0.537605,55,53,10,ranked,,,,,,
reddit_only,40,Lexus TX,0.146811,0.536637,10,10,6,ranked,,,,,,
reddit_only,41,Subaru Outback,0.008381,0.502095,41,41,8,ranked,,,,,,
reddit_only,42,Land Rover Defender,-0.049697,0.487578,22,21,6,ranked,,,,,,
reddit_only,43,BMW X5,-0.161853,0.459625,72,67,24,ranked,,,,,,
reddit_only,,Cadillac XT6,-0.252900,0.437110,3,3,2,insufficient_respondents,,,,,,
reddit_only,44,Toyota Sequoia,-0.469899,0.384640,13,13,6,ranked,,,,,,
reddit_only,45,Toyota Highlander,-0.513587,0.374353,22,21,8,ranked,,,,,,
reddit_only,46,Honda Passport,-0.532242,0.369994,14,14,4,ranked,,,,,,
reddit_only,47,Mazda CX-5,-0.650182,0.342949,9,9,7,ranked,,,,,,
reddit_only,48,Mercedes GLC,-0.788335,0.312526,7,7,4,ranked,,,,,,
reddit_only,,Mercedes GLE AMG,-0.823799,0.304958,4,4,4,insufficient_respondents,,,,,,
reddit_only,49,Toyota Grand Highlander,-0.861576,0.297010,13,13,5,ranked,,,,,,
reddit_only,50,Mazda CX-90,-1.012358,0.266519,16,15,4,ranked,,,,,,
reddit_only,51,Ford Expedition,-1.048089,0.259592,6,6,4,ranked,,,,,,
reddit_only,,Hyundai Santa Fe,-1.320858,0.210676,7,7,2,insufficient_opponents,,,,,,
reddit_only,52,Porsche Cayenne,-1.336881,0.208023,19,18,7,ranked,,,,,,
reddit_only,53,Ford Explorer,-1.372489,0.202218,6,6,3,ranked,,,,,,
reddit_only,54,Tesla Model X,-1.579949,0.170803,24,23,7,ranked,,,,,,
reddit_only,55,Rivian R1S,-1.642856,0.162077,24,24,11,ranked,,,,,,
reddit_only,56,Lexus GX 550,-1.906256,0.129402,22,21,9,ranked,,,,,,
reddit_only,57,Chevrolet Suburban,-2.031278,0.115958,7,7,5,ranked,,,,,,
reddit_only,58,Cadillac XT5,-2.103496,0.108757,5,5,3,ranked,,,,,,
reddit_only,59,Subaru Forester,-2.232337,0.096884,15,14,6,ranked,,,,,,
reddit_only,60,Toyota RAV4,-2.275797,0.093147,25,24,10,ranked,,,,,,
reddit_only,61,BMW X3,-2.283450,0.092503,15,15,9,ranked,,,,,,
reddit_only,62,Subaru Crosstrek,-2.374307,0.085153,15,14,3,ranked,,,,,,
reddit_only,63,Mazda CX-50,-2.502938,0.075652,10,10,5,ranked,,,,,,
reddit_only,64,Chevrolet Tahoe,-2.599731,0.069156,6,6,5,ranked,,,,,,
reddit_only,,Kia Sorento,-2.639957,0.066611,9,9,2,insufficient_opponents,,,,,,
reddit_only,,Jeep Grand Cherokee L,-2.723001,0.061630,4,4,3,insufficient_respondents,,,,,,
reddit_only,65,Toyota Land Cruiser,-2.805736,0.057015,11,11,4,ranked,,,,,,
reddit_only,66,BMW X1,-2.913820,0.051475,7,7,4,ranked,,,,,,
reddit_only,67,Toyota 4Runner,-3.543702,0.028094,27,27,8,ranked,,,,,,
reddit_only,68,Tesla Model Y,-3.972831,0.018472,14,14,5,ranked,,,,,,
consumer_reviews_only,,Buick Enclave,3.127817,0.958026,3,3,4,insufficient_respondents,,,,,,
consumer_reviews_only,1,Cadillac XT6,2.323516,0.910806,6,6,6,ranked,,,,,,
consumer_reviews_only,2,Hyundai Palisade,2.144867,0.895188,11,11,9,ranked,,,,,,
consumer_reviews_only,,Jeep Grand Cherokee L,1.901569,0.870069,1,1,2,insufficient_respondents,,,,,,
consumer_reviews_only,,Mazda CX-9,1.735460,0.850109,3,3,4,insufficient_respondents,,,,,,
consumer_reviews_only,,Mercedes GLE,1.688339,0.844006,2,2,2,insufficient_respondents,,,,,,
consumer_reviews_only,,GMC Yukon,1.675727,0.842338,4,4,3,insufficient_respondents,,,,,,
consumer_reviews_only,,Subaru Crosstrek,1.339060,0.792335,2,2,2,insufficient_respondents,,,,,,
consumer_reviews_only,,Subaru Ascent,1.290750,0.784274,1,1,3,insufficient_respondents,,,,,,
consumer_reviews_only,,Lexus NX,1.074674,0.745485,1,1,1,insufficient_respondents,,,,,,
consumer_reviews_only,,Lexus GX,0.936543,0.718401,4,4,4,insufficient_respondents,,,,,,
consumer_reviews_only,,Subaru Outback,0.912125,0.713435,1,1,1,insufficient_respondents,,,,,,
consumer_reviews_only,,Range Rover Sport,0.894686,0.709856,1,1,1,disconnected,,,,,,
consumer_reviews_only,,Nissan Pathfinder,0.588946,0.643123,2,2,2,insufficient_respondents,,,,,,
consumer_reviews_only,,Lincoln Aviator,0.556214,0.635576,2,2,2,insufficient_respondents,,,,,,
consumer_reviews_only,,Range Rover,0.500650,0.622612,1,1,1,insufficient_respondents,,,,,,
consumer_reviews_only,,Lincoln Navigator,0.475921,0.616784,3,3,1,insufficient_respondents,,,,,,
consumer_reviews_only,,Volkswagen Atlas,0.459996,0.613013,2,2,2,insufficient_respondents,,,,,,
consumer_reviews_only,,Lincoln Nautilus,0.307277,0.576221,2,2,2,insufficient_respondents,,,,,,
consumer_reviews_only,,Volkswagen Tiguan,0.249481,0.562049,1,1,1,insufficient_respondents,,,,,,
consumer_reviews_only,,BMW X5,0.138398,0.534544,4,4,4,insufficient_respondents,,,,,,
consumer_reviews_only,,Ford Explorer,0.095208,0.523784,4,4,3,insufficient_respondents,,,,,,
consumer_reviews_only,,Cadillac XT5,0.056304,0.514072,2,2,2,insufficient_respondents,,,,,,
consumer_reviews_only,3,Cadillac Escalade,-0.105022,0.473769,6,6,3,ranked,,,,,,
consumer_reviews_only,4,Toyota Highlander,-0.116496,0.470909,11,11,7,ranked,,,,,,
consumer_reviews_only,,Acura MDX,-0.388995,0.403959,1,1,1,insufficient_respondents,,,,,,
consumer_reviews_only,5,Lexus RX,-0.497211,0.378196,6,6,6,ranked,,,,,,
consumer_reviews_only,,Toyota Venza,-0.557572,0.364109,4,4,2,insufficient_respondents,,,,,,
consumer_reviews_only,,Audi Q5,-0.565261,0.362331,4,4,5,insufficient_respondents,,,,,,
consumer_reviews_only,6,Honda Pilot,-0.707317,0.330192,7,7,6,ranked,,,,,,
consumer_reviews_only,,BMW X1,-0.712097,0.329136,1,1,1,insufficient_respondents,,,,,,
consumer_reviews_only,,Chevrolet Tahoe,-0.733899,0.324340,2,2,2,insufficient_respondents,,,,,,
consumer_reviews_only,,Mazda CX-50,-0.819749,0.305817,2,2,2,insufficient_respondents,,,,,,
consumer_reviews_only,7,Honda CR-V,-0.854680,0.298452,6,6,6,ranked,,,,,,
consumer_reviews_only,,Volvo XC60,-0.874747,0.294268,3,3,3,insufficient_respondents,,,,,,
consumer_reviews_only,,Toyota 4Runner,-0.876610,0.293881,1,1,1,insufficient_respondents,,,,,,
consumer_reviews_only,,Toyota Land Cruiser,-0.876610,0.293881,1,1,1,insufficient_respondents,,,,,,
consumer_reviews_only,,Mercedes GLE AMG,-0.894686,0.290144,1,1,1,disconnected,,,,,,
consumer_reviews_only,8,Kia Telluride,-1.086316,0.252313,8,8,5,ranked,,,,,,
consumer_reviews_only,,Nissan Murano,-1.092257,0.251193,1,1,1,insufficient_respondents,,,,,,
consumer_reviews_only,,Jeep Grand Cherokee,-1.165631,0.237646,1,1,1,insufficient_respondents,,,,,,
consumer_reviews_only,,Mercedes GLC,-1.247639,0.223109,3,3,3,insufficient_respondents,,,,,,
consumer_reviews_only,,Mazda CX-5,-1.319617,0.210882,2,2,2,insufficient_respondents,,,,,,
consumer_reviews_only,,Toyota Sequoia,-1.940284,0.125617,2,2,2,insufficient_respondents,,,,,,
consumer_reviews_only,,Tesla Model X,-2.000813,0.119118,1,1,1,insufficient_respondents,,,,,,
consumer_reviews_only,,BMW X3,-2.109283,0.108198,3,3,2,insufficient_respondents,,,,,,
consumer_reviews_only,9,Toyota RAV4,-2.930737,0.050655,6,6,6,ranked,,,,,,
legacy_weights,1,Mercedes EQS SUV,3.786940,0.977837,9,8,3,ranked,,,,,,
legacy_weights,2,Cadillac Escalade IQ,2.948213,0.950179,7,6,4,ranked,,,,,,
legacy_weights,3,Range Rover,2.915115,0.948589,17,17,9,ranked,,,,,,
legacy_weights,4,Mazda CX-9,2.867972,0.946240,6,6,5,ranked,,,,,,
legacy_weights,5,Buick Enclave,2.865299,0.946104,8,8,5,ranked,,,,,,
legacy_weights,6,Cadillac XT6,2.360731,0.913783,9,9,6,ranked,,,,,,
legacy_weights,7,Infiniti QX80,2.343174,0.912390,6,6,5,ranked,,,,,,
legacy_weights,8,Lincoln Nautilus,2.251572,0.904786,17,17,9,ranked,,,,,,
legacy_weights,9,Mercedes GLS,2.244834,0.904204,21,21,9,ranked,,,,,,
legacy_weights,10,GMC Yukon,2.114718,0.892326,25,25,11,ranked,,,,,,
legacy_weights,11,Subaru Outback 2026,1.741010,0.850815,14,13,8,ranked,,,,,,
legacy_weights,12,Lexus LX,1.691533,0.844426,13,13,8,ranked,,,,,,
legacy_weights,,Land Rover,1.674979,0.842238,1,1,1,insufficient_respondents,,,,,,
legacy_weights,13,Hyundai Palisade,1.617122,0.834398,67,67,19,ranked,,,,,,
legacy_weights,14,Jeep Grand Wagoneer,1.597977,0.831736,9,9,5,ranked,,,,,,
legacy_weights,15,Volkswagen Atlas,1.574118,0.828370,17,17,6,ranked,,,,,,
legacy_weights,16,BMW iX,1.566609,0.827300,17,16,5,ranked,,,,,,
legacy_weights,17,Cadillac Escalade,1.512660,0.819455,30,29,12,ranked,,,,,,
legacy_weights,18,Audi Q8,1.506895,0.818601,7,7,5,ranked,,,,,,
legacy_weights,19,Lincoln Navigator,1.488086,0.815791,20,19,8,ranked,,,,,,
legacy_weights,20,Lincoln Aviator,1.459696,0.811486,17,15,8,ranked,,,,,,
legacy_weights,21,Range Rover Sport,1.374443,0.798097,12,12,7,ranked,,,,,,
legacy_weights,22,Audi Q7,1.354293,0.794831,13,13,6,ranked,,,,,,
legacy_weights,23,Nissan Murano,1.347385,0.793702,6,6,3,ranked,,,,,,
legacy_weights,24,Genesis GV70,1.180780,0.765088,13,13,7,ranked,,,,,,
legacy_weights,25,Mercedes GLE,1.139451,0.757579,34,34,10,ranked,,,,,,
legacy_weights,26,Lexus RX,1.000783,0.731212,34,34,19,ranked,,,,,,
legacy_weights,27,Subaru Ascent,0.994057,0.729889,21,21,10,ranked,,,,,,
legacy_weights,28,Acura MDX,0.962505,0.723623,11,11,7,ranked,,,,,,
legacy_weights,29,Lexus TX,0.849675,0.700499,11,11,6,ranked,,,,,,
legacy_weights,30,Lexus GX,0.840111,0.698489,34,34,14,ranked,,,,,,
legacy_weights,31,BMW X7,0.808989,0.691894,33,32,9,ranked,,,,,,
legacy_weights,32,Nissan Pathfinder,0.586833,0.642638,25,25,7,ranked,,,,,,
legacy_weights,,Jeep Grand Cherokee,0.491646,0.620494,4,4,4,insufficient_respondents,,,,,,
legacy_weights,33,Audi Q5,0.488485,0.619749,20,20,9,ranked,,,,,,
legacy_weights,34,Lincoln Corsair,0.477986,0.617272,10,9,7,ranked,,,,,,
legacy_weights,35,Volvo XC60,0.428616,0.605543,26,26,15,ranked,,,,,,
legacy_weights,36,Kia Telluride,0.362248,0.589584,53,53,16,ranked,,,,,,
legacy_weights,37,Volvo XC90,0.307330,0.576233,26,26,14,ranked,,,,,,
legacy_weights,38,Honda Pilot,0.209326,0.552141,67,65,13,ranked,,,,,,
legacy_weights,39,BMW X5,-0.012995,0.496751,85,80,26,ranked,,,,,,
legacy_weights,40,Genesis GV80,-0.066883,0.483285,17,17,8,ranked,,,,,,
legacy_weights,41,Volkswagen Tiguan,-0.090458,0.477401,15,15,4,ranked,,,,,,
legacy_weights,42,Porsche Macan,-0.101120,0.474742,10,10,4,ranked,,,,,,
legacy_weights,43,Toyota Venza,-0.158450,0.460470,16,15,4,ranked,,,,,,
legacy_weights,44,Toyota Grand Highlander,-0.164861,0.458878,17,17,6,ranked,,,,,,
legacy_weights,45,Subaru Outback,-0.169307,0.457774,45,45,8,ranked,,,,,,
legacy_weights,46,Lexus NX,-0.234956,0.441530,19,19,10,ranked,,,,,,
legacy_weights,47,Land Rover Defender,-0.270077,0.432888,23,22,6,ranked,,,,,,
legacy_weights,48,Toyota Highlander,-0.346166,0.414312,34,33,12,ranked,,,,,,
legacy_weights,49,Honda CR-V,-0.416426,0.397372,37,35,12,ranked,,,,,,
legacy_weights,50,Jeep Grand Cherokee L,-0.498687,0.377849,6,6,5,ranked,,,,,,
legacy_weights,51,Mercedes GLC,-0.541211,0.367906,14,14,8,ranked,,,,,,
legacy_weights,52,Honda Passport,-0.669397,0.338632,14,14,4,ranked,,,,,,
legacy_weights,53,Mercedes GLE AMG,-0.673218,0.337777,5,5,4,ranked,,,,,,
legacy_weights,54,Ford Explorer,-0.790041,0.312160,10,10,5,ranked,,,,,,
legacy_weights,55,Toyota Sequoia,-0.895841,0.289906,16,16,7,ranked,,,,,,
legacy_weights,56,Ford Expedition,-1.230336,0.226123,6,6,4,ranked,,,,,,
legacy_weights,57,Mazda CX-90,-1.301971,0.213833,16,15,4,ranked,,,,,,
legacy_weights,58,Cadillac XT5,-1.467603,0.187307,9,9,5,ranked,,,,,,
legacy_weights,,Hyundai Santa Fe,-1.477177,0.185854,7,7,2,insufficient_opponents,,,,,,
legacy_weights,59,Chevrolet Tahoe,-1.706880,0.153569,11,11,8,ranked,,,,,,
legacy_weights,60,Porsche Cayenne,-1.736492,0.149759,19,18,7,ranked,,,,,,
legacy_weights,61,Lexus GX 550,-1.737257,0.149662,24,22,10,ranked,,,,,,
legacy_weights,62,Subaru Crosstrek,-2.229458,0.097136,19,18,5,ranked,,,,,,
legacy_weights,63,Mazda CX-5,-2.248700,0.095462,14,14,9,ranked,,,,,,
legacy_weights,64,Tesla Model X,-2.375568,0.085055,28,27,8,ranked,,,,,,
legacy_weights,65,Subaru Forester,-2.423197,0.081421,16,15,6,ranked,,,,,,
legacy_weights,66,Mazda CX-50,-2.466207,0.078261,13,13,5,ranked,,,,,,
legacy_weights,67,Chevrolet Suburban,-2.507930,0.075304,8,8,5,ranked,,,,,,
legacy_weights,68,Toyota Land Cruiser,-2.645914,0.066241,12,12,4,ranked,,,,,,
legacy_weights,69,Rivian R1S,-2.850831,0.054638,27,27,12,ranked,,,,,,
legacy_weights,,Kia Sorento,-3.158349,0.040764,9,9,2,insufficient_opponents,,,,,,
legacy_weights,70,Toyota 4Runner,-3.395426,0.032439,28,28,8,ranked,,,,,,
legacy_weights,71,BMW X3,-3.524734,0.028617,20,20,10,ranked,,,,,,
legacy_weights,72,Toyota RAV4,-3.790613,0.022083,33,32,15,ranked,,,,,,
legacy_weights,73,BMW X1,-4.333953,0.012946,8,8,5,ranked,,,,,,
legacy_weights,74,Tesla Model Y,-4.625509,0.009704,20,20,9,ranked,,,,,,
prior_sd_1_5,1,Range Rover,1.857071,0.864955,16,16,8,ranked,,,,,,
prior_sd_1_5,2,Infiniti QX80,1.839811,0.862926,6,6,5,ranked,,,,,,
prior_sd_1_5,3,Lincoln Nautilus,1.700588,0.845612,16,16,9,ranked,,,,,,
prior_sd_1_5,4,Mercedes EQS SUV,1.650873,0.839009,9,8,3,ranked,,,,,,
prior_sd_1_5,5,Mercedes GLS,1.627007,0.835759,21,21,9,ranked,,,,,,
prior_sd_1_5,6,Subaru Outback 2026,1.579753,0.829170,14,13,8,ranked,,,,,,
prior_sd_1_5,7,Mazda CX-9,1.532905,0.822431,6,6,5,ranked,,,,,,
prior_sd_1_5,8,Volkswagen Atlas,1.528145,0.821735,16,16,6,ranked,,,,,,
prior_sd_1_5,9,GMC Yukon,1.454060,0.810622,24,24,11,ranked,,,,,,
prior_sd_1_5,10,Cadillac Escalade IQ,1.453765,0.810577,7,6,4,ranked,,,,,,
prior_sd_1_5,11,Buick Enclave,1.436342,0.807888,8,8,5,ranked,,,,,,
prior_sd_1_5,12,Hyundai Palisade,1.393902,0.801214,60,60,17,ranked,,,,,,
prior_sd_1_5,13,Cadillac XT6,1.324220,0.789883,9,9,6,ranked,,,,,,
prior_sd_1_5,14,Audi Q7,1.284298,0.783181,10,10,5,ranked,,,,,,
prior_sd_1_5,15,Lincoln Aviator,1.044522,0.739722,15,13,7,ranked,,,,,,
prior_sd_1_5,16,Jeep Grand Wagoneer,1.021855,0.735334,7,7,5,ranked,,,,,,
prior_sd_1_5,17,Nissan Murano,0.972147,0.725547,6,6,3,ranked,,,,,,
prior_sd_1_5,18,Range Rover Sport,0.957609,0.722643,12,12,7,ranked,,,,,,
prior_sd_1_5,19,Genesis GV70,0.902439,0.711450,13,13,7,ranked,,,,,,
prior_sd_1_5,20,Lexus LX,0.871186,0.704992,11,11,7,ranked,,,,,,
prior_sd_1_5,21,Lincoln Corsair,0.826520,0.695619,9,8,6,ranked,,,,,,
prior_sd_1_5,22,Acura MDX,0.819962,0.694228,11,11,7,ranked,,,,,,
prior_sd_1_5,23,Cadillac Escalade,0.816152,0.693419,28,27,11,ranked,,,,,,
prior_sd_1_5,24,Subaru Ascent,0.763466,0.682106,21,21,10,ranked,,,,,,
prior_sd_1_5,25,Lincoln Navigator,0.753781,0.680002,17,16,6,ranked,,,,,,
prior_sd_1_5,26,Nissan Pathfinder,0.702517,0.668746,25,25,7,ranked,,,,,,
prior_sd_1_5,27,Audi Q8,0.660123,0.659288,5,5,4,ranked,,,,,,
prior_sd_1_5,28,Volvo XC60,0.632850,0.653135,22,22,14,ranked,,,,,,
prior_sd_1_5,29,BMW iX,0.610368,0.648025,17,16,5,ranked,,,,,,
prior_sd_1_5,30,Lexus RX,0.586788,0.642628,30,30,17,ranked,,,,,,
prior_sd_1_5,31,Audi Q5,0.433229,0.606644,17,17,9,ranked,,,,,,
prior_sd_1_5,32,Mercedes GLE,0.418790,0.603194,33,33,10,ranked,,,,,,
prior_sd_1_5,33,Toyota Venza,0.395972,0.597719,16,15,4,ranked,,,,,,
prior_sd_1_5,34,BMW X7,0.384658,0.594996,32,31,9,ranked,,,,,,
prior_sd_1_5,35,Volkswagen Tiguan,0.356034,0.588080,15,15,4,ranked,,,,,,
prior_sd_1_5,36,Kia Telluride,0.348534,0.586262,53,53,16,ranked,,,,,,
prior_sd_1_5,37,Volvo XC90,0.333792,0.582682,24,24,14,ranked,,,,,,
prior_sd_1_5,,Jeep Grand Cherokee,0.300953,0.574676,4,4,4,insufficient_respondents,,,,,,
prior_sd_1_5,38,Honda Pilot,0.292647,0.572644,63,61,13,ranked,,,,,,
prior_sd_1_5,39,Subaru Outback,0.242956,0.560442,42,42,8,ranked,,,,,,
prior_sd_1_5,40,Lexus GX,0.225411,0.556115,34,34,14,ranked,,,,,,
prior_sd_1_5,41,Lexus TX,0.135519,0.533828,10,10,6,ranked,,,,,,
prior_sd_1_5,42,Porsche Macan,0.079333,0.519823,10,10,4,ranked,,,,,,
prior_sd_1_5,43,Honda CR-V,0.035039,0.508759,36,34,12,ranked,,,,,,
prior_sd_1_5,44,Lexus NX,0.029108,0.507277,16,16,8,ranked,,,,,,
prior_sd_1_5,45,Genesis GV80,-0.024324,0.493919,16,16,7,ranked,,,,,,
prior_sd_1_5,46,Land Rover Defender,-0.074294,0.481435,22,21,6,ranked,,,,,,
prior_sd_1_5,47,Toyota Highlander,-0.306947,0.423860,34,33,12,ranked,,,,,,
prior_sd_1_5,48,Honda Passport,-0.328986,0.418487,14,14,4,ranked,,,,,,
prior_sd_1_5,49,BMW X5,-0.366843,0.409304,84,79,26,ranked,,,,,,
prior_sd_1_5,50,Mercedes GLC,-0.498529,0.377886,12,12,7,ranked,,,,,,
prior_sd_1_5,51,Ford Explorer,-0.533371,0.369731,10,10,5,ranked,,,,,,
prior_sd_1_5,52,Ford Expedition,-0.560547,0.363421,6,6,4,ranked,,,,,,
prior_sd_1_5,,Hyundai Santa Fe,-0.621196,0.349509,7,7,2,insufficient_opponents,,,,,,
prior_sd_1_5,53,Toyota Grand Highlander,-0.686378,0.334839,14,14,6,ranked,,,,,,
prior_sd_1_5,54,Mercedes GLE AMG,-0.836941,0.302179,5,5,4,ranked,,,,,,
prior_sd_1_5,55,Cadillac XT5,-0.857257,0.297913,7,7,4,ranked,,,,,,
prior_sd_1_5,56,Mazda CX-90,-0.861343,0.297059,16,15,4,ranked,,,,,,
prior_sd_1_5,57,Jeep Grand Cherokee L,-0.884105,0.292328,6,6,5,ranked,,,,,,
prior_sd_1_5,58,Toyota Sequoia,-0.887698,0.291585,15,15,7,ranked,,,,,,
prior_sd_1_5,59,Mazda CX-5,-1.147062,0.241026,12,12,9,ranked,,,,,,
prior_sd_1_5,60,Lexus GX 550,-1.154619,0.239646,23,22,10,ranked,,,,,,
prior_sd_1_5,61,Subaru Crosstrek,-1.189520,0.233345,18,17,5,ranked,,,,,,
prior_sd_1_5,62,Porsche Cayenne,-1.343180,0.206988,19,18,7,ranked,,,,,,
prior_sd_1_5,63,Chevrolet Tahoe,-1.445027,0.190768,10,10,8,ranked,,,,,,
prior_sd_1_5,64,Chevrolet Suburban,-1.452824,0.189567,7,7,5,ranked,,,,,,
prior_sd_1_5,65,Subaru Forester,-1.472337,0.186588,15,14,6,ranked,,,,,,
prior_sd_1_5,66,Mazda CX-50,-1.639251,0.162567,12,12,5,ranked,,,,,,
prior_sd_1_5,67,Tesla Model X,-1.701477,0.154272,28,27,8,ranked,,,,,,
prior_sd_1_5,68,Rivian R1S,-1.795506,0.142399,27,27,12,ranked,,,,,,
prior_sd_1_5,,Kia Sorento,-1.821207,0.139289,9,9,2,insufficient_opponents,,,,,,
prior_sd_1_5,69,Toyota Land Cruiser,-1.877364,0.132692,12,12,4,ranked,,,,,,
prior_sd_1_5,70,BMW X3,-1.913658,0.128570,18,18,10,ranked,,,,,,
prior_sd_1_5,71,BMW X1,-2.312083,0.090127,8,8,5,ranked,,,,,,
prior_sd_1_5,72,Toyota RAV4,-2.407953,0.082568,32,31,14,ranked,,,,,,
prior_sd_1_5,73,Toyota 4Runner,-2.642927,0.066426,28,28,8,ranked,,,,,,
prior_sd_1_5,74,Tesla Model Y,-2.972244,0.048696,19,19,8,ranked,,,,,,
prior_sd_5_0,1,Infiniti QX80,3.860735,0.979382,6,6,5,ranked,,,,,,
prior_sd_5_0,2,Mazda CX-9,3.357636,0.966354,6,6,5,ranked,,,,,,
prior_sd_5_0,3,Cadillac Escalade IQ,3.071054,0.955683,7,6,4,ranked,,,,,,
prior_sd_5_0,4,Mercedes EQS SUV,2.861048,0.945887,9,8,3,ranked,,,,,,
prior_sd_5_0,5,Range Rover,2.849621,0.945299,16,16,8,ranked,,,,,,
prior_sd_5_0,6,GMC Yukon,2.563458,0.928472,24,24,11,ranked,,,,,,
prior_sd_5_0,7,Mercedes GLS,2.530656,0.926263,21,21,9,ranked,,,,,,
prior_sd_5_0,8,Jeep Grand Wagoneer,2.395664,0.916496,7,7,5,ranked,,,,,,
prior_sd_5_0,9,Cadillac XT6,2.232056,0.903091,9,9,6,ranked,,,,,,
prior_sd_5_0,10,Lincoln Nautilus,2.189208,0.899276,16,16,9,ranked,,,,,,
prior_sd_5_0,11,Buick Enclave,2.174849,0.897968,8,8,5,ranked,,,,,,
prior_sd_5_0,12,Audi Q7,1.986170,0.879337,10,10,5,ranked,,,,,,
prior_sd_5_0,13,Lincoln Navigator,1.957339,0.876245,17,16,6,ranked,,,,,,
prior_sd_5_0,14,Cadillac Escalade,1.948578,0.875292,28,27,11,ranked,,,,,,
prior_sd_5_0,15,Volkswagen Atlas,1.855478,0.864769,16,16,6,ranked,,,,,,
prior_sd_5_0,16,Subaru Outback 2026,1.719496,0.848064,14,13,8,ranked,,,,,,
prior_sd_5_0,17,Lexus LX,1.629818,0.836145,11,11,7,ranked,,,,,,
prior_sd_5_0,18,Hyundai Palisade,1.586437,0.830114,60,60,17,ranked,,,,,,
prior_sd_5_0,19,Lincoln Aviator,1.549655,0.824864,15,13,7,ranked,,,,,,
prior_sd_5_0,20,Nissan Murano,1.494561,0.816762,6,6,3,ranked,,,,,,
prior_sd_5_0,21,Audi Q8,1.488372,0.815834,5,5,4,ranked,,,,,,
prior_sd_5_0,22,Acura MDX,1.430076,0.806913,11,11,7,ranked,,,,,,
prior_sd_5_0,23,Range Rover Sport,1.355692,0.795059,12,12,7,ranked,,,,,,
prior_sd_5_0,24,BMW iX,1.318602,0.788949,17,16,5,ranked,,,,,,
prior_sd_5_0,25,Genesis GV70,1.239835,0.775535,13,13,7,ranked,,,,,,
prior_sd_5_0,26,Lincoln Corsair,1.228631,0.773579,9,8,6,ranked,,,,,,
prior_sd_5_0,27,BMW X7,1.089075,0.748208,32,31,9,ranked,,,,,,
prior_sd_5_0,28,Nissan Pathfinder,0.937040,0.718501,25,25,7,ranked,,,,,,
prior_sd_5_0,29,Lexus RX,0.827313,0.695786,30,30,17,ranked,,,,,,
prior_sd_5_0,,Jeep Grand Cherokee,0.806599,0.691384,4,4,4,insufficient_respondents,,,,,,
prior_sd_5_0,30,Volvo XC60,0.800254,0.690029,22,22,14,ranked,,,,,,
prior_sd_5_0,31,Subaru Ascent,0.747056,0.678537,21,21,10,ranked,,,,,,
prior_sd_5_0,32,Mercedes GLE,0.745238,0.678140,33,33,10,ranked,,,,,,
prior_sd_5_0,33,Volvo XC90,0.651816,0.657420,24,24,14,ranked,,,,,,
prior_sd_5_0,34,Audi Q5,0.626487,0.651692,17,17,9,ranked,,,,,,
prior_sd_5_0,35,Lexus GX,0.441943,0.608722,34,34,14,ranked,,,,,,
prior_sd_5_0,36,Genesis GV80,0.398740,0.598385,16,16,7,ranked,,,,,,
prior_sd_5_0,37,Lexus TX,0.367702,0.590904,10,10,6,ranked,,,,,,
prior_sd_5_0,38,Honda Pilot,0.366567,0.590629,63,61,13,ranked,,,,,,
prior_sd_5_0,39,Kia Telluride,0.351429,0.586964,53,53,16,ranked,,,,,,
prior_sd_5_0,40,Porsche Macan,0.253609,0.563065,10,10,4,ranked,,,,,,
prior_sd_5_0,41,Lexus NX,0.128501,0.532081,16,16,8,ranked,,,,,,
prior_sd_5_0,42,Toyota Venza,0.109958,0.527462,16,15,4,ranked,,,,,,
prior_sd_5_0,43,Land Rover Defender,0.048707,0.512174,22,21,6,ranked,,,,,,
prior_sd_5_0,44,BMW X5,-0.040221,0.489946,84,79,26,ranked,,,,,,
prior_sd_5_0,45,Volkswagen Tiguan,-0.084607,0.478861,15,15,4,ranked,,,,,,
prior_sd_5_0,46,Subaru Outback,-0.204415,0.449073,42,42,8,ranked,,,,,,
prior_sd_5_0,47,Toyota Highlander,-0.248985,0.438073,34,33,12,ranked,,,,,,
prior_sd_5_0,48,Honda Passport,-0.366377,0.409417,14,14,4,ranked,,,,,,
prior_sd_5_0,49,Honda CR-V,-0.423739,0.395622,36,34,12,ranked,,,,,,
prior_sd_5_0,50,Toyota Grand Highlander,-0.698502,0.332144,14,14,6,ranked,,,,,,
prior_sd_5_0,51,Ford Explorer,-0.720235,0.327341,10,10,5,ranked,,,,,,
prior_sd_5_0,52,Mercedes GLC,-0.894885,0.290103,12,12,7,ranked,,,,,,
prior_sd_5_0,53,Toyota Sequoia,-0.933984,0.282117,15,15,7,ranked,,,,,,
prior_sd_5_0,54,Mercedes GLE AMG,-1.016828,0.265646,5,5,4,ranked,,,,,,
prior_sd_5_0,55,Mazda CX-90,-1.032176,0.262662,16,15,4,ranked,,,,,,
prior_sd_5_0,56,Porsche Cayenne,-1.292692,0.215397,19,18,7,ranked,,,,,,
prior_sd_5_0,57,Jeep Grand Cherokee L,-1.485716,0.184566,6,6,5,ranked,,,,,,
prior_sd_5_0,58,Ford Expedition,-1.588589,0.169583,6,6,4,ranked,,,,,,
prior_sd_5_0,59,Cadillac XT5,-1.738662,0.149483,7,7,4,ranked,,,,,,
prior_sd_5_0,60,Lexus GX 550,-1.868355,0.133732,23,22,10,ranked,,,,,,
prior_sd_5_0,61,Mazda CX-5,-1.912506,0.128700,12,12,9,ranked,,,,,,
prior_sd_5_0,62,Subaru Crosstrek,-1.998219,0.119390,18,17,5,ranked,,,,,,
prior_sd_5_0,,Hyundai Santa Fe,-2.015902,0.117543,7,7,2,insufficient_opponents,,,,,,
prior_sd_5_0,63,Chevrolet Tahoe,-2.193628,0.100324,10,10,8,ranked,,,,,,
prior_sd_5_0,64,Subaru Forester,-2.322469,0.089279,15,14,6,ranked,,,,,,
prior_sd_5_0,65,Mazda CX-50,-2.662775,0.065206,12,12,5,ranked,,,,,,
prior_sd_5_0,66,Rivian R1S,-2.669069,0.064823,27,27,12,ranked,,,,,,
prior_sd_5_0,67,Tesla Model X,-2.757516,0.059664,28,27,8,ranked,,,,,,
prior_sd_5_0,68,Chevrolet Suburban,-2.894390,0.052432,7,7,5,ranked,,,,,,
prior_sd_5_0,69,Toyota Land Cruiser,-3.191717,0.039479,12,12,4,ranked,,,,,,
prior_sd_5_0,70,Toyota RAV4,-3.381777,0.032870,32,31,14,ranked,,,,,,
prior_sd_5_0,,Kia Sorento,-3.565322,0.027510,9,9,2,insufficient_opponents,,,,,,
prior_sd_5_0,71,Toyota 4Runner,-3.883927,0.020155,28,28,8,ranked,,,,,,
prior_sd_5_0,72,BMW X3,-3.981632,0.018314,18,18,10,ranked,,,,,,
prior_sd_5_0,73,Tesla Model Y,-4.592832,0.010023,19,19,8,ranked,,,,,,
prior_sd_5_0,74,BMW X1,-4.910108,0.007318,8,8,5,ranked,,,,,,
axis_ride,1,Jeep Grand Wagoneer,3.157573,0.959206,5,5,4,ranked,,,,,,
axis_ride,2,Cadillac XT6,2.884274,0.947064,5,5,3,ranked,,,,,,
axis_ride,3,Mercedes GLS,2.431203,0.919176,11,11,4,ranked,,,,,,
axis_ride,,Mercedes EQS SUV,2.309709,0.909678,3,3,2,insufficient_respondents,,,,,,
axis_ride,4,GMC Yukon,2.294502,0.908421,15,15,10,ranked,,,,,,
axis_ride,5,Range Rover,2.279709,0.907183,7,7,5,ranked,,,,,,
axis_ride,,Buick Enclave,2.271162,0.906460,3,3,3,insufficient_respondents,,,,,,
axis_ride,,Audi Q8,2.145656,0.895262,4,4,3,insufficient_respondents,,,,,,
axis_ride,6,Lincoln Nautilus,2.124517,0.893263,7,7,4,ranked,,,,,,
axis_ride,,Volkswagen Tiguan,2.075091,0.888458,3,3,3,insufficient_respondents,,,,,,
axis_ride,7,Porsche Macan,1.662798,0.840613,6,6,4,ranked,,,,,,
axis_ride,8,Genesis GV70,1.503628,0.818115,6,6,5,ranked,,,,,,
axis_ride,9,Acura MDX,1.450768,0.810117,6,6,6,ranked,,,,,,
axis_ride,10,Audi Q7,1.438707,0.808254,7,7,4,ranked,,,,,,
axis_ride,11,Range Rover Sport,1.303925,0.786495,9,9,7,ranked,,,,,,
axis_ride,12,Honda CR-V,1.166407,0.762495,12,12,5,ranked,,,,,,
axis_ride,,Infiniti QX80,1.160975,0.761510,2,2,2,insufficient_respondents,,,,,,
axis_ride,,Cadillac Escalade IQ,1.127045,0.755293,3,3,3,insufficient_respondents,,,,,,
axis_ride,13,Subaru Ascent,1.100900,0.750429,10,10,7,ranked,,,,,,
axis_ride,14,Lincoln Aviator,1.078928,0.746291,7,7,5,ranked,,,,,,
axis_ride,15,Mercedes GLE,1.072559,0.745083,22,22,9,ranked,,,,,,
axis_ride,16,Lexus RX,1.071777,0.744935,19,19,13,ranked,,,,,,
axis_ride,17,Audi Q5,1.021089,0.735185,8,8,5,ranked,,,,,,
axis_ride,,Jeep Grand Cherokee,0.944967,0.720102,2,2,2,insufficient_respondents,,,,,,
axis_ride,18,Subaru Outback 2026,0.902415,0.711445,5,5,4,ranked,,,,,,
axis_ride,19,BMW X7,0.879598,0.706739,20,20,7,ranked,,,,,,
axis_ride,20,Subaru Outback,0.817914,0.693793,19,19,6,ranked,,,,,,
axis_ride,21,Volvo XC60,0.773525,0.684283,5,5,4,ranked,,,,,,
axis_ride,22,BMW iX,0.768346,0.683163,6,6,5,ranked,,,,,,
axis_ride,23,Hyundai Palisade,0.735527,0.676017,32,32,12,ranked,,,,,,
axis_ride,,Lincoln Corsair,0.689235,0.665797,4,4,3,insufficient_respondents,,,,,,
axis_ride,24,Land Rover Defender,0.673398,0.662264,14,14,5,ranked,,,,,,
axis_ride,,Mazda CX-9,0.657604,0.658722,1,1,1,insufficient_respondents,,,,,,
axis_ride,,Lexus LX,0.618822,0.649950,3,3,3,insufficient_respondents,,,,,,
axis_ride,,Lexus TX,0.415256,0.602347,4,4,3,insufficient_respondents,,,,,,
axis_ride,,Mercedes GLE AMG,0.380141,0.593907,2,2,2,insufficient_respondents,,,,,,
axis_ride,25,Lexus GX,0.177875,0.544352,20,20,12,ranked,,,,,,
axis_ride,26,Toyota Highlander,0.172281,0.542964,16,16,8,ranked,,,,,,
axis_ride,27,Volkswagen Atlas,0.168227,0.541958,7,7,4,ranked,,,,,,
axis_ride,28,Cadillac Escalade,0.102334,0.525561,15,15,7,ranked,,,,,,
axis_ride,29,Lexus NX,0.020465,0.505116,5,5,4,ranked,,,,,,
axis_ride,30,Honda Pilot,-0.045405,0.488651,27,26,10,ranked,,,,,,
axis_ride,,Honda Passport,-0.072402,0.481907,4,4,3,insufficient_respondents,,,,,,
axis_ride,31,Genesis GV80,-0.103883,0.474053,9,9,6,ranked,,,,,,
axis_ride,,Mercedes GLC,-0.137852,0.465591,2,2,2,insufficient_respondents,,,,,,
axis_ride,32,Toyota Venza,-0.143605,0.464160,9,9,3,ranked,,,,,,
axis_ride,33,Nissan Pathfinder,-0.185719,0.453703,7,7,4,ranked,,,,,,
axis_ride,34,Volvo XC90,-0.259458,0.435497,11,11,9,ranked,,,,,,
axis_ride,35,BMW X5,-0.260905,0.435141,51,50,20,ranked,,,,,,
axis_ride,36,Lincoln Navigator,-0.580121,0.358905,12,12,6,ranked,,,,,,
axis_ride,37,Kia Telluride,-0.716669,0.328127,27,27,12,ranked,,,,,,
axis_ride,38,Subaru Crosstrek,-0.786431,0.312936,6,6,3,ranked,,,,,,
axis_ride,,Cadillac XT5,-0.949414,0.279003,5,5,2,insufficient_opponents,,,,,,
axis_ride,39,BMW X3,-0.998612,0.269214,7,7,5,ranked,,,,,,
axis_ride,40,Mazda CX-5,-1.124936,0.245097,5,5,5,ranked,,,,,,
axis_ride,41,Tesla Model X,-1.159729,0.238716,10,10,6,ranked,,,,,,
axis_ride,42,Toyota Grand Highlander,-1.230975,0.226011,11,11,5,ranked,,,,,,
axis_ride,43,Porsche Cayenne,-1.380255,0.200968,10,10,6,ranked,,,,,,
axis_ride,,Chevrolet Tahoe,-1.425668,0.193775,3,3,3,insufficient_respondents,,,,,,
axis_ride,,Mazda CX-50,-1.482957,0.184981,3,3,2,insufficient_respondents,,,,,,
axis_ride,44,Mazda CX-90,-1.548500,0.175303,6,6,4,ranked,,,,,,
axis_ride,45,Toyota Land Cruiser,-1.591135,0.169224,6,6,3,ranked,,,,,,
axis_ride,,Jeep Grand Cherokee L,-1.694305,0.155211,2,2,2,insufficient_respondents,,,,,,
axis_ride,46,Ford Explorer,-1.748412,0.148248,8,8,4,ranked,,,,,,
axis_ride,47,Rivian R1S,-1.754948,0.147424,15,15,11,ranked,,,,,,
axis_ride,48,Chevrolet Suburban,-1.787053,0.143434,5,5,5,ranked,,,,,,
axis_ride,,Nissan Murano,-1.801415,0.141679,2,2,2,insufficient_respondents,,,,,,
axis_ride,,Hyundai Santa Fe,-1.864388,0.134192,5,5,2,insufficient_opponents,,,,,,
axis_ride,,Toyota Sequoia,-1.890851,0.131147,3,3,3,insufficient_respondents,,,,,,
axis_ride,49,Lexus GX 550,-1.985460,0.120738,15,14,8,ranked,,,,,,
axis_ride,,Kia Sorento,-2.046631,0.114393,4,4,2,insufficient_respondents,,,,,,
axis_ride,50,Subaru Forester,-2.096077,0.109479,5,5,3,ranked,,,,,,
axis_ride,,BMW X1,-2.709683,0.062404,3,3,2,insufficient_respondents,,,,,,
axis_ride,,Ford Expedition,-2.736804,0.060836,3,3,3,insufficient_respondents,,,,,,
axis_ride,51,Toyota 4Runner,-2.907896,0.051765,14,14,7,ranked,,,,,,
axis_ride,52,Toyota RAV4,-3.107799,0.042787,11,11,6,ranked,,,,,,
axis_ride,53,Tesla Model Y,-3.714474,0.023789,14,14,7,ranked,,,,,,
axis_seats,,Lincoln Nautilus,2.359010,0.913648,2,2,2,insufficient_respondents,,,,,,
axis_seats,,Lincoln Aviator,2.294986,0.908461,3,1,3,insufficient_respondents,,,,,,
axis_seats,,Mazda CX-9,2.198948,0.900155,3,3,3,insufficient_respondents,,,,,,
axis_seats,,Infiniti QX80,2.179001,0.898348,4,4,4,insufficient_respondents,,,,,,
axis_seats,,Volkswagen Atlas,2.148713,0.895548,2,2,2,insufficient_respondents,,,,,,
axis_seats,,Subaru Outback 2026,2.144260,0.895131,3,3,3,insufficient_respondents,,,,,,
axis_seats,,GMC Yukon,1.986883,0.879413,4,4,4,insufficient_respondents,,,,,,
axis_seats,,Genesis GV70,1.886077,0.868308,1,1,2,insufficient_respondents,,,,,,
axis_seats,1,Volvo XC60,1.804677,0.858717,11,11,11,ranked,,,,,,
axis_seats,,Range Rover,1.716206,0.847639,3,3,2,insufficient_respondents,,,,,,
axis_seats,,Mercedes GLS,1.673623,0.842058,4,4,3,insufficient_respondents,,,,,,
axis_seats,2,Nissan Pathfinder,1.637176,0.837150,10,10,4,ranked,,,,,,
axis_seats,3,Volvo XC90,1.353394,0.794684,7,7,4,ranked,,,,,,
axis_seats,,Lexus RX,1.131967,0.756202,1,1,1,insufficient_respondents,,,,,,
axis_seats,,Audi Q7,1.019246,0.734826,1,1,1,insufficient_respondents,,,,,,
axis_seats,,Mercedes EQS SUV,0.979087,0.726927,1,1,1,insufficient_respondents,,,,,,
axis_seats,,Subaru Ascent,0.967101,0.724541,3,3,2,insufficient_respondents,,,,,,
axis_seats,,Ford Expedition,0.856562,0.701942,1,1,1,insufficient_respondents,,,,,,
axis_seats,4,Kia Telluride,0.844798,0.699475,13,13,6,ranked,,,,,,
axis_seats,,Toyota Venza,0.820344,0.694309,1,1,1,insufficient_respondents,,,,,,
axis_seats,,Lincoln Navigator,0.772913,0.684151,5,5,2,insufficient_opponents,,,,,,
axis_seats,5,Hyundai Palisade,0.767606,0.683003,10,10,8,ranked,,,,,,
axis_seats,,Acura MDX,0.646616,0.656248,4,4,2,insufficient_respondents,,,,,,
axis_seats,,Range Rover Sport,0.639435,0.654626,1,1,1,insufficient_respondents,,,,,,
axis_seats,6,Subaru Outback,0.631381,0.652803,7,7,4,ranked,,,,,,
axis_seats,,Hyundai Santa Fe,0.547512,0.633558,1,1,1,insufficient_respondents,,,,,,
axis_seats,,Buick Enclave,0.446401,0.609783,2,2,2,insufficient_respondents,,,,,,
axis_seats,,Cadillac XT6,0.413623,0.601956,2,2,2,insufficient_respondents,,,,,,
axis_seats,7,Honda Pilot,0.357817,0.588512,21,21,8,ranked,,,,,,
axis_seats,,Toyota Sequoia,0.306640,0.576065,3,3,3,insufficient_respondents,,,,,,
axis_seats,,Toyota RAV4,0.278876,0.569271,3,3,2,insufficient_respondents,,,,,,
axis_seats,,Subaru Forester,0.188441,0.546971,4,4,3,insufficient_respondents,,,,,,
axis_seats,,Lexus NX,0.075760,0.518931,2,2,2,insufficient_respondents,,,,,,
axis_seats,,Audi Q5,-0.070084,0.482486,3,3,3,insufficient_respondents,,,,,,
axis_seats,8,Honda Passport,-0.093276,0.476698,7,7,3,ranked,,,,,,
axis_seats,,Volkswagen Tiguan,-0.118937,0.470301,3,3,3,insufficient_respondents,,,,,,
axis_seats,,Lexus LX,-0.188712,0.452962,3,3,3,insufficient_respondents,,,,,,
axis_seats,9,Cadillac Escalade,-0.363464,0.410121,8,8,4,ranked,,,,,,
axis_seats,10,Lexus GX,-0.376847,0.406888,6,6,4,ranked,,,,,,
axis_seats,,Lexus TX,-0.382901,0.405427,3,3,2,insufficient_respondents,,,,,,
axis_seats,,Lexus GX 550,-0.453823,0.388452,3,3,3,insufficient_respondents,,,,,,
axis_seats,,Chevrolet Suburban,-0.486092,0.380815,1,1,1,insufficient_respondents,,,,,,
axis_seats,,Porsche Macan,-0.544547,0.367131,1,1,1,insufficient_respondents,,,,,,
axis_seats,,Mercedes GLE AMG,-0.589107,0.356840,1,1,1,insufficient_respondents,,,,,,
axis_seats,,BMW X1,-0.600478,0.354234,3,3,3,insufficient_respondents,,,,,,
axis_seats,11,BMW X5,-0.616246,0.350636,17,16,11,ranked,,,,,,
axis_seats,12,Rivian R1S,-0.645108,0.344093,6,6,4,ranked,,,,,,
axis_seats,,BMW iX,-0.704251,0.330870,3,3,2,insufficient_respondents,,,,,,
axis_seats,13,Mazda CX-90,-0.733892,0.324341,6,6,3,ranked,,,,,,
axis_seats,,Subaru Crosstrek,-0.793252,0.311471,5,5,2,insufficient_opponents,,,,,,
axis_seats,,Jeep Grand Wagoneer,-0.948255,0.279236,1,1,1,insufficient_respondents,,,,,,
axis_seats,,Toyota Grand Highlander,-0.950622,0.278760,1,1,1,insufficient_respondents,,,,,,
axis_seats,,Chevrolet Tahoe,-0.983449,0.272208,2,2,2,insufficient_respondents,,,,,,
axis_seats,,Genesis GV80,-1.063365,0.256667,3,3,1,insufficient_respondents,,,,,,
axis_seats,14,Honda CR-V,-1.069563,0.255486,8,8,5,ranked,,,,,,
axis_seats,,Land Rover Defender,-1.269266,0.219383,3,3,1,insufficient_respondents,,,,,,
axis_seats,,Mercedes GLE,-1.367345,0.203049,6,6,2,insufficient_opponents,,,,,,
axis_seats,15,BMW X7,-1.484341,0.184773,6,6,4,ranked,,,,,,
axis_seats,,Porsche Cayenne,-1.532387,0.177645,2,2,2,insufficient_respondents,,,,,,
axis_seats,,Jeep Grand Cherokee L,-1.557072,0.174067,1,1,1,insufficient_respondents,,,,,,
axis_seats,,Mercedes GLC,-1.561430,0.173442,4,4,3,insufficient_respondents,,,,,,
axis_seats,16,Toyota Highlander,-1.584870,0.170107,7,7,4,ranked,,,,,,
axis_seats,,Audi Q8,-1.645355,0.161738,1,1,1,insufficient_respondents,,,,,,
axis_seats,,Kia Sorento,-1.795761,0.142368,4,4,2,insufficient_respondents,,,,,,
axis_seats,,BMW X3,-2.003832,0.118801,4,4,4,insufficient_respondents,,,,,,
axis_seats,17,Mazda CX-50,-2.252712,0.095116,5,5,3,ranked,,,,,,
axis_seats,,Mazda CX-5,-2.271958,0.093472,4,4,3,insufficient_respondents,,,,,,
axis_seats,,Tesla Model X,-2.451849,0.079303,3,3,2,insufficient_respondents,,,,,,
axis_seats,,Toyota 4Runner,-2.520634,0.074424,4,4,3,insufficient_respondents,,,,,,
axis_nvh,,Cadillac Escalade IQ,2.426746,0.918844,2,2,2,insufficient_respondents,,,,,,
axis_nvh,1,Subaru Outback 2026,2.339880,0.912126,5,5,4,ranked,,,,,,
axis_nvh,2,Volkswagen Atlas,2.173551,0.897849,5,5,3,ranked,,,,,,
axis_nvh,,Nissan Murano,2.084758,0.889413,3,3,1,insufficient_respondents,,,,,,
axis_nvh,,Mercedes EQS SUV,2.076304,0.888579,3,3,3,insufficient_respondents,,,,,,
axis_nvh,,Mazda CX-90,1.932138,0.873486,1,1,1,insufficient_respondents,,,,,,
axis_nvh,,Cadillac Escalade,1.833944,0.862231,4,4,3,insufficient_respondents,,,,,,
axis_nvh,,Genesis GV80,1.780674,0.855780,2,2,2,insufficient_respondents,,,,,,
axis_nvh,,Genesis GV70,1.704609,0.846136,2,2,2,insufficient_respondents,,,,,,
axis_nvh,,Audi Q7,1.488264,0.815818,3,3,2,insufficient_respondents,,,,,,
axis_nvh,3,Toyota Venza,1.460243,0.811570,5,5,4,ranked,,,,,,
axis_nvh,,Mercedes GLE,1.382360,0.799370,2,2,2,insufficient_respondents,,,,,,
axis_nvh,,Lexus GX 550,1.301253,0.786046,3,3,2,insufficient_respondents,,,,,,
axis_nvh,,BMW X7,1.210719,0.770426,4,4,4,insufficient_respondents,,,,,,
axis_nvh,4,BMW iX,1.148875,0.759305,5,5,3,ranked,,,,,,
axis_nvh,,Hyundai Santa Fe,1.146437,0.758859,2,2,1,disconnected,,,,,,
axis_nvh,,Mercedes GLS,1.143349,0.758294,2,2,2,insufficient_respondents,,,,,,
axis_nvh,5,Kia Telluride,1.128006,0.755471,8,8,6,ranked,,,,,,
axis_nvh,,Range Rover Sport,1.106782,0.751529,2,2,2,insufficient_respondents,,,,,,
axis_nvh,,Mazda CX-9,0.949945,0.721104,2,2,2,insufficient_respondents,,,,,,
axis_nvh,6,Lexus GX,0.918907,0.714819,6,6,4,ranked,,,,,,
axis_nvh,7,Hyundai Palisade,0.896690,0.710269,9,9,7,ranked,,,,,,
axis_nvh,,Audi Q5,0.890774,0.709050,2,2,2,insufficient_respondents,,,,,,
axis_nvh,,Lincoln Nautilus,0.866466,0.704010,4,4,4,insufficient_respondents,,,,,,
axis_nvh,8,Subaru Ascent,0.496316,0.621593,5,5,8,ranked,,,,,,
axis_nvh,,Jeep Grand Cherokee L,0.456770,0.612248,2,2,3,insufficient_respondents,,,,,,
axis_nvh,,Lincoln Aviator,0.402578,0.599307,2,2,2,insufficient_respondents,,,,,,
axis_nvh,,Lexus LX,0.335671,0.583139,1,1,1,insufficient_respondents,,,,,,
axis_nvh,,Lincoln Corsair,0.333829,0.582691,2,2,2,insufficient_respondents,,,,,,
axis_nvh,9,Volkswagen Tiguan,0.297723,0.573886,5,5,3,ranked,,,,,,
axis_nvh,10,Honda Pilot,0.207784,0.551760,12,12,9,ranked,,,,,,
axis_nvh,11,Subaru Outback,0.197543,0.549226,14,14,8,ranked,,,,,,
axis_nvh,,Mazda CX-5,0.187559,0.546753,2,2,2,insufficient_respondents,,,,,,
axis_nvh,,Ford Explorer,0.169977,0.542392,1,1,1,insufficient_respondents,,,,,,
axis_nvh,,GMC Yukon,0.158965,0.539658,4,4,3,insufficient_respondents,,,,,,
axis_nvh,,Buick Enclave,0.126972,0.531700,4,4,3,insufficient_respondents,,,,,,
axis_nvh,,Range Rover,0.064678,0.516164,3,3,2,insufficient_respondents,,,,,,
axis_nvh,12,Lexus NX,0.024648,0.506162,5,5,5,ranked,,,,,,
axis_nvh,13,Nissan Pathfinder,0.006086,0.501522,5,5,3,ranked,,,,,,
axis_nvh,,Cadillac XT6,-0.492288,0.379355,2,2,2,insufficient_respondents,,,,,,
axis_nvh,14,BMW X5,-0.613830,0.351186,7,7,7,ranked,,,,,,
axis_nvh,,Lexus TX,-0.703971,0.330932,4,4,4,insufficient_respondents,,,,,,
axis_nvh,15,Honda CR-V,-0.729817,0.325235,10,10,7,ranked,,,,,,
axis_nvh,,Porsche Macan,-0.745003,0.321911,2,2,1,insufficient_respondents,,,,,,
axis_nvh,,Mercedes GLC,-0.797497,0.310561,3,3,3,insufficient_respondents,,,,,,
axis_nvh,,Chevrolet Tahoe,-0.797793,0.310498,2,2,2,insufficient_respondents,,,,,,
axis_nvh,,Mercedes GLE AMG,-0.804929,0.308972,1,1,1,insufficient_respondents,,,,,,
axis_nvh,,Mazda CX-50,-0.870859,0.295076,1,1,1,insufficient_respondents,,,,,,
axis_nvh,,Jeep Grand Cherokee,-0.906971,0.287620,1,1,1,insufficient_respondents,,,,,,
axis_nvh,16,Tesla Model X,-0.973528,0.274178,10,10,4,ranked,,,,,,
axis_nvh,,Kia Sorento,-1.146437,0.241141,2,2,1,disconnected,,,,,,
axis_nvh,17,Lexus RX,-1.163797,0.237978,6,6,5,ranked,,,,,,
axis_nvh,,Volvo XC90,-1.184259,0.234287,3,3,3,insufficient_respondents,,,,,,
axis_nvh,18,Subaru Crosstrek,-1.190572,0.233157,6,5,3,ranked,,,,,,
axis_nvh,,Toyota Land Cruiser,-1.284755,0.216742,5,5,2,insufficient_opponents,,,,,,
axis_nvh,,BMW X1,-1.306283,0.213109,1,1,1,insufficient_respondents,,,,,,
axis_nvh,,Volvo XC60,-1.306283,0.213109,1,1,1,insufficient_respondents,,,,,,
axis_nvh,19,Toyota 4Runner,-1.345673,0.206579,6,6,4,ranked,,,,,,
axis_nvh,,Rivian R1S,-1.389967,0.199413,4,4,2,insufficient_respondents,,,,,,
axis_nvh,20,Toyota Highlander,-1.480914,0.185289,11,11,8,ranked,,,,,,
axis_nvh,,Tesla Model Y,-1.658840,0.159918,4,4,2,insufficient_respondents,,,,,,
axis_nvh,,Honda Passport,-1.727239,0.150941,2,2,2,insufficient_respondents,,,,,,
axis_nvh,,BMW X3,-1.745518,0.148613,1,1,1,insufficient_respondents,,,,,,
axis_nvh,,Land Rover Defender,-1.874112,0.133067,3,3,2,insufficient_respondents,,,,,,
axis_nvh,,Toyota Grand Highlander,-1.985417,0.120743,2,2,2,insufficient_respondents,,,,,,
axis_nvh,,Toyota Sequoia,-2.533329,0.073554,4,4,4,insufficient_respondents,,,,,,
axis_nvh,,Subaru Forester,-2.691764,0.063461,5,4,4,insufficient_respondents,,,,,,
axis_nvh,21,Toyota RAV4,-3.407126,0.032073,15,15,9,ranked,,,,,,
axis_overall,1,Hyundai Palisade,2.694943,0.936728,9,9,8,ranked,,,,,,
axis_overall,,Lexus LX,2.595212,0.930553,4,4,5,insufficient_respondents,,,,,,
axis_overall,,Toyota Grand Highlander,2.219465,0.901984,1,1,2,insufficient_respondents,,,,,,
axis_overall,,Range Rover,2.043782,0.885318,3,3,3,insufficient_respondents,,,,,,
axis_overall,,Lincoln Aviator,2.014852,0.882348,4,4,4,insufficient_respondents,,,,,,
axis_overall,,Lincoln Corsair,1.711676,0.847054,2,2,2,insufficient_respondents,,,,,,
axis_overall,,Lincoln Navigator,1.407351,0.803348,2,2,2,insufficient_respondents,,,,,,
axis_overall,,Genesis GV80,1.338204,0.792194,3,3,2,insufficient_respondents,,,,,,
axis_overall,,GMC Yukon,1.294480,0.784904,1,1,1,insufficient_respondents,,,,,,
axis_overall,,Volvo XC90,1.178747,0.764723,3,3,2,insufficient_respondents,,,,,,
axis_overall,,Audi Q7,1.168169,0.762814,1,1,1,insufficient_respondents,,,,,,
axis_overall,,Ford Expedition,1.146437,0.758859,2,2,1,disconnected,,,,,,
axis_overall,,Lexus RX,1.106145,0.751410,4,4,4,insufficient_respondents,,,,,,
axis_overall,,Lexus TX,1.002552,0.731560,2,2,2,insufficient_respondents,,,,,,
axis_overall,,Ford Explorer,0.894686,0.709856,1,1,1,disconnected,,,,,,
axis_overall,,Volkswagen Atlas,0.883648,0.707578,2,2,2,insufficient_respondents,,,,,,
axis_overall,,BMW iX,0.852527,0.701097,3,3,2,insufficient_respondents,,,,,,
axis_overall,,Lexus GX 550,0.825416,0.695385,2,2,1,insufficient_respondents,,,,,,
axis_overall,,Cadillac Escalade,0.762116,0.681813,3,3,4,insufficient_respondents,,,,,,
axis_overall,,Lexus GX,0.708198,0.670003,4,4,4,insufficient_respondents,,,,,,
axis_overall,,Cadillac Escalade IQ,0.668205,0.661101,2,2,1,insufficient_respondents,,,,,,
axis_overall,,Mercedes EQS SUV,0.645294,0.655949,2,2,1,insufficient_respondents,,,,,,
axis_overall,,Subaru Outback 2026,0.592995,0.644052,1,1,1,insufficient_respondents,,,,,,
axis_overall,,Jeep Grand Cherokee,0.562534,0.637039,1,1,1,insufficient_respondents,,,,,,
axis_overall,,Honda Passport,0.538197,0.631393,1,1,1,insufficient_respondents,,,,,,
axis_overall,2,Mercedes GLS,0.507160,0.624140,6,6,3,ranked,,,,,,
axis_overall,,Honda Pilot,0.505418,0.623732,4,4,4,insufficient_respondents,,,,,,
axis_overall,,Lincoln Nautilus,0.488445,0.619740,3,3,3,insufficient_respondents,,,,,,
axis_overall,,Mercedes GLC,0.457971,0.612533,3,3,2,insufficient_respondents,,,,,,
axis_overall,,Toyota Venza,0.454851,0.611792,1,1,1,insufficient_respondents,,,,,,
axis_overall,,Nissan Murano,0.421345,0.603805,1,1,1,insufficient_respondents,,,,,,
axis_overall,,Honda CR-V,0.387286,0.595629,4,4,3,insufficient_respondents,,,,,,
axis_overall,,Audi Q5,0.372335,0.592023,2,2,4,insufficient_respondents,,,,,,
axis_overall,3,Volvo XC60,0.361494,0.589402,5,5,5,ranked,,,,,,
axis_overall,,Nissan Pathfinder,0.067268,0.516811,3,3,3,insufficient_respondents,,,,,,
axis_overall,,Mercedes GLE,0.055869,0.513964,4,4,2,insufficient_respondents,,,,,,
axis_overall,,Toyota Sequoia,-0.047914,0.488024,3,3,3,insufficient_respondents,,,,,,
axis_overall,4,Kia Telluride,-0.051580,0.487108,6,6,6,ranked,,,,,,
axis_overall,,Volkswagen Tiguan,-0.081189,0.479714,4,4,3,insufficient_respondents,,,,,,
axis_overall,,Hyundai Santa Fe,-0.298320,0.425968,1,1,1,insufficient_respondents,,,,,,
axis_overall,,Subaru Ascent,-0.298320,0.425968,1,1,1,insufficient_respondents,,,,,,
axis_overall,5,BMW X5,-0.302064,0.425053,13,13,10,ranked,,,,,,
axis_overall,,Toyota Land Cruiser,-0.320990,0.420434,1,1,1,insufficient_respondents,,,,,,
axis_overall,,Audi Q8,-0.468682,0.384928,1,1,1,insufficient_respondents,,,,,,
axis_overall,,Land Rover Defender,-0.468682,0.384928,1,1,1,insufficient_respondents,,,,,,
axis_overall,,Genesis GV70,-0.618047,0.350226,4,4,3,insufficient_respondents,,,,,,
axis_overall,,Subaru Outback,-0.755598,0.319603,1,1,1,insufficient_respondents,,,,,,
axis_overall,,Cadillac XT5,-0.805192,0.308916,1,1,1,insufficient_respondents,,,,,,
axis_overall,,Toyota Highlander,-0.894686,0.290144,1,1,1,disconnected,,,,,,
axis_overall,,Lexus NX,-0.905713,0.287878,4,4,3,insufficient_respondents,,,,,,
axis_overall,,Jeep Grand Wagoneer,-0.996678,0.269595,2,2,2,insufficient_respondents,,,,,,
axis_overall,6,Porsche Cayenne,-1.043025,0.260567,6,6,3,ranked,,,,,,
axis_overall,,Chevrolet Tahoe,-1.063620,0.256618,3,3,3,insufficient_respondents,,,,,,
axis_overall,,Jeep Grand Cherokee L,-1.070813,0.255249,1,1,1,insufficient_respondents,,,,,,
axis_overall,,Chevrolet Suburban,-1.146437,0.241141,2,2,1,disconnected,,,,,,
axis_overall,,Mazda CX-90,-1.204977,0.230591,3,3,2,insufficient_respondents,,,,,,
axis_overall,,Kia Sorento,-1.345226,0.206652,1,1,1,insufficient_respondents,,,,,,
axis_overall,,Acura MDX,-1.475954,0.186039,1,1,1,insufficient_respondents,,,,,,
axis_overall,7,BMW X3,-1.501384,0.182219,5,5,4,ranked,,,,,,
axis_overall,,Mazda CX-50,-1.662468,0.159431,3,3,2,insufficient_respondents,,,,,,
axis_overall,,Tesla Model Y,-1.751034,0.147917,2,2,2,insufficient_respondents,,,,,,
axis_overall,,Toyota 4Runner,-1.823867,0.138971,4,4,3,insufficient_respondents,,,,,,
axis_overall,,Mercedes GLE AMG,-1.883702,0.131964,1,1,1,insufficient_respondents,,,,,,
axis_overall,,BMW X7,-1.958151,0.123667,4,4,1,insufficient_respondents,,,,,,
axis_overall,,Toyota RAV4,-2.089956,0.110077,3,3,3,insufficient_respondents,,,,,,
axis_overall,,BMW X1,-2.148188,0.104501,1,1,1,insufficient_respondents,,,,,,
axis_overall,8,Tesla Model X,-2.205746,0.099236,5,5,4,ranked,,,,,,
axis_overall,,Rivian R1S,-2.247070,0.095602,2,2,2,insufficient_respondents,,,,,,
axis_long_trip,,Hyundai Palisade,2.125278,0.893336,2,2,2,insufficient_respondents,,,,,,
axis_long_trip,,Audi Q5,1.391041,0.800758,2,2,2,disconnected,,,,,,
axis_long_trip,,GMC Yukon,1.318831,0.788987,1,1,1,disconnected,,,,,,
axis_long_trip,,BMW X5,1.197845,0.768141,1,1,2,insufficient_respondents,,,,,,
axis_long_trip,,Subaru Ascent,0.950279,0.721171,3,3,3,insufficient_respondents,,,,,,
axis_long_trip,,Cadillac XT5,0.894686,0.709856,1,1,1,disconnected,,,,,,
axis_long_trip,,Land Rover Defender,0.894686,0.709856,1,1,1,disconnected,,,,,,
axis_long_trip,,Mercedes GLS,0.894686,0.709856,1,1,1,disconnected,,,,,,
axis_long_trip,,Tesla Model X,0.693602,0.666768,1,1,1,disconnected,,,,,,
axis_long_trip,,Volvo XC90,0.693602,0.666768,1,1,1,disconnected,,,,,,
axis_long_trip,,Lincoln Corsair,0.146511,0.536562,1,1,2,disconnected,,,,,,
axis_long_trip,,Toyota Sequoia,-0.000000,0.500000,2,2,2,disconnected,,,,,,
axis_long_trip,,Honda CR-V,-0.027286,0.493179,3,3,3,insufficient_respondents,,,,,,
axis_long_trip,,Subaru Outback,-0.155372,0.461235,2,2,2,insufficient_respondents,,,,,,
axis_long_trip,,Lexus RX,-0.488361,0.380280,1,1,1,insufficient_respondents,,,,,,
axis_long_trip,,Porsche Macan,-0.692140,0.333557,1,1,1,disconnected,,,,,,
axis_long_trip,,Mercedes GLC,-0.845413,0.300396,1,1,1,disconnected,,,,,,
axis_long_trip,,Subaru Forester,-0.870716,0.295105,1,1,1,insufficient_respondents,,,,,,
axis_long_trip,,BMW X3,-0.894686,0.290144,1,1,1,disconnected,,,,,,
axis_long_trip,,BMW X7,-0.894686,0.290144,1,1,1,disconnected,,,,,,
axis_long_trip,,Porsche Cayenne,-0.894686,0.290144,1,1,1,disconnected,,,,,,
axis_long_trip,,Chevrolet Tahoe,-1.318831,0.211013,1,1,1,disconnected,,,,,,
axis_long_trip,,Mazda CX-5,-1.332771,0.208701,1,1,1,insufficient_respondents,,,,,,
axis_long_trip,,Rivian R1S,-1.387204,0.199854,2,2,2,disconnected,,,,,,
axis_long_trip,,Subaru Crosstrek,-1.398895,0.197991,1,1,1,insufficient_respondents,,,,,,
exclude_audit_or_unresolved,1,Infiniti QX80,2.721798,0.938301,6,6,5,ranked,,,,,,
exclude_audit_or_unresolved,2,Range Rover,2.323959,0.910842,16,16,8,ranked,,,,,,
exclude_audit_or_unresolved,3,Mazda CX-9,2.261051,0.905600,6,6,5,ranked,,,,,,
exclude_audit_or_unresolved,4,Mercedes EQS SUV,2.238500,0.903654,9,8,3,ranked,,,,,,
exclude_audit_or_unresolved,5,Cadillac Escalade IQ,2.127360,0.893534,7,6,4,ranked,,,,,,
exclude_audit_or_unresolved,6,Mercedes GLS,2.044617,0.885403,21,21,9,ranked,,,,,,
exclude_audit_or_unresolved,7,Lincoln Nautilus,1.980071,0.878689,16,16,9,ranked,,,,,,
exclude_audit_or_unresolved,8,GMC Yukon,1.895358,0.869365,24,24,11,ranked,,,,,,
exclude_audit_or_unresolved,9,Buick Enclave,1.832871,0.862103,8,8,5,ranked,,,,,,
exclude_audit_or_unresolved,10,Cadillac XT6,1.769037,0.854338,9,9,6,ranked,,,,,,
exclude_audit_or_unresolved,11,Volkswagen Atlas,1.727032,0.849032,16,16,6,ranked,,,,,,
exclude_audit_or_unresolved,12,Subaru Outback 2026,1.726774,0.848999,14,13,8,ranked,,,,,,
exclude_audit_or_unresolved,13,Audi Q7,1.628377,0.835947,10,10,5,ranked,,,,,,
exclude_audit_or_unresolved,14,Jeep Grand Wagoneer,1.559485,0.826279,7,7,5,ranked,,,,,,
exclude_audit_or_unresolved,15,Hyundai Palisade,1.493370,0.816584,59,59,17,ranked,,,,,,
exclude_audit_or_unresolved,16,Lincoln Aviator,1.279403,0.782348,15,13,7,ranked,,,,,,
exclude_audit_or_unresolved,17,Nissan Murano,1.276696,0.781887,6,6,3,ranked,,,,,,
exclude_audit_or_unresolved,18,Cadillac Escalade,1.231123,0.774015,27,26,10,ranked,,,,,,
exclude_audit_or_unresolved,19,Lexus LX,1.202744,0.769013,11,11,7,ranked,,,,,,
exclude_audit_or_unresolved,20,Lincoln Navigator,1.178989,0.764766,16,15,5,ranked,,,,,,
exclude_audit_or_unresolved,21,Acura MDX,1.102474,0.750723,11,11,7,ranked,,,,,,
exclude_audit_or_unresolved,22,Genesis GV70,1.084874,0.747415,13,13,7,ranked,,,,,,
exclude_audit_or_unresolved,23,Range Rover Sport,1.082815,0.747026,11,11,7,ranked,,,,,,
exclude_audit_or_unresolved,24,Lincoln Corsair,1.051994,0.741158,9,8,6,ranked,,,,,,
exclude_audit_or_unresolved,25,Audi Q8,1.038609,0.738581,5,5,4,ranked,,,,,,
exclude_audit_or_unresolved,26,BMW iX,0.916321,0.714292,17,16,5,ranked,,,,,,
exclude_audit_or_unresolved,27,Nissan Pathfinder,0.833001,0.696989,25,25,7,ranked,,,,,,
exclude_audit_or_unresolved,28,Subaru Ascent,0.775765,0.684767,21,21,10,ranked,,,,,,
exclude_audit_or_unresolved,29,Volvo XC60,0.717137,0.671976,22,22,14,ranked,,,,,,
exclude_audit_or_unresolved,30,BMW X7,0.688051,0.665533,32,31,9,ranked,,,,,,
exclude_audit_or_unresolved,31,Lexus RX,0.687953,0.665511,30,30,17,ranked,,,,,,
exclude_audit_or_unresolved,32,Mercedes GLE,0.541080,0.632064,33,33,10,ranked,,,,,,
exclude_audit_or_unresolved,33,Audi Q5,0.526074,0.628567,17,17,9,ranked,,,,,,
exclude_audit_or_unresolved,,Jeep Grand Cherokee,0.518098,0.626703,4,4,4,insufficient_respondents,,,,,,
exclude_audit_or_unresolved,34,Volvo XC90,0.452755,0.611294,24,24,14,ranked,,,,,,
exclude_audit_or_unresolved,35,Kia Telluride,0.345671,0.585567,53,53,16,ranked,,,,,,
exclude_audit_or_unresolved,36,Honda Pilot,0.329636,0.581671,63,61,13,ranked,,,,,,
exclude_audit_or_unresolved,37,Lexus GX,0.285791,0.570965,34,34,14,ranked,,,,,,
exclude_audit_or_unresolved,38,Toyota Venza,0.266080,0.566130,16,15,4,ranked,,,,,,
exclude_audit_or_unresolved,39,Lexus TX,0.222569,0.555414,10,10,6,ranked,,,,,,
exclude_audit_or_unresolved,40,Volkswagen Tiguan,0.166019,0.541410,15,15,4,ranked,,,,,,
exclude_audit_or_unresolved,41,Porsche Macan,0.158050,0.539430,10,10,4,ranked,,,,,,
exclude_audit_or_unresolved,42,Genesis GV80,0.143716,0.535867,16,16,7,ranked,,,,,,
exclude_audit_or_unresolved,43,Lexus NX,0.073226,0.518298,16,16,8,ranked,,,,,,
exclude_audit_or_unresolved,44,Subaru Outback,0.037202,0.509299,42,42,8,ranked,,,,,,
exclude_audit_or_unresolved,45,Land Rover Defender,-0.062292,0.484432,22,21,6,ranked,,,,,,
exclude_audit_or_unresolved,46,Honda CR-V,-0.177997,0.455618,36,34,12,ranked,,,,,,
exclude_audit_or_unresolved,47,BMW X5,-0.250849,0.437614,84,79,26,ranked,,,,,,
exclude_audit_or_unresolved,48,Toyota Highlander,-0.283200,0.429669,34,33,12,ranked,,,,,,
exclude_audit_or_unresolved,49,Honda Passport,-0.367060,0.409252,14,14,4,ranked,,,,,,
exclude_audit_or_unresolved,50,Ford Explorer,-0.655269,0.341803,10,10,5,ranked,,,,,,
exclude_audit_or_unresolved,,Ford Expedition,-0.658112,0.341164,4,4,2,insufficient_respondents,,,,,,
exclude_audit_or_unresolved,51,Mercedes GLC,-0.703548,0.331026,12,12,7,ranked,,,,,,
exclude_audit_or_unresolved,52,Toyota Grand Highlander,-0.721878,0.326980,14,14,6,ranked,,,,,,
exclude_audit_or_unresolved,,Mercedes GLE AMG,-0.888118,0.291498,4,4,4,insufficient_respondents,,,,,,
exclude_audit_or_unresolved,53,Toyota Sequoia,-0.940990,0.280700,15,15,7,ranked,,,,,,
exclude_audit_or_unresolved,54,Mazda CX-90,-0.970980,0.274685,16,15,4,ranked,,,,,,
exclude_audit_or_unresolved,,Hyundai Santa Fe,-1.017163,0.265580,6,6,2,insufficient_opponents,,,,,,
exclude_audit_or_unresolved,55,Cadillac XT5,-1.179776,0.235092,7,7,4,ranked,,,,,,
exclude_audit_or_unresolved,56,Jeep Grand Cherokee L,-1.207511,0.230142,6,6,5,ranked,,,,,,
exclude_audit_or_unresolved,57,Porsche Cayenne,-1.392067,0.199078,19,18,7,ranked,,,,,,
exclude_audit_or_unresolved,58,Mazda CX-5,-1.541474,0.176321,12,12,9,ranked,,,,,,
exclude_audit_or_unresolved,59,Lexus GX 550,-1.541545,0.176311,23,22,10,ranked,,,,,,
exclude_audit_or_unresolved,60,Subaru Crosstrek,-1.599128,0.168104,18,17,5,ranked,,,,,,
exclude_audit_or_unresolved,61,Chevrolet Tahoe,-1.791967,0.142832,10,10,8,ranked,,,,,,
exclude_audit_or_unresolved,62,Subaru Forester,-1.908067,0.129198,15,14,6,ranked,,,,,,
exclude_audit_or_unresolved,63,Chevrolet Suburban,-1.940854,0.125554,7,7,5,ranked,,,,,,
exclude_audit_or_unresolved,64,Mazda CX-50,-2.162726,0.103148,12,12,5,ranked,,,,,,
exclude_audit_or_unresolved,65,Rivian R1S,-2.188164,0.100818,27,27,12,ranked,,,,,,
exclude_audit_or_unresolved,66,Tesla Model X,-2.195678,0.100139,28,27,8,ranked,,,,,,
exclude_audit_or_unresolved,,Kia Sorento,-2.483230,0.077042,9,9,2,insufficient_opponents,,,,,,
exclude_audit_or_unresolved,67,Toyota Land Cruiser,-2.581437,0.070343,12,12,4,ranked,,,,,,
exclude_audit_or_unresolved,68,BMW X3,-2.724645,0.061535,18,18,10,ranked,,,,,,
exclude_audit_or_unresolved,69,Toyota RAV4,-2.925751,0.050895,32,31,14,ranked,,,,,,
exclude_audit_or_unresolved,70,Toyota 4Runner,-3.306964,0.035333,28,28,8,ranked,,,,,,
exclude_audit_or_unresolved,71,BMW X1,-3.404548,0.032154,8,8,5,ranked,,,,,,
exclude_audit_or_unresolved,72,Tesla Model Y,-3.770585,0.022520,19,19,8,ranked,,,,,,
exclude_pass_1_to_3,1,Lincoln Nautilus,2.633810,0.933006,11,11,7,ranked,,,,,,
exclude_pass_1_to_3,2,Mazda CX-9,2.399299,0.916774,6,6,5,ranked,,,,,,
exclude_pass_1_to_3,3,Infiniti QX80,2.341495,0.912256,6,6,5,ranked,,,,,,
exclude_pass_1_to_3,4,Cadillac Escalade IQ,2.237696,0.903584,7,6,4,ranked,,,,,,
exclude_pass_1_to_3,5,Volkswagen Atlas,2.051667,0.886116,15,15,5,ranked,,,,,,
exclude_pass_1_to_3,6,Buick Enclave,2.033760,0.884296,8,8,5,ranked,,,,,,
exclude_pass_1_to_3,7,GMC Yukon,1.977688,0.878435,24,24,11,ranked,,,,,,
exclude_pass_1_to_3,8,Hyundai Palisade,1.906040,0.870574,24,24,8,ranked,,,,,,
exclude_pass_1_to_3,9,Jeep Grand Wagoneer,1.840182,0.862970,7,7,5,ranked,,,,,,
exclude_pass_1_to_3,,Mercedes EQS SUV,1.836281,0.862508,8,7,2,insufficient_opponents,,,,,,
exclude_pass_1_to_3,10,Range Rover,1.809118,0.859255,14,14,6,ranked,,,,,,
exclude_pass_1_to_3,11,Cadillac XT6,1.785943,0.856429,9,9,6,ranked,,,,,,
exclude_pass_1_to_3,12,Lincoln Navigator,1.653756,0.839398,11,11,6,ranked,,,,,,
exclude_pass_1_to_3,,Subaru Outback,1.602732,0.832400,12,12,2,insufficient_opponents,,,,,,
exclude_pass_1_to_3,13,Mercedes GLS,1.534668,0.822688,17,17,8,ranked,,,,,,
exclude_pass_1_to_3,14,Nissan Murano,1.487474,0.815699,6,6,3,ranked,,,,,,
exclude_pass_1_to_3,15,Lincoln Aviator,1.408490,0.803528,6,6,3,ranked,,,,,,
exclude_pass_1_to_3,,Subaru Outback 2026,1.399965,0.802178,3,3,2,insufficient_respondents,,,,,,
exclude_pass_1_to_3,16,Lincoln Corsair,1.341892,0.792801,9,8,6,ranked,,,,,,
exclude_pass_1_to_3,17,Cadillac Escalade,1.249744,0.777256,18,18,9,ranked,,,,,,
exclude_pass_1_to_3,18,Volvo XC60,1.232944,0.774333,11,11,6,ranked,,,,,,
exclude_pass_1_to_3,19,Lexus RX,1.103509,0.750917,8,8,7,ranked,,,,,,
exclude_pass_1_to_3,20,Lexus GX,1.092031,0.748764,9,9,9,ranked,,,,,,
exclude_pass_1_to_3,21,Nissan Pathfinder,1.066531,0.743937,25,25,7,ranked,,,,,,
exclude_pass_1_to_3,,Audi Q7,1.053850,0.741513,5,5,2,insufficient_opponents,,,,,,
exclude_pass_1_to_3,22,Genesis GV70,1.031804,0.737265,12,12,6,ranked,,,,,,
exclude_pass_1_to_3,,Audi Q8,0.794562,0.688810,3,3,2,insufficient_respondents,,,,,,
exclude_pass_1_to_3,23,Mercedes GLE,0.793489,0.688580,18,18,9,ranked,,,,,,
exclude_pass_1_to_3,24,Kia Telluride,0.600829,0.645846,36,36,13,ranked,,,,,,
exclude_pass_1_to_3,25,Toyota Venza,0.565225,0.637661,13,12,3,ranked,,,,,,
exclude_pass_1_to_3,26,BMW iX,0.520010,0.627150,17,16,5,ranked,,,,,,
exclude_pass_1_to_3,27,Audi Q5,0.514289,0.625811,13,13,8,ranked,,,,,,
exclude_pass_1_to_3,28,Honda Pilot,0.496544,0.621647,47,45,11,ranked,,,,,,
exclude_pass_1_to_3,,Jeep Grand Cherokee,0.483400,0.618550,4,4,4,insufficient_respondents,,,,,,
exclude_pass_1_to_3,29,Acura MDX,0.476022,0.616808,8,8,5,ranked,,,,,,
exclude_pass_1_to_3,30,Range Rover Sport,0.416985,0.602761,6,6,3,ranked,,,,,,
exclude_pass_1_to_3,31,Volkswagen Tiguan,0.403142,0.599442,14,14,4,ranked,,,,,,
exclude_pass_1_to_3,32,Lexus TX,0.322891,0.580029,8,8,6,ranked,,,,,,
exclude_pass_1_to_3,33,Volvo XC90,0.248541,0.561817,10,10,6,ranked,,,,,,
exclude_pass_1_to_3,34,Lexus NX,0.073484,0.518363,15,15,7,ranked,,,,,,
exclude_pass_1_to_3,35,BMW X7,0.068989,0.517240,22,21,6,ranked,,,,,,
exclude_pass_1_to_3,36,Honda CR-V,0.050944,0.512733,19,18,7,ranked,,,,,,
exclude_pass_1_to_3,37,Porsche Macan,0.026379,0.506594,9,9,4,ranked,,,,,,
exclude_pass_1_to_3,38,Toyota Highlander,0.006229,0.501557,16,16,8,ranked,,,,,,
exclude_pass_1_to_3,39,Lexus LX,-0.083732,0.479079,8,8,4,ranked,,,,,,
exclude_pass_1_to_3,40,Honda Passport,-0.161908,0.459611,13,13,3,ranked,,,,,,
exclude_pass_1_to_3,41,Genesis GV80,-0.245314,0.438977,13,13,5,ranked,,,,,,
exclude_pass_1_to_3,42,Land Rover Defender,-0.289264,0.428184,21,20,6,ranked,,,,,,
exclude_pass_1_to_3,43,Subaru Crosstrek,-0.517445,0.373450,17,16,5,ranked,,,,,,
exclude_pass_1_to_3,44,Ford Explorer,-0.627833,0.348002,7,7,4,ranked,,,,,,
exclude_pass_1_to_3,45,Subaru Forester,-0.681198,0.335994,8,7,4,ranked,,,,,,
exclude_pass_1_to_3,46,BMW X5,-0.701738,0.331427,58,57,21,ranked,,,,,,
exclude_pass_1_to_3,47,Mercedes GLC,-0.763568,0.317872,10,10,7,ranked,,,,,,
exclude_pass_1_to_3,,Hyundai Santa Fe,-0.916654,0.285640,7,7,2,insufficient_opponents,,,,,,
exclude_pass_1_to_3,48,Cadillac XT5,-0.959006,0.277077,7,7,4,ranked,,,,,,
exclude_pass_1_to_3,49,Ford Expedition,-1.024471,0.264157,6,6,4,ranked,,,,,,
exclude_pass_1_to_3,50,Jeep Grand Cherokee L,-1.052773,0.258693,6,6,5,ranked,,,,,,
exclude_pass_1_to_3,51,Mazda CX-90,-1.171835,0.236524,13,13,4,ranked,,,,,,
exclude_pass_1_to_3,,Mercedes GLE AMG,-1.302210,0.213793,4,4,4,insufficient_respondents,,,,,,
exclude_pass_1_to_3,52,Toyota Sequoia,-1.391515,0.199166,15,15,7,ranked,,,,,,
exclude_pass_1_to_3,53,Lexus GX 550,-1.416185,0.195260,21,20,10,ranked,,,,,,
exclude_pass_1_to_3,54,Mazda CX-5,-1.550724,0.174982,8,8,6,ranked,,,,,,
exclude_pass_1_to_3,55,Toyota Grand Highlander,-1.746323,0.148512,9,9,3,ranked,,,,,,
exclude_pass_1_to_3,56,Porsche Cayenne,-1.907123,0.129304,14,14,6,ranked,,,,,,
exclude_pass_1_to_3,57,Chevrolet Tahoe,-2.051252,0.113926,10,10,8,ranked,,,,,,
exclude_pass_1_to_3,58,Toyota RAV4,-2.066562,0.112390,18,17,7,ranked,,,,,,
exclude_pass_1_to_3,59,Chevrolet Suburban,-2.159093,0.103485,6,6,4,ranked,,,,,,
exclude_pass_1_to_3,,Kia Sorento,-2.349909,0.087073,9,9,2,insufficient_opponents,,,,,,
exclude_pass_1_to_3,60,BMW X3,-2.382989,0.084479,15,15,9,ranked,,,,,,
exclude_pass_1_to_3,61,Toyota Land Cruiser,-2.410188,0.082399,12,12,4,ranked,,,,,,
exclude_pass_1_to_3,62,Rivian R1S,-2.526388,0.074029,26,26,12,ranked,,,,,,
exclude_pass_1_to_3,63,Mazda CX-50,-2.644016,0.066359,7,7,3,ranked,,,,,,
exclude_pass_1_to_3,64,Tesla Model X,-2.669832,0.064777,25,24,7,ranked,,,,,,
exclude_pass_1_to_3,65,Toyota 4Runner,-3.067027,0.044488,19,19,6,ranked,,,,,,
exclude_pass_1_to_3,66,BMW X1,-3.073353,0.044220,7,7,4,ranked,,,,,,
exclude_pass_1_to_3,67,Tesla Model Y,-4.062893,0.016908,18,18,8,ranked,,,,,,
exclude_pass_4,1,Cadillac Escalade IQ,2.913408,0.948505,6,5,3,ranked,,,,,,
exclude_pass_4,2,Mercedes EQS SUV,2.805327,0.942963,8,7,3,ranked,,,,,,
exclude_pass_4,3,Infiniti QX80,2.668740,0.935157,5,5,4,ranked,,,,,,
exclude_pass_4,4,Range Rover,2.566973,0.928706,13,13,8,ranked,,,,,,
exclude_pass_4,5,Mazda CX-9,2.241754,0.903937,6,6,5,ranked,,,,,,
exclude_pass_4,6,Audi Q7,2.157252,0.896344,8,8,4,ranked,,,,,,
exclude_pass_4,,Jeep Grand Wagoneer,1.931087,0.873370,4,4,4,insufficient_respondents,,,,,,
exclude_pass_4,7,Cadillac XT6,1.783878,0.856175,7,7,5,ranked,,,,,,
exclude_pass_4,8,GMC Yukon,1.782789,0.856041,21,21,9,ranked,,,,,,
exclude_pass_4,9,Mercedes GLS,1.732006,0.849669,18,18,8,ranked,,,,,,
exclude_pass_4,10,Volkswagen Atlas,1.669682,0.841533,8,8,5,ranked,,,,,,
exclude_pass_4,11,Lincoln Nautilus,1.605796,0.832827,11,11,6,ranked,,,,,,
exclude_pass_4,12,Subaru Outback 2026,1.544526,0.824122,14,13,8,ranked,,,,,,
exclude_pass_4,13,Acura MDX,1.424084,0.805978,5,5,5,ranked,,,,,,
exclude_pass_4,14,Buick Enclave,1.337531,0.792084,7,7,5,ranked,,,,,,
exclude_pass_4,15,Cadillac Escalade,1.225014,0.772945,26,25,11,ranked,,,,,,
exclude_pass_4,16,Hyundai Palisade,1.223631,0.772702,56,56,16,ranked,,,,,,
exclude_pass_4,,Nissan Murano,1.196077,0.767826,5,5,2,insufficient_opponents,,,,,,
exclude_pass_4,17,Lexus LX,1.167602,0.762711,11,11,7,ranked,,,,,,
exclude_pass_4,18,Range Rover Sport,1.096420,0.749589,12,12,7,ranked,,,,,,
exclude_pass_4,19,Lincoln Navigator,1.013619,0.733728,13,12,5,ranked,,,,,,
exclude_pass_4,20,Lincoln Aviator,0.880845,0.706997,12,11,7,ranked,,,,,,
exclude_pass_4,21,Lincoln Corsair,0.856060,0.701837,8,7,5,ranked,,,,,,
exclude_pass_4,22,Genesis GV70,0.818660,0.693952,9,9,6,ranked,,,,,,
exclude_pass_4,23,Lexus RX,0.780457,0.685779,28,28,17,ranked,,,,,,
exclude_pass_4,,Jeep Grand Cherokee,0.738102,0.676581,3,3,3,insufficient_respondents,,,,,,
exclude_pass_4,24,Volvo XC90,0.665710,0.660542,22,22,14,ranked,,,,,,
exclude_pass_4,25,Volkswagen Tiguan,0.638837,0.654491,13,13,4,ranked,,,,,,
exclude_pass_4,,Audi Q8,0.624362,0.651210,4,4,3,insufficient_respondents,,,,,,
exclude_pass_4,26,Audi Q5,0.619244,0.650047,9,9,5,ranked,,,,,,
exclude_pass_4,27,Subaru Ascent,0.614393,0.648942,21,21,10,ranked,,,,,,
exclude_pass_4,28,Genesis GV80,0.607383,0.647344,11,11,5,ranked,,,,,,
exclude_pass_4,29,BMW X7,0.491988,0.620575,27,27,9,ranked,,,,,,
exclude_pass_4,30,Porsche Macan,0.455551,0.611958,7,7,4,ranked,,,,,,
exclude_pass_4,31,Honda Pilot,0.384846,0.595041,37,37,13,ranked,,,,,,
exclude_pass_4,32,BMW iX,0.310137,0.576919,8,7,4,ranked,,,,,,
exclude_pass_4,33,Nissan Pathfinder,0.286469,0.571131,11,11,5,ranked,,,,,,
exclude_pass_4,34,Lexus GX,0.266271,0.566177,33,33,14,ranked,,,,,,
exclude_pass_4,35,Mercedes GLC,0.199372,0.549679,6,6,3,ranked,,,,,,
exclude_pass_4,36,Mercedes GLE,0.157674,0.539337,27,27,8,ranked,,,,,,
exclude_pass_4,37,Volvo XC60,0.150474,0.537548,14,14,13,ranked,,,,,,
exclude_pass_4,38,Toyota Venza,0.070148,0.517530,13,12,4,ranked,,,,,,
exclude_pass_4,39,Toyota Grand Highlander,0.038416,0.509603,9,9,6,ranked,,,,,,
exclude_pass_4,40,Lexus TX,-0.014072,0.496482,9,9,6,ranked,,,,,,
exclude_pass_4,41,Land Rover Defender,-0.020291,0.494927,22,21,6,ranked,,,,,,
exclude_pass_4,42,Lexus NX,-0.026804,0.493299,9,9,6,ranked,,,,,,
exclude_pass_4,43,Kia Telluride,-0.031403,0.492150,39,39,15,ranked,,,,,,
exclude_pass_4,44,Subaru Outback,-0.194773,0.451460,42,42,8,ranked,,,,,,
exclude_pass_4,45,Ford Explorer,-0.205232,0.448871,7,7,5,ranked,,,,,,
exclude_pass_4,46,Toyota Highlander,-0.333809,0.417314,32,31,12,ranked,,,,,,
exclude_pass_4,47,Honda Passport,-0.409542,0.399022,8,8,4,ranked,,,,,,
exclude_pass_4,48,BMW X5,-0.422510,0.395916,70,66,25,ranked,,,,,,
exclude_pass_4,49,Honda CR-V,-0.587718,0.357159,24,23,11,ranked,,,,,,
exclude_pass_4,50,Cadillac XT5,-0.916261,0.285720,5,5,3,ranked,,,,,,
exclude_pass_4,51,Ford Expedition,-1.004608,0.268036,6,6,4,ranked,,,,,,
exclude_pass_4,52,Toyota Sequoia,-1.008829,0.267209,14,14,6,ranked,,,,,,
exclude_pass_4,53,Mazda CX-90,-1.045746,0.260043,15,14,4,ranked,,,,,,
exclude_pass_4,54,Mercedes GLE AMG,-1.109280,0.248005,5,5,4,ranked,,,,,,
exclude_pass_4,,Hyundai Santa Fe,-1.167343,0.237336,7,7,2,insufficient_opponents,,,,,,
exclude_pass_4,55,Jeep Grand Cherokee L,-1.191370,0.233014,5,5,5,ranked,,,,,,
exclude_pass_4,56,Mazda CX-50,-1.422767,0.194228,7,7,5,ranked,,,,,,
exclude_pass_4,57,Mazda CX-5,-1.435331,0.192269,10,10,8,ranked,,,,,,
exclude_pass_4,58,Porsche Cayenne,-1.469606,0.187003,18,17,7,ranked,,,,,,
exclude_pass_4,59,Lexus GX 550,-1.738576,0.149494,17,16,10,ranked,,,,,,
exclude_pass_4,60,Subaru Crosstrek,-1.778362,0.144506,18,17,5,ranked,,,,,,
exclude_pass_4,61,Chevrolet Tahoe,-1.869940,0.133549,10,10,8,ranked,,,,,,
exclude_pass_4,62,Tesla Model X,-1.905256,0.129515,22,21,6,ranked,,,,,,
exclude_pass_4,63,Rivian R1S,-2.065394,0.112506,27,27,12,ranked,,,,,,
exclude_pass_4,64,Chevrolet Suburban,-2.090001,0.110073,6,6,4,ranked,,,,,,
exclude_pass_4,65,Subaru Forester,-2.090037,0.110069,15,14,6,ranked,,,,,,
exclude_pass_4,66,BMW X3,-2.320223,0.089462,11,11,6,ranked,,,,,,
exclude_pass_4,,Kia Sorento,-2.455136,0.079064,6,6,2,insufficient_opponents,,,,,,
exclude_pass_4,67,Toyota 4Runner,-2.688644,0.063647,19,19,8,ranked,,,,,,
exclude_pass_4,68,Toyota RAV4,-2.940680,0.050179,31,30,14,ranked,,,,,,
exclude_pass_4,69,Toyota Land Cruiser,-3.094822,0.043321,8,8,4,ranked,,,,,,
exclude_pass_4,70,BMW X1,-3.152991,0.040974,8,8,5,ranked,,,,,,
exclude_pass_4,71,Tesla Model Y,-3.535241,0.028326,17,17,8,ranked,,,,,,
exclude_pass_5,1,Infiniti QX80,3.216814,0.961462,5,5,4,ranked,,,,,,
exclude_pass_5,2,Range Rover,2.241824,0.903943,15,15,8,ranked,,,,,,
exclude_pass_5,,Mazda CX-9,2.174484,0.897935,4,4,4,insufficient_respondents,,,,,,
exclude_pass_5,3,Lincoln Nautilus,2.013131,0.882169,13,13,7,ranked,,,,,,
exclude_pass_5,4,Mercedes GLS,1.922877,0.872459,11,11,5,ranked,,,,,,
exclude_pass_5,5,Cadillac Escalade IQ,1.831148,0.861898,7,6,4,ranked,,,,,,
exclude_pass_5,6,Subaru Outback 2026,1.823906,0.861034,14,13,8,ranked,,,,,,
exclude_pass_5,7,Mercedes EQS SUV,1.821033,0.860690,7,7,3,ranked,,,,,,
exclude_pass_5,8,Buick Enclave,1.791383,0.857097,6,6,4,ranked,,,,,,
exclude_pass_5,9,Lexus LX,1.747777,0.851672,7,7,6,ranked,,,,,,
exclude_pass_5,10,Audi Q7,1.731035,0.849545,10,10,5,ranked,,,,,,
exclude_pass_5,11,Cadillac XT6,1.707960,0.846571,9,9,6,ranked,,,,,,
exclude_pass_5,12,Genesis GV70,1.684091,0.843445,8,8,4,ranked,,,,,,
exclude_pass_5,13,GMC Yukon,1.560386,0.826409,24,24,11,ranked,,,,,,
exclude_pass_5,14,Hyundai Palisade,1.540242,0.823500,57,57,17,ranked,,,,,,
exclude_pass_5,15,Lincoln Aviator,1.419714,0.805294,12,10,7,ranked,,,,,,
exclude_pass_5,16,Volkswagen Atlas,1.329641,0.790781,12,12,6,ranked,,,,,,
exclude_pass_5,17,Nissan Murano,1.243529,0.776178,6,6,3,ranked,,,,,,
exclude_pass_5,18,Range Rover Sport,1.200797,0.768667,12,12,7,ranked,,,,,,
exclude_pass_5,19,Acura MDX,1.197115,0.768011,9,9,5,ranked,,,,,,
exclude_pass_5,,Audi Q8,1.034856,0.737856,3,3,3,insufficient_respondents,,,,,,
exclude_pass_5,20,Jeep Grand Wagoneer,0.914771,0.713975,6,6,5,ranked,,,,,,
exclude_pass_5,21,BMW iX,0.903103,0.711587,14,14,5,ranked,,,,,,
exclude_pass_5,22,Nissan Pathfinder,0.889537,0.708795,23,23,7,ranked,,,,,,
exclude_pass_5,23,Lincoln Corsair,0.887711,0.708418,8,8,6,ranked,,,,,,
exclude_pass_5,24,BMW X7,0.884104,0.707672,21,21,9,ranked,,,,,,
exclude_pass_5,25,Cadillac Escalade,0.872312,0.705227,24,23,10,ranked,,,,,,
exclude_pass_5,26,Subaru Ascent,0.820921,0.694432,21,21,10,ranked,,,,,,
exclude_pass_5,27,Lincoln Navigator,0.780684,0.685828,14,13,6,ranked,,,,,,
exclude_pass_5,28,Volkswagen Tiguan,0.660166,0.659298,10,10,3,ranked,,,,,,
exclude_pass_5,29,Volvo XC60,0.646114,0.656134,21,21,14,ranked,,,,,,
exclude_pass_5,30,Mercedes GLE,0.623583,0.651033,31,31,9,ranked,,,,,,
exclude_pass_5,31,Audi Q5,0.615814,0.649266,17,17,9,ranked,,,,,,
exclude_pass_5,,Jeep Grand Cherokee,0.596840,0.644933,4,4,4,insufficient_respondents,,,,,,
exclude_pass_5,32,Volvo XC90,0.547842,0.633635,20,20,13,ranked,,,,,,
exclude_pass_5,,Lexus TX,0.461762,0.613432,4,4,3,insufficient_respondents,,,,,,
exclude_pass_5,33,Lexus RX,0.446805,0.609879,29,29,16,ranked,,,,,,
exclude_pass_5,34,Kia Telluride,0.446022,0.609693,43,43,16,ranked,,,,,,
exclude_pass_5,35,Honda Pilot,0.331136,0.582036,58,56,13,ranked,,,,,,
exclude_pass_5,36,Porsche Macan,0.319838,0.579285,9,9,4,ranked,,,,,,
exclude_pass_5,37,Toyota Venza,0.187573,0.546756,14,14,4,ranked,,,,,,
exclude_pass_5,38,Subaru Outback,0.143007,0.535691,42,42,8,ranked,,,,,,
exclude_pass_5,39,Lexus NX,0.063643,0.515905,11,11,6,ranked,,,,,,
exclude_pass_5,40,Honda CR-V,0.031685,0.507921,35,33,12,ranked,,,,,,
exclude_pass_5,41,Land Rover Defender,0.011320,0.502830,19,18,6,ranked,,,,,,
exclude_pass_5,42,Lexus GX,-0.089388,0.477668,29,29,10,ranked,,,,,,
exclude_pass_5,43,BMW X5,-0.099555,0.475132,75,71,25,ranked,,,,,,
exclude_pass_5,,Jeep Grand Cherokee L,-0.122316,0.469459,4,4,4,insufficient_respondents,,,,,,
exclude_pass_5,44,Genesis GV80,-0.179223,0.455314,13,13,6,ranked,,,,,,
exclude_pass_5,45,Honda Passport,-0.331859,0.417788,10,10,3,ranked,,,,,,
exclude_pass_5,46,Toyota Highlander,-0.464179,0.385995,33,32,12,ranked,,,,,,
exclude_pass_5,47,Mazda CX-90,-0.613442,0.351275,13,12,4,ranked,,,,,,
exclude_pass_5,48,Toyota Grand Highlander,-0.675701,0.337221,14,14,6,ranked,,,,,,
exclude_pass_5,49,Ford Explorer,-0.681995,0.335816,10,10,5,ranked,,,,,,
exclude_pass_5,50,Mercedes GLC,-0.700417,0.331720,12,12,7,ranked,,,,,,
exclude_pass_5,51,Mercedes GLE AMG,-0.943343,0.280225,5,5,4,ranked,,,,,,
exclude_pass_5,,Hyundai Santa Fe,-0.998081,0.269319,7,7,2,insufficient_opponents,,,,,,
exclude_pass_5,52,Ford Expedition,-1.099440,0.249845,6,6,4,ranked,,,,,,
exclude_pass_5,53,Cadillac XT5,-1.235093,0.225291,7,7,4,ranked,,,,,,
exclude_pass_5,54,Porsche Cayenne,-1.293224,0.215308,19,18,7,ranked,,,,,,
exclude_pass_5,55,Mazda CX-5,-1.395257,0.198570,12,12,9,ranked,,,,,,
exclude_pass_5,56,Lexus GX 550,-1.402966,0.197346,13,13,6,ranked,,,,,,
exclude_pass_5,57,Subaru Crosstrek,-1.473241,0.186450,18,17,5,ranked,,,,,,
exclude_pass_5,58,Subaru Forester,-1.800340,0.141810,15,14,6,ranked,,,,,,
exclude_pass_5,59,Toyota Sequoia,-1.835297,0.137608,10,10,6,ranked,,,,,,
exclude_pass_5,60,Chevrolet Tahoe,-1.926842,0.127101,9,9,8,ranked,,,,,,
exclude_pass_5,61,Mazda CX-50,-1.994169,0.119816,10,10,4,ranked,,,,,,
exclude_pass_5,62,Rivian R1S,-2.058348,0.113212,24,24,10,ranked,,,,,,
exclude_pass_5,63,Chevrolet Suburban,-2.155010,0.103864,7,7,5,ranked,,,,,,
exclude_pass_5,64,Tesla Model X,-2.311327,0.090189,27,26,8,ranked,,,,,,
exclude_pass_5,,Kia Sorento,-2.316656,0.089753,7,7,2,insufficient_opponents,,,,,,
exclude_pass_5,65,Toyota Land Cruiser,-2.331570,0.088542,9,9,4,ranked,,,,,,
exclude_pass_5,66,BMW X3,-2.723184,0.061619,16,16,10,ranked,,,,,,
exclude_pass_5,67,BMW X1,-3.028761,0.046143,6,6,4,ranked,,,,,,
exclude_pass_5,68,Toyota 4Runner,-3.523663,0.028646,23,23,7,ranked,,,,,,
exclude_pass_5,69,Toyota RAV4,-3.676034,0.024698,27,27,14,ranked,,,,,,
exclude_pass_5,70,Tesla Model Y,-3.840120,0.021039,19,19,8,ranked,,,,,,
exclude_pass_6,1,GMC Yukon,3.216834,0.961463,16,16,9,ranked,,,,,,
exclude_pass_6,2,Range Rover,2.594400,0.930500,16,16,8,ranked,,,,,,
exclude_pass_6,3,Infiniti QX80,2.421145,0.918426,5,5,5,ranked,,,,,,
exclude_pass_6,4,Range Rover Sport,2.300928,0.908954,9,9,7,ranked,,,,,,
exclude_pass_6,5,Cadillac Escalade IQ,2.090227,0.889950,6,5,3,ranked,,,,,,
exclude_pass_6,6,Mercedes GLS,2.066254,0.887580,21,21,9,ranked,,,,,,
exclude_pass_6,,Mazda CX-9,1.974129,0.878054,4,4,4,insufficient_respondents,,,,,,
exclude_pass_6,7,Mercedes EQS SUV,1.855150,0.864731,7,6,3,ranked,,,,,,
exclude_pass_6,8,Lincoln Nautilus,1.799156,0.858046,15,15,9,ranked,,,,,,
exclude_pass_6,9,Buick Enclave,1.754851,0.852564,6,6,5,ranked,,,,,,
exclude_pass_6,10,Volkswagen Atlas,1.714714,0.847447,14,14,6,ranked,,,,,,
exclude_pass_6,11,Subaru Outback 2026,1.688090,0.843973,13,12,8,ranked,,,,,,
exclude_pass_6,12,Audi Q7,1.590112,0.830632,10,10,5,ranked,,,,,,
exclude_pass_6,,Jeep Grand Wagoneer,1.400921,0.802330,4,4,3,insufficient_respondents,,,,,,
exclude_pass_6,13,Hyundai Palisade,1.343322,0.793036,56,56,17,ranked,,,,,,
exclude_pass_6,,Cadillac XT6,1.333716,0.791455,4,4,3,insufficient_respondents,,,,,,
exclude_pass_6,14,Lincoln Aviator,1.253762,0.777950,15,13,7,ranked,,,,,,
exclude_pass_6,15,Lexus LX,1.202151,0.768907,11,11,7,ranked,,,,,,
exclude_pass_6,16,Lincoln Navigator,1.104635,0.751128,15,14,4,ranked,,,,,,
exclude_pass_6,17,Cadillac Escalade,1.097638,0.749817,23,22,10,ranked,,,,,,
exclude_pass_6,18,Audi Q8,1.075009,0.745548,5,5,4,ranked,,,,,,
exclude_pass_6,19,Acura MDX,1.029741,0.736866,11,11,7,ranked,,,,,,
exclude_pass_6,,Lincoln Corsair,0.991857,0.729455,5,4,4,insufficient_respondents,,,,,,
exclude_pass_6,20,BMW iX,0.970124,0.725144,14,13,4,ranked,,,,,,
exclude_pass_6,21,Genesis GV70,0.969707,0.725061,12,12,7,ranked,,,,,,
exclude_pass_6,22,Nissan Murano,0.859593,0.702576,5,5,3,ranked,,,,,,
exclude_pass_6,23,Volvo XC60,0.723243,0.673321,21,21,13,ranked,,,,,,
exclude_pass_6,24,Nissan Pathfinder,0.717179,0.671986,20,20,7,ranked,,,,,,
exclude_pass_6,25,BMW X7,0.705771,0.669466,32,31,9,ranked,,,,,,
exclude_pass_6,26,Toyota Venza,0.653303,0.657754,14,13,4,ranked,,,,,,
exclude_pass_6,27,Subaru Ascent,0.644795,0.655837,21,21,10,ranked,,,,,,
exclude_pass_6,28,Lexus RX,0.617924,0.649746,29,29,16,ranked,,,,,,
exclude_pass_6,29,Porsche Macan,0.542328,0.632354,8,8,4,ranked,,,,,,
exclude_pass_6,,Jeep Grand Cherokee,0.467184,0.614717,4,4,4,insufficient_respondents,,,,,,
exclude_pass_6,30,Mercedes GLE,0.450855,0.610842,32,32,10,ranked,,,,,,
exclude_pass_6,31,Volvo XC90,0.382300,0.594428,23,23,14,ranked,,,,,,
exclude_pass_6,32,Audi Q5,0.327844,0.581235,15,15,8,ranked,,,,,,
exclude_pass_6,33,Lexus GX,0.293946,0.572962,34,34,14,ranked,,,,,,
exclude_pass_6,34,Kia Telluride,0.263474,0.565490,51,51,16,ranked,,,,,,
exclude_pass_6,35,Lexus TX,0.230508,0.557373,10,10,6,ranked,,,,,,
exclude_pass_6,36,Lexus NX,0.224371,0.555859,14,14,8,ranked,,,,,,
exclude_pass_6,37,Genesis GV80,0.125175,0.531253,16,16,7,ranked,,,,,,
exclude_pass_6,38,Honda Pilot,0.086341,0.521572,55,55,13,ranked,,,,,,
exclude_pass_6,39,Honda CR-V,0.044737,0.511182,33,31,12,ranked,,,,,,
exclude_pass_6,40,Land Rover Defender,-0.002572,0.499357,18,17,6,ranked,,,,,,
exclude_pass_6,41,Subaru Outback,-0.056265,0.485937,38,38,8,ranked,,,,,,
exclude_pass_6,42,Volkswagen Tiguan,-0.176857,0.455901,13,13,4,ranked,,,,,,
exclude_pass_6,43,Honda Passport,-0.238262,0.440715,12,12,4,ranked,,,,,,
exclude_pass_6,44,BMW X5,-0.261607,0.434969,82,78,25,ranked,,,,,,
exclude_pass_6,45,Toyota Highlander,-0.478487,0.382609,27,26,11,ranked,,,,,,
exclude_pass_6,46,Mercedes GLC,-0.665134,0.339587,11,11,6,ranked,,,,,,
exclude_pass_6,47,Toyota Sequoia,-0.717774,0.327883,13,13,6,ranked,,,,,,
exclude_pass_6,48,Toyota Grand Highlander,-0.736059,0.323867,13,13,6,ranked,,,,,,
exclude_pass_6,49,Mercedes GLE AMG,-0.752102,0.320364,5,5,4,ranked,,,,,,
exclude_pass_6,50,Ford Explorer,-0.755988,0.319518,10,10,5,ranked,,,,,,
exclude_pass_6,51,Cadillac XT5,-0.949449,0.278996,5,5,3,ranked,,,,,,
exclude_pass_6,52,Ford Expedition,-0.979666,0.272958,6,6,4,ranked,,,,,,
exclude_pass_6,53,Porsche Cayenne,-1.132815,0.243642,17,16,7,ranked,,,,,,
exclude_pass_6,,Hyundai Santa Fe,-1.166763,0.237441,7,7,2,insufficient_opponents,,,,,,
exclude_pass_6,54,Mazda CX-90,-1.185733,0.234023,11,10,4,ranked,,,,,,
exclude_pass_6,55,Jeep Grand Cherokee L,-1.302297,0.213779,6,6,5,ranked,,,,,,
exclude_pass_6,56,Lexus GX 550,-1.529280,0.178099,23,22,10,ranked,,,,,,
exclude_pass_6,57,Mazda CX-5,-1.626890,0.164257,12,12,9,ranked,,,,,,
exclude_pass_6,58,Chevrolet Tahoe,-1.712249,0.152872,9,9,7,ranked,,,,,,
exclude_pass_6,59,Subaru Crosstrek,-1.799140,0.141956,12,11,4,ranked,,,,,,
exclude_pass_6,60,Subaru Forester,-2.001951,0.118998,14,13,6,ranked,,,,,,
exclude_pass_6,61,Mazda CX-50,-2.083560,0.110705,12,12,5,ranked,,,,,,
exclude_pass_6,62,Chevrolet Suburban,-2.095096,0.109574,6,6,4,ranked,,,,,,
exclude_pass_6,63,Rivian R1S,-2.172184,0.102276,22,22,11,ranked,,,,,,
exclude_pass_6,64,Tesla Model X,-2.254613,0.094952,22,21,8,ranked,,,,,,
exclude_pass_6,,Kia Sorento,-2.524275,0.074174,8,8,2,insufficient_opponents,,,,,,
exclude_pass_6,65,Toyota Land Cruiser,-2.573185,0.070884,12,12,4,ranked,,,,,,
exclude_pass_6,66,BMW X3,-2.657067,0.065555,17,17,10,ranked,,,,,,
exclude_pass_6,67,BMW X1,-2.842455,0.055073,6,6,4,ranked,,,,,,
exclude_pass_6,68,Toyota RAV4,-2.918626,0.051240,30,29,13,ranked,,,,,,
exclude_pass_6,69,Toyota 4Runner,-3.299790,0.035578,28,28,8,ranked,,,,,,
exclude_pass_6,70,Tesla Model Y,-3.551256,0.027888,16,16,7,ranked,,,,,,
exclude_pass_7,1,Infiniti QX80,2.628457,0.932671,5,5,4,ranked,,,,,,
exclude_pass_7,2,Range Rover,2.553993,0.927841,10,10,6,ranked,,,,,,
exclude_pass_7,3,Mercedes EQS SUV,2.229228,0.902844,9,8,3,ranked,,,,,,
exclude_pass_7,4,Mercedes GLS,2.096542,0.890567,21,21,9,ranked,,,,,,
exclude_pass_7,5,Buick Enclave,2.066319,0.887586,6,6,4,ranked,,,,,,
exclude_pass_7,6,Lincoln Nautilus,2.019492,0.882828,16,16,9,ranked,,,,,,
exclude_pass_7,7,Cadillac Escalade IQ,1.915991,0.871691,7,6,4,ranked,,,,,,
exclude_pass_7,8,Volkswagen Atlas,1.805798,0.858853,16,16,6,ranked,,,,,,
exclude_pass_7,9,Cadillac XT6,1.678189,0.842665,7,7,6,ranked,,,,,,
exclude_pass_7,10,Subaru Outback 2026,1.670906,0.841697,14,13,8,ranked,,,,,,
exclude_pass_7,11,Audi Q7,1.636017,0.836992,10,10,5,ranked,,,,,,
exclude_pass_7,12,Hyundai Palisade,1.625648,0.835573,52,52,17,ranked,,,,,,
exclude_pass_7,,Mazda CX-9,1.435404,0.807742,4,4,3,insufficient_respondents,,,,,,
exclude_pass_7,13,Genesis GV70,1.391133,0.800773,12,12,7,ranked,,,,,,
exclude_pass_7,14,Lincoln Aviator,1.328078,0.790523,15,13,7,ranked,,,,,,
exclude_pass_7,15,Jeep Grand Wagoneer,1.325238,0.790052,7,7,5,ranked,,,,,,
exclude_pass_7,16,Lexus LX,1.314358,0.788242,11,11,7,ranked,,,,,,
exclude_pass_7,17,GMC Yukon,1.182625,0.765420,13,13,8,ranked,,,,,,
exclude_pass_7,18,Cadillac Escalade,1.144902,0.758579,25,24,10,ranked,,,,,,
exclude_pass_7,19,Acura MDX,1.114862,0.753034,11,11,7,ranked,,,,,,
exclude_pass_7,20,Audi Q8,1.101375,0.750518,5,5,4,ranked,,,,,,
exclude_pass_7,21,Lincoln Navigator,1.089044,0.748202,17,16,6,ranked,,,,,,
exclude_pass_7,,Nissan Murano,1.084806,0.747402,3,3,3,insufficient_respondents,,,,,,
exclude_pass_7,22,Range Rover Sport,1.021121,0.735191,10,10,7,ranked,,,,,,
exclude_pass_7,23,Nissan Pathfinder,0.951493,0.721415,21,21,6,ranked,,,,,,
exclude_pass_7,24,BMW iX,0.916845,0.714399,17,16,5,ranked,,,,,,
exclude_pass_7,25,Subaru Ascent,0.820783,0.694402,21,21,10,ranked,,,,,,
exclude_pass_7,26,Volvo XC60,0.800249,0.690028,21,21,13,ranked,,,,,,
exclude_pass_7,27,Lincoln Corsair,0.768386,0.683172,8,8,5,ranked,,,,,,
exclude_pass_7,28,Lexus RX,0.751498,0.679505,29,29,16,ranked,,,,,,
exclude_pass_7,29,BMW X7,0.721638,0.672968,31,30,8,ranked,,,,,,
exclude_pass_7,,Jeep Grand Cherokee,0.670806,0.661684,3,3,3,insufficient_respondents,,,,,,
exclude_pass_7,30,Mercedes GLE,0.473580,0.616231,28,28,9,ranked,,,,,,
exclude_pass_7,31,Kia Telluride,0.465011,0.614202,46,46,14,ranked,,,,,,
exclude_pass_7,32,Volvo XC90,0.456814,0.612258,23,23,13,ranked,,,,,,
exclude_pass_7,33,Lexus GX,0.415938,0.602511,32,32,13,ranked,,,,,,
exclude_pass_7,34,Honda Pilot,0.413378,0.601898,56,54,12,ranked,,,,,,
exclude_pass_7,35,Audi Q5,0.359575,0.588938,16,16,9,ranked,,,,,,
exclude_pass_7,36,Lexus TX,0.301489,0.574807,10,10,6,ranked,,,,,,
exclude_pass_7,37,Toyota Venza,0.298340,0.574037,16,15,4,ranked,,,,,,
exclude_pass_7,38,Land Rover Defender,0.216943,0.554024,16,16,6,ranked,,,,,,
exclude_pass_7,39,Porsche Macan,0.202746,0.550514,10,10,4,ranked,,,,,,
exclude_pass_7,40,Genesis GV80,0.178434,0.544491,16,16,7,ranked,,,,,,
exclude_pass_7,41,Volkswagen Tiguan,0.074568,0.518633,14,14,4,ranked,,,,,,
exclude_pass_7,42,Lexus NX,0.014941,0.503735,15,15,7,ranked,,,,,,
exclude_pass_7,43,Subaru Outback,-0.012488,0.496878,37,37,8,ranked,,,,,,
exclude_pass_7,44,Toyota Highlander,-0.174827,0.456404,31,30,11,ranked,,,,,,
exclude_pass_7,45,Honda CR-V,-0.199600,0.450265,35,33,11,ranked,,,,,,
exclude_pass_7,46,BMW X5,-0.212080,0.447178,75,71,26,ranked,,,,,,
exclude_pass_7,,Mercedes GLE AMG,-0.221267,0.444908,4,4,3,insufficient_respondents,,,,,,
exclude_pass_7,47,Honda Passport,-0.587371,0.357238,13,13,4,ranked,,,,,,
exclude_pass_7,48,Toyota Sequoia,-0.619491,0.349897,10,10,6,ranked,,,,,,
exclude_pass_7,49,Ford Expedition,-0.669596,0.338587,6,6,4,ranked,,,,,,
exclude_pass_7,50,Mercedes GLC,-0.712258,0.329100,12,12,7,ranked,,,,,,
exclude_pass_7,51,Mazda CX-90,-0.714042,0.328706,12,12,3,ranked,,,,,,
exclude_pass_7,52,Toyota Grand Highlander,-0.828527,0.303957,13,13,6,ranked,,,,,,
exclude_pass_7,,Ford Explorer,-0.849841,0.299466,6,6,2,insufficient_opponents,,,,,,
exclude_pass_7,53,Jeep Grand Cherokee L,-0.889498,0.291213,5,5,5,ranked,,,,,,
exclude_pass_7,54,Cadillac XT5,-0.927853,0.283360,5,5,4,ranked,,,,,,
exclude_pass_7,55,Subaru Crosstrek,-0.931039,0.282714,12,11,5,ranked,,,,,,
exclude_pass_7,,Hyundai Santa Fe,-1.052143,0.258814,7,7,2,insufficient_opponents,,,,,,
exclude_pass_7,56,Chevrolet Suburban,-1.350732,0.205751,6,6,4,ranked,,,,,,
exclude_pass_7,57,Lexus GX 550,-1.391166,0.199222,22,21,9,ranked,,,,,,
exclude_pass_7,58,Porsche Cayenne,-1.655979,0.160303,12,12,5,ranked,,,,,,
exclude_pass_7,59,Mazda CX-5,-1.671931,0.158167,9,9,7,ranked,,,,,,
exclude_pass_7,60,Mazda CX-50,-2.231045,0.096997,12,12,5,ranked,,,,,,
exclude_pass_7,61,Chevrolet Tahoe,-2.241836,0.096056,6,6,6,ranked,,,,,,
exclude_pass_7,62,Tesla Model X,-2.261323,0.094377,22,21,8,ranked,,,,,,
exclude_pass_7,63,Toyota Land Cruiser,-2.452947,0.079223,12,12,4,ranked,,,,,,
exclude_pass_7,,Kia Sorento,-2.461844,0.078577,9,9,2,insufficient_opponents,,,,,,
exclude_pass_7,64,BMW X3,-2.463289,0.078472,17,17,10,ranked,,,,,,
exclude_pass_7,65,Subaru Forester,-2.846848,0.054844,11,11,5,ranked,,,,,,
exclude_pass_7,66,Toyota RAV4,-2.875125,0.053397,30,29,12,ranked,,,,,,
exclude_pass_7,67,Rivian R1S,-2.921303,0.051110,19,19,10,ranked,,,,,,
exclude_pass_7,68,Toyota 4Runner,-3.172971,0.040196,26,26,7,ranked,,,,,,
exclude_pass_7,69,Tesla Model Y,-3.179305,0.039952,14,14,7,ranked,,,,,,
exclude_pass_7,70,BMW X1,-3.953416,0.018828,7,7,5,ranked,,,,,,
exclude_pass_8,1,Infiniti QX80,2.791902,0.942237,6,6,5,ranked,,,,,,
exclude_pass_8,2,Mazda CX-9,2.309692,0.909677,6,6,5,ranked,,,,,,
exclude_pass_8,3,Range Rover,2.180159,0.898454,13,13,7,ranked,,,,,,
exclude_pass_8,,Mercedes EQS SUV,2.104578,0.891347,6,6,2,insufficient_opponents,,,,,,
exclude_pass_8,4,Mercedes GLS,2.074826,0.888432,20,20,8,ranked,,,,,,
exclude_pass_8,5,GMC Yukon,1.909496,0.870963,22,22,10,ranked,,,,,,
exclude_pass_8,6,Buick Enclave,1.845399,0.863586,7,7,4,ranked,,,,,,
exclude_pass_8,7,Subaru Outback 2026,1.814034,0.859849,13,12,8,ranked,,,,,,
exclude_pass_8,8,Volkswagen Atlas,1.811775,0.859576,16,16,6,ranked,,,,,,
exclude_pass_8,9,Cadillac XT6,1.762672,0.853544,9,9,6,ranked,,,,,,
exclude_pass_8,10,Lincoln Nautilus,1.741642,0.850896,14,14,9,ranked,,,,,,
exclude_pass_8,11,Audi Q7,1.708955,0.846701,10,10,5,ranked,,,,,,
exclude_pass_8,12,Jeep Grand Wagoneer,1.653908,0.839419,7,7,5,ranked,,,,,,
exclude_pass_8,13,Hyundai Palisade,1.629349,0.836080,59,59,16,ranked,,,,,,
exclude_pass_8,14,Lincoln Corsair,1.567003,0.827356,7,6,6,ranked,,,,,,
exclude_pass_8,15,Cadillac Escalade,1.453126,0.810479,26,25,10,ranked,,,,,,
exclude_pass_8,16,Lincoln Aviator,1.343890,0.793129,15,13,7,ranked,,,,,,
exclude_pass_8,,Nissan Murano,1.323077,0.789693,5,5,2,insufficient_opponents,,,,,,
exclude_pass_8,17,Lincoln Navigator,1.315396,0.788415,17,16,6,ranked,,,,,,
exclude_pass_8,,Cadillac Escalade IQ,1.211269,0.770523,2,2,2,insufficient_respondents,,,,,,
exclude_pass_8,18,Lexus LX,1.179826,0.764917,9,9,6,ranked,,,,,,
exclude_pass_8,19,Acura MDX,1.165245,0.762285,11,11,7,ranked,,,,,,
exclude_pass_8,20,Audi Q8,1.068654,0.744341,5,5,4,ranked,,,,,,
exclude_pass_8,21,Genesis GV70,1.022274,0.735415,13,13,7,ranked,,,,,,
exclude_pass_8,22,BMW iX,1.010689,0.733155,15,15,4,ranked,,,,,,
exclude_pass_8,23,Audi Q5,0.987537,0.728601,15,15,9,ranked,,,,,,
exclude_pass_8,24,Range Rover Sport,0.962120,0.723546,12,12,7,ranked,,,,,,
exclude_pass_8,25,Nissan Pathfinder,0.909160,0.712828,25,25,7,ranked,,,,,,
exclude_pass_8,26,Subaru Ascent,0.893200,0.709550,21,21,10,ranked,,,,,,
exclude_pass_8,27,Volvo XC60,0.822352,0.694735,22,22,14,ranked,,,,,,
exclude_pass_8,28,BMW X7,0.734475,0.675786,32,31,9,ranked,,,,,,
exclude_pass_8,29,Lexus RX,0.722872,0.673239,30,30,17,ranked,,,,,,
exclude_pass_8,30,Mercedes GLE,0.707783,0.669911,31,31,10,ranked,,,,,,
exclude_pass_8,31,Kia Telluride,0.484663,0.618848,52,52,16,ranked,,,,,,
exclude_pass_8,32,Volvo XC90,0.480173,0.617789,24,24,14,ranked,,,,,,
exclude_pass_8,33,Honda Pilot,0.402135,0.599201,63,61,13,ranked,,,,,,
exclude_pass_8,34,Lexus GX,0.315524,0.578233,33,33,14,ranked,,,,,,
exclude_pass_8,35,Lexus TX,0.279876,0.569516,10,10,6,ranked,,,,,,
exclude_pass_8,36,Lexus NX,0.252831,0.562873,16,16,8,ranked,,,,,,
exclude_pass_8,37,Genesis GV80,0.219776,0.554724,16,16,7,ranked,,,,,,
exclude_pass_8,38,Toyota Venza,0.205220,0.551126,10,10,4,ranked,,,,,,
exclude_pass_8,39,Subaru Outback,0.176860,0.544100,39,39,8,ranked,,,,,,
exclude_pass_8,40,Honda CR-V,-0.143617,0.464157,34,32,12,ranked,,,,,,
exclude_pass_8,41,BMW X5,-0.153255,0.461761,74,69,21,ranked,,,,,,
exclude_pass_8,42,Volkswagen Tiguan,-0.190939,0.452410,11,11,4,ranked,,,,,,
exclude_pass_8,43,Toyota Highlander,-0.221841,0.444766,34,33,12,ranked,,,,,,
exclude_pass_8,,Jeep Grand Cherokee,-0.244714,0.439125,2,2,3,insufficient_respondents,,,,,,
exclude_pass_8,44,Honda Passport,-0.307018,0.423843,14,14,4,ranked,,,,,,
exclude_pass_8,45,Land Rover Defender,-0.450865,0.389155,14,14,5,ranked,,,,,,
exclude_pass_8,46,Ford Explorer,-0.551242,0.365576,10,10,5,ranked,,,,,,
exclude_pass_8,47,Mercedes GLC,-0.553107,0.365144,11,11,7,ranked,,,,,,
exclude_pass_8,48,Toyota Grand Highlander,-0.646152,0.343857,14,14,6,ranked,,,,,,
exclude_pass_8,49,Porsche Macan,-0.753243,0.320115,8,8,4,ranked,,,,,,
exclude_pass_8,50,Toyota Sequoia,-0.778687,0.314603,13,13,7,ranked,,,,,,
exclude_pass_8,51,Ford Expedition,-0.839964,0.301542,6,6,4,ranked,,,,,,
exclude_pass_8,52,Mazda CX-90,-0.855186,0.298346,16,15,4,ranked,,,,,,
exclude_pass_8,,Hyundai Santa Fe,-1.046120,0.259971,7,7,2,insufficient_opponents,,,,,,
exclude_pass_8,53,Porsche Cayenne,-1.257029,0.221486,15,14,6,ranked,,,,,,
exclude_pass_8,54,Mazda CX-5,-1.349537,0.205946,10,10,9,ranked,,,,,,
exclude_pass_8,55,Lexus GX 550,-1.499375,0.182519,21,20,10,ranked,,,,,,
exclude_pass_8,56,Subaru Forester,-1.535090,0.177250,12,11,6,ranked,,,,,,
exclude_pass_8,57,Cadillac XT5,-1.605037,0.167279,6,6,3,ranked,,,,,,
exclude_pass_8,58,Chevrolet Tahoe,-1.655905,0.160313,9,9,7,ranked,,,,,,
exclude_pass_8,59,Rivian R1S,-1.785488,0.143627,20,20,8,ranked,,,,,,
exclude_pass_8,60,Subaru Crosstrek,-1.792054,0.142821,14,14,5,ranked,,,,,,
exclude_pass_8,61,Tesla Model X,-1.858936,0.134827,24,24,6,ranked,,,,,,
exclude_pass_8,62,Chevrolet Suburban,-1.930578,0.126687,7,7,5,ranked,,,,,,
exclude_pass_8,63,Mazda CX-50,-2.086135,0.110452,12,12,5,ranked,,,,,,
exclude_pass_8,,Mercedes GLE AMG,-2.221769,0.097813,3,3,2,insufficient_respondents,,,,,,
exclude_pass_8,64,Toyota Land Cruiser,-2.311726,0.090156,8,8,3,ranked,,,,,,
exclude_pass_8,,Kia Sorento,-2.452606,0.079248,9,9,2,insufficient_opponents,,,,,,
exclude_pass_8,65,BMW X3,-2.507981,0.075301,14,14,8,ranked,,,,,,
exclude_pass_8,66,Jeep Grand Cherokee L,-2.520878,0.074407,5,5,4,ranked,,,,,,
exclude_pass_8,67,Toyota RAV4,-2.711015,0.062327,25,25,14,ranked,,,,,,
exclude_pass_8,68,BMW X1,-2.941972,0.050117,6,6,4,ranked,,,,,,
exclude_pass_8,69,Toyota 4Runner,-3.369172,0.033273,26,26,8,ranked,,,,,,
exclude_pass_8,70,Tesla Model Y,-3.427165,0.031457,15,15,7,ranked,,,,,,
exclude_pass_9,1,Infiniti QX80,2.778454,0.941500,6,6,5,ranked,,,,,,
exclude_pass_9,2,Mercedes GLS,2.260263,0.905532,20,20,8,ranked,,,,,,
exclude_pass_9,3,Mazda CX-9,2.258809,0.905408,6,6,5,ranked,,,,,,
exclude_pass_9,4,Mercedes EQS SUV,2.252278,0.904847,9,8,3,ranked,,,,,,
exclude_pass_9,5,Cadillac Escalade IQ,2.194812,0.899783,7,6,4,ranked,,,,,,
exclude_pass_9,6,Range Rover,2.113448,0.892203,15,15,7,ranked,,,,,,
exclude_pass_9,7,Lincoln Nautilus,1.985100,0.879224,16,16,9,ranked,,,,,,
exclude_pass_9,8,GMC Yukon,1.938752,0.874215,24,24,11,ranked,,,,,,
exclude_pass_9,9,Buick Enclave,1.831992,0.861999,8,8,5,ranked,,,,,,
exclude_pass_9,10,Cadillac XT6,1.777120,0.855341,9,9,6,ranked,,,,,,
exclude_pass_9,11,Volkswagen Atlas,1.723202,0.848541,16,16,6,ranked,,,,,,
exclude_pass_9,12,Subaru Outback 2026,1.721694,0.848347,14,13,8,ranked,,,,,,
exclude_pass_9,13,Jeep Grand Wagoneer,1.635549,0.836928,7,7,5,ranked,,,,,,
exclude_pass_9,14,Audi Q7,1.555274,0.825674,9,9,5,ranked,,,,,,
exclude_pass_9,15,Hyundai Palisade,1.479627,0.814516,57,57,17,ranked,,,,,,
exclude_pass_9,16,Cadillac Escalade,1.327314,0.790396,28,27,11,ranked,,,,,,
exclude_pass_9,17,Lincoln Navigator,1.286691,0.783587,17,16,6,ranked,,,,,,
exclude_pass_9,18,Lincoln Aviator,1.278250,0.782152,15,13,7,ranked,,,,,,
exclude_pass_9,19,Nissan Murano,1.272205,0.781120,6,6,3,ranked,,,,,,
exclude_pass_9,20,Lexus LX,1.254446,0.778069,11,11,7,ranked,,,,,,
exclude_pass_9,21,Range Rover Sport,1.123751,0.754684,12,12,7,ranked,,,,,,
exclude_pass_9,22,Genesis GV70,1.091035,0.748577,13,13,7,ranked,,,,,,
exclude_pass_9,23,Acura MDX,1.089772,0.748339,11,11,7,ranked,,,,,,
exclude_pass_9,24,Lincoln Corsair,1.056955,0.742108,9,8,6,ranked,,,,,,
exclude_pass_9,25,Audi Q8,0.981774,0.727460,5,5,4,ranked,,,,,,
exclude_pass_9,26,BMW iX,0.934397,0.717966,17,16,5,ranked,,,,,,
exclude_pass_9,27,Nissan Pathfinder,0.828154,0.695964,25,25,7,ranked,,,,,,
exclude_pass_9,28,Subaru Ascent,0.762600,0.681918,21,21,10,ranked,,,,,,
exclude_pass_9,29,BMW X7,0.760348,0.681429,32,31,9,ranked,,,,,,
exclude_pass_9,30,Volvo XC60,0.722141,0.673078,22,22,14,ranked,,,,,,
exclude_pass_9,31,Lexus RX,0.699699,0.668121,30,30,17,ranked,,,,,,
exclude_pass_9,32,Mercedes GLE,0.567794,0.638254,33,33,10,ranked,,,,,,
exclude_pass_9,,Jeep Grand Cherokee,0.537283,0.631180,4,4,4,insufficient_respondents,,,,,,
exclude_pass_9,33,Audi Q5,0.533583,0.630318,17,17,9,ranked,,,,,,
exclude_pass_9,34,Volvo XC90,0.456697,0.612230,24,24,14,ranked,,,,,,
exclude_pass_9,35,Kia Telluride,0.347750,0.586072,53,53,16,ranked,,,,,,
exclude_pass_9,36,Honda Pilot,0.325635,0.580697,63,61,13,ranked,,,,,,
exclude_pass_9,37,Lexus GX,0.309411,0.576742,34,34,14,ranked,,,,,,
exclude_pass_9,38,Toyota Venza,0.263794,0.565569,16,15,4,ranked,,,,,,
exclude_pass_9,39,Lexus TX,0.238497,0.559343,10,10,6,ranked,,,,,,
exclude_pass_9,40,Volkswagen Tiguan,0.164062,0.540924,15,15,4,ranked,,,,,,
exclude_pass_9,41,Porsche Macan,0.163960,0.540899,10,10,4,ranked,,,,,,
exclude_pass_9,42,Lexus NX,0.078719,0.519670,16,16,8,ranked,,,,,,
exclude_pass_9,43,Subaru Outback,0.032123,0.508030,42,42,8,ranked,,,,,,
exclude_pass_9,44,Genesis GV80,0.020827,0.505206,15,15,7,ranked,,,,,,
exclude_pass_9,45,Land Rover Defender,-0.080336,0.479927,22,21,6,ranked,,,,,,
exclude_pass_9,46,Honda CR-V,-0.180965,0.454882,36,34,12,ranked,,,,,,
exclude_pass_9,47,BMW X5,-0.214283,0.446633,82,78,26,ranked,,,,,,
exclude_pass_9,48,Toyota Highlander,-0.285199,0.429180,34,33,12,ranked,,,,,,
exclude_pass_9,49,Honda Passport,-0.369157,0.408745,14,14,4,ranked,,,,,,
exclude_pass_9,50,Ford Explorer,-0.654788,0.341911,10,10,5,ranked,,,,,,
exclude_pass_9,51,Mercedes GLC,-0.696692,0.332546,12,12,7,ranked,,,,,,
exclude_pass_9,,Hyundai Santa Fe,-0.700170,0.331775,4,4,2,insufficient_respondents,,,,,,
exclude_pass_9,52,Toyota Grand Highlander,-0.722645,0.326811,14,14,6,ranked,,,,,,
exclude_pass_9,53,Toyota Sequoia,-0.838487,0.301854,15,15,7,ranked,,,,,,
exclude_pass_9,54,Mazda CX-90,-0.973434,0.274197,16,15,4,ranked,,,,,,
exclude_pass_9,55,Mercedes GLE AMG,-0.997924,0.269350,5,5,4,ranked,,,,,,
exclude_pass_9,,Ford Expedition,-1.065924,0.256179,2,2,2,insufficient_respondents,,,,,,
exclude_pass_9,56,Cadillac XT5,-1.174049,0.236124,7,7,4,ranked,,,,,,
exclude_pass_9,57,Jeep Grand Cherokee L,-1.201596,0.231191,6,6,5,ranked,,,,,,
exclude_pass_9,58,Porsche Cayenne,-1.382940,0.200537,19,18,7,ranked,,,,,,
exclude_pass_9,59,Lexus GX 550,-1.513254,0.180457,23,22,10,ranked,,,,,,
exclude_pass_9,60,Mazda CX-5,-1.542981,0.176102,12,12,9,ranked,,,,,,
exclude_pass_9,61,Chevrolet Tahoe,-1.568146,0.172481,9,9,7,ranked,,,,,,
exclude_pass_9,62,Subaru Crosstrek,-1.602795,0.167591,18,17,5,ranked,,,,,,
exclude_pass_9,63,Subaru Forester,-1.911989,0.128758,15,14,6,ranked,,,,,,
exclude_pass_9,64,Mazda CX-50,-2.164599,0.102975,12,12,5,ranked,,,,,,
exclude_pass_9,65,Tesla Model X,-2.218717,0.098082,28,27,8,ranked,,,,,,
exclude_pass_9,66,Rivian R1S,-2.239917,0.096223,27,27,12,ranked,,,,,,
exclude_pass_9,,Kia Sorento,-2.334895,0.088274,9,9,2,insufficient_opponents,,,,,,
exclude_pass_9,67,Toyota Land Cruiser,-2.559943,0.071761,12,12,4,ranked,,,,,,
exclude_pass_9,,Chevrolet Suburban,-2.703168,0.062787,4,4,4,insufficient_respondents,,,,,,
exclude_pass_9,68,BMW X3,-2.719326,0.061843,18,18,10,ranked,,,,,,
exclude_pass_9,69,Toyota RAV4,-2.927018,0.050834,32,31,14,ranked,,,,,,
exclude_pass_9,70,Toyota 4Runner,-3.287297,0.036010,28,28,8,ranked,,,,,,
exclude_pass_9,71,BMW X1,-3.400316,0.032286,8,8,5,ranked,,,,,,
exclude_pass_9,72,Tesla Model Y,-3.783095,0.022246,19,19,8,ranked,,,,,,
exclude_round_01_vbulletin,1,Range Rover,2.410481,0.917623,16,16,8,ranked,,,,,,
exclude_round_01_vbulletin,2,Mercedes GLS,2.325035,0.910929,19,19,9,ranked,,,,,,
exclude_round_01_vbulletin,3,Mercedes EQS SUV,2.308181,0.909552,9,8,3,ranked,,,,,,
exclude_round_01_vbulletin,4,Mazda CX-9,2.264784,0.905918,6,6,5,ranked,,,,,,
exclude_round_01_vbulletin,5,Cadillac Escalade IQ,2.164559,0.897021,7,6,4,ranked,,,,,,
exclude_round_01_vbulletin,,Infiniti QX80,2.038286,0.884759,4,4,4,insufficient_respondents,,,,,,
exclude_round_01_vbulletin,6,GMC Yukon,1.938098,0.874143,24,24,11,ranked,,,,,,
exclude_round_01_vbulletin,7,Lincoln Nautilus,1.930237,0.873276,16,16,9,ranked,,,,,,
exclude_round_01_vbulletin,8,Buick Enclave,1.860507,0.865356,8,8,5,ranked,,,,,,
exclude_round_01_vbulletin,9,Cadillac XT6,1.804467,0.858692,9,9,6,ranked,,,,,,
exclude_round_01_vbulletin,10,Volkswagen Atlas,1.737618,0.850384,16,16,6,ranked,,,,,,
exclude_round_01_vbulletin,11,Subaru Outback 2026,1.726507,0.848965,14,13,8,ranked,,,,,,
exclude_round_01_vbulletin,12,Audi Q7,1.649874,0.838874,9,9,5,ranked,,,,,,
exclude_round_01_vbulletin,13,Jeep Grand Wagoneer,1.606987,0.832993,7,7,5,ranked,,,,,,
exclude_round_01_vbulletin,14,Lexus LX,1.595493,0.831388,9,9,6,ranked,,,,,,
exclude_round_01_vbulletin,15,Hyundai Palisade,1.508780,0.818880,60,60,17,ranked,,,,,,
exclude_round_01_vbulletin,16,Lincoln Aviator,1.339508,0.792409,15,13,7,ranked,,,,,,
exclude_round_01_vbulletin,17,Nissan Murano,1.284656,0.783241,6,6,3,ranked,,,,,,
exclude_round_01_vbulletin,18,Cadillac Escalade,1.269272,0.780618,28,27,11,ranked,,,,,,
exclude_round_01_vbulletin,19,Lincoln Navigator,1.244266,0.776306,17,16,6,ranked,,,,,,
exclude_round_01_vbulletin,20,Range Rover Sport,1.231621,0.774102,12,12,7,ranked,,,,,,
exclude_round_01_vbulletin,21,Acura MDX,1.189798,0.766705,11,11,7,ranked,,,,,,
exclude_round_01_vbulletin,22,Audi Q8,1.125077,0.754929,5,5,4,ranked,,,,,,
exclude_round_01_vbulletin,23,Genesis GV70,1.008686,0.732763,13,13,7,ranked,,,,,,
exclude_round_01_vbulletin,24,BMW iX,0.998002,0.730666,17,16,5,ranked,,,,,,
exclude_round_01_vbulletin,25,Lincoln Corsair,0.958379,0.722797,9,8,6,ranked,,,,,,
exclude_round_01_vbulletin,26,Nissan Pathfinder,0.841949,0.698875,25,25,7,ranked,,,,,,
exclude_round_01_vbulletin,27,Subaru Ascent,0.780466,0.685781,21,21,10,ranked,,,,,,
exclude_round_01_vbulletin,28,Mercedes GLE,0.734289,0.675746,31,31,9,ranked,,,,,,
exclude_round_01_vbulletin,29,BMW X7,0.721410,0.672917,30,29,9,ranked,,,,,,
exclude_round_01_vbulletin,30,Lexus RX,0.651263,0.657295,29,29,17,ranked,,,,,,
exclude_round_01_vbulletin,31,Volvo XC60,0.620114,0.650244,22,22,14,ranked,,,,,,
exclude_round_01_vbulletin,,Jeep Grand Cherokee,0.582520,0.641647,4,4,4,insufficient_respondents,,,,,,
exclude_round_01_vbulletin,32,Volvo XC90,0.531193,0.629761,24,24,14,ranked,,,,,,
exclude_round_01_vbulletin,33,Audi Q5,0.440776,0.608444,17,17,9,ranked,,,,,,
exclude_round_01_vbulletin,34,Kia Telluride,0.357182,0.588358,53,53,16,ranked,,,,,,
exclude_round_01_vbulletin,35,Honda Pilot,0.339409,0.584047,63,61,13,ranked,,,,,,
exclude_round_01_vbulletin,36,Lexus GX,0.330367,0.581849,34,34,14,ranked,,,,,,
exclude_round_01_vbulletin,37,Toyota Venza,0.265426,0.565970,16,15,4,ranked,,,,,,
exclude_round_01_vbulletin,38,Lexus TX,0.264020,0.565624,10,10,6,ranked,,,,,,
exclude_round_01_vbulletin,39,Genesis GV80,0.247666,0.561602,16,16,7,ranked,,,,,,
exclude_round_01_vbulletin,40,Volkswagen Tiguan,0.159284,0.539737,15,15,4,ranked,,,,,,
exclude_round_01_vbulletin,41,Porsche Macan,0.078186,0.519537,10,10,4,ranked,,,,,,
exclude_round_01_vbulletin,42,Subaru Outback,0.035398,0.508849,42,42,8,ranked,,,,,,
exclude_round_01_vbulletin,43,Land Rover Defender,0.022393,0.505598,22,21,6,ranked,,,,,,
exclude_round_01_vbulletin,44,Lexus NX,-0.053225,0.486697,16,16,8,ranked,,,,,,
exclude_round_01_vbulletin,45,BMW X5,-0.123588,0.469142,82,77,26,ranked,,,,,,
exclude_round_01_vbulletin,46,Honda CR-V,-0.179607,0.455219,36,34,12,ranked,,,,,,
exclude_round_01_vbulletin,47,Toyota Highlander,-0.280734,0.430274,34,33,12,ranked,,,,,,
exclude_round_01_vbulletin,48,Honda Passport,-0.357723,0.411511,14,14,4,ranked,,,,,,
exclude_round_01_vbulletin,49,Ford Explorer,-0.646811,0.343709,10,10,5,ranked,,,,,,
exclude_round_01_vbulletin,50,Toyota Grand Highlander,-0.707891,0.330065,14,14,6,ranked,,,,,,
exclude_round_01_vbulletin,51,Toyota Sequoia,-0.862459,0.296826,15,15,7,ranked,,,,,,
exclude_round_01_vbulletin,52,Mercedes GLE AMG,-0.921336,0.284686,5,5,4,ranked,,,,,,
exclude_round_01_vbulletin,53,Mazda CX-90,-0.962773,0.276323,16,15,4,ranked,,,,,,
exclude_round_01_vbulletin,54,Ford Expedition,-0.971680,0.274546,6,6,4,ranked,,,,,,
exclude_round_01_vbulletin,,Hyundai Santa Fe,-1.122581,0.245533,7,7,2,insufficient_opponents,,,,,,
exclude_round_01_vbulletin,55,Mercedes GLC,-1.173102,0.236295,10,10,6,ranked,,,,,,
exclude_round_01_vbulletin,56,Jeep Grand Cherokee L,-1.189363,0.233373,6,6,5,ranked,,,,,,
exclude_round_01_vbulletin,57,Cadillac XT5,-1.221199,0.227726,7,7,4,ranked,,,,,,
exclude_round_01_vbulletin,58,Porsche Cayenne,-1.290837,0.215711,19,18,7,ranked,,,,,,
exclude_round_01_vbulletin,59,Lexus GX 550,-1.495687,0.183070,23,22,10,ranked,,,,,,
exclude_round_01_vbulletin,60,Mazda CX-5,-1.557783,0.173965,12,12,9,ranked,,,,,,
exclude_round_01_vbulletin,61,Subaru Crosstrek,-1.606126,0.167127,18,17,5,ranked,,,,,,
exclude_round_01_vbulletin,62,Chevrolet Tahoe,-1.792904,0.142717,10,10,8,ranked,,,,,,
exclude_round_01_vbulletin,63,Subaru Forester,-1.908033,0.129202,15,14,6,ranked,,,,,,
exclude_round_01_vbulletin,64,Chevrolet Suburban,-2.099867,0.109110,7,7,5,ranked,,,,,,
exclude_round_01_vbulletin,65,Mazda CX-50,-2.172132,0.102281,12,12,5,ranked,,,,,,
exclude_round_01_vbulletin,66,Rivian R1S,-2.180094,0.101552,27,27,12,ranked,,,,,,
exclude_round_01_vbulletin,67,Tesla Model X,-2.197746,0.099953,28,27,8,ranked,,,,,,
exclude_round_01_vbulletin,,Kia Sorento,-2.532003,0.073645,9,9,2,insufficient_opponents,,,,,,
exclude_round_01_vbulletin,68,Toyota Land Cruiser,-2.541488,0.073000,12,12,4,ranked,,,,,,
exclude_round_01_vbulletin,69,BMW X3,-2.888576,0.052721,18,18,10,ranked,,,,,,
exclude_round_01_vbulletin,70,Toyota RAV4,-2.930331,0.050674,32,31,14,ranked,,,,,,
exclude_round_01_vbulletin,71,Toyota 4Runner,-3.271173,0.036573,28,28,8,ranked,,,,,,
exclude_round_01_vbulletin,72,BMW X1,-3.526837,0.028558,8,8,5,ranked,,,,,,
exclude_round_01_vbulletin,73,Tesla Model Y,-3.756780,0.022826,19,19,8,ranked,,,,,,
exclude_round_02_owner_forums,1,Infiniti QX80,2.723747,0.938413,6,6,5,ranked,,,,,,
exclude_round_02_owner_forums,2,Range Rover,2.337845,0.911963,16,16,8,ranked,,,,,,
exclude_round_02_owner_forums,3,Mazda CX-9,2.263955,0.905847,6,6,5,ranked,,,,,,
exclude_round_02_owner_forums,4,Mercedes EQS SUV,2.254375,0.905027,9,8,3,ranked,,,,,,
exclude_round_02_owner_forums,5,Cadillac Escalade IQ,2.174044,0.897894,7,6,4,ranked,,,,,,
exclude_round_02_owner_forums,6,Mercedes GLS,2.048549,0.885801,21,21,9,ranked,,,,,,
exclude_round_02_owner_forums,7,Lincoln Nautilus,1.969954,0.877606,16,16,9,ranked,,,,,,
exclude_round_02_owner_forums,8,GMC Yukon,1.921785,0.872337,24,24,11,ranked,,,,,,
exclude_round_02_owner_forums,9,Buick Enclave,1.841492,0.863125,8,8,5,ranked,,,,,,
exclude_round_02_owner_forums,10,Cadillac XT6,1.785985,0.856434,9,9,6,ranked,,,,,,
exclude_round_02_owner_forums,11,Volkswagen Atlas,1.731722,0.849633,16,16,6,ranked,,,,,,
exclude_round_02_owner_forums,12,Subaru Outback 2026,1.728663,0.849241,14,13,8,ranked,,,,,,
exclude_round_02_owner_forums,13,Audi Q7,1.617093,0.834394,10,10,5,ranked,,,,,,
exclude_round_02_owner_forums,14,Jeep Grand Wagoneer,1.597209,0.831628,7,7,5,ranked,,,,,,
exclude_round_02_owner_forums,15,Hyundai Palisade,1.504807,0.818290,60,60,17,ranked,,,,,,
exclude_round_02_owner_forums,16,Lincoln Aviator,1.340687,0.792603,15,13,7,ranked,,,,,,
exclude_round_02_owner_forums,17,Cadillac Escalade,1.287047,0.783647,28,27,11,ranked,,,,,,
exclude_round_02_owner_forums,18,Nissan Murano,1.284951,0.783291,6,6,3,ranked,,,,,,
exclude_round_02_owner_forums,19,Lincoln Navigator,1.246447,0.776684,17,16,6,ranked,,,,,,
exclude_round_02_owner_forums,20,Lexus LX,1.183795,0.765630,11,11,7,ranked,,,,,,
exclude_round_02_owner_forums,21,Acura MDX,1.172556,0.763607,11,11,7,ranked,,,,,,
exclude_round_02_owner_forums,22,Range Rover Sport,1.128871,0.755631,12,12,7,ranked,,,,,,
exclude_round_02_owner_forums,23,Audi Q8,1.109287,0.751996,5,5,4,ranked,,,,,,
exclude_round_02_owner_forums,24,Lincoln Corsair,1.054847,0.741704,9,8,6,ranked,,,,,,
exclude_round_02_owner_forums,25,Genesis GV70,0.992823,0.729645,12,12,7,ranked,,,,,,
exclude_round_02_owner_forums,26,BMW iX,0.930108,0.717097,17,16,5,ranked,,,,,,
exclude_round_02_owner_forums,27,Nissan Pathfinder,0.838690,0.698189,25,25,7,ranked,,,,,,
exclude_round_02_owner_forums,28,Subaru Ascent,0.778643,0.685388,21,21,10,ranked,,,,,,
exclude_round_02_owner_forums,29,Volvo XC60,0.739961,0.676987,22,22,14,ranked,,,,,,
exclude_round_02_owner_forums,30,BMW X7,0.693294,0.666699,32,31,9,ranked,,,,,,
exclude_round_02_owner_forums,31,Lexus RX,0.687190,0.665342,30,30,17,ranked,,,,,,
exclude_round_02_owner_forums,32,Audi Q5,0.554808,0.635250,17,17,9,ranked,,,,,,
exclude_round_02_owner_forums,33,Mercedes GLE,0.527113,0.628810,33,33,10,ranked,,,,,,
exclude_round_02_owner_forums,,Jeep Grand Cherokee,0.505256,0.623694,4,4,4,insufficient_respondents,,,,,,
exclude_round_02_owner_forums,34,Genesis GV80,0.482272,0.618284,13,13,7,ranked,,,,,,
exclude_round_02_owner_forums,35,Volvo XC90,0.439858,0.608225,22,22,14,ranked,,,,,,
exclude_round_02_owner_forums,36,Kia Telluride,0.347659,0.586050,53,53,16,ranked,,,,,,
exclude_round_02_owner_forums,37,Honda Pilot,0.333823,0.582689,63,61,13,ranked,,,,,,
exclude_round_02_owner_forums,38,Porsche Macan,0.325942,0.580772,9,9,4,ranked,,,,,,
exclude_round_02_owner_forums,39,Lexus GX,0.278780,0.569247,34,34,14,ranked,,,,,,
exclude_round_02_owner_forums,40,Toyota Venza,0.268569,0.566741,16,15,4,ranked,,,,,,
exclude_round_02_owner_forums,41,Lexus TX,0.222542,0.555407,10,10,6,ranked,,,,,,
exclude_round_02_owner_forums,42,Volkswagen Tiguan,0.167345,0.541739,15,15,4,ranked,,,,,,
exclude_round_02_owner_forums,43,Lexus NX,0.074954,0.518730,16,16,8,ranked,,,,,,
exclude_round_02_owner_forums,44,Subaru Outback,0.039240,0.509809,42,42,8,ranked,,,,,,
exclude_round_02_owner_forums,45,Land Rover Defender,-0.047587,0.488106,22,21,6,ranked,,,,,,
exclude_round_02_owner_forums,46,Honda CR-V,-0.176137,0.456079,36,34,12,ranked,,,,,,
exclude_round_02_owner_forums,47,BMW X5,-0.278074,0.430926,81,76,26,ranked,,,,,,
exclude_round_02_owner_forums,48,Toyota Highlander,-0.279198,0.430650,34,33,12,ranked,,,,,,
exclude_round_02_owner_forums,49,Honda Passport,-0.364744,0.409812,14,14,4,ranked,,,,,,
exclude_round_02_owner_forums,50,Ford Explorer,-0.653346,0.342236,10,10,5,ranked,,,,,,
exclude_round_02_owner_forums,51,Mercedes GLC,-0.685265,0.335087,12,12,7,ranked,,,,,,
exclude_round_02_owner_forums,52,Toyota Grand Highlander,-0.718058,0.327821,14,14,6,ranked,,,,,,
exclude_round_02_owner_forums,53,Mazda CX-90,-0.967020,0.275475,16,15,4,ranked,,,,,,
exclude_round_02_owner_forums,54,Mercedes GLE AMG,-1.031304,0.262831,5,5,4,ranked,,,,,,
exclude_round_02_owner_forums,55,Ford Expedition,-1.040960,0.260965,6,6,4,ranked,,,,,,
exclude_round_02_owner_forums,56,Toyota Sequoia,-1.106235,0.248573,15,15,7,ranked,,,,,,
exclude_round_02_owner_forums,,Hyundai Santa Fe,-1.126378,0.244830,7,7,2,insufficient_opponents,,,,,,
exclude_round_02_owner_forums,57,Cadillac XT5,-1.174933,0.235964,7,7,4,ranked,,,,,,
exclude_round_02_owner_forums,58,Jeep Grand Cherokee L,-1.216674,0.228522,6,6,5,ranked,,,,,,
exclude_round_02_owner_forums,59,Porsche Cayenne,-1.412561,0.195830,19,18,7,ranked,,,,,,
exclude_round_02_owner_forums,60,Mazda CX-5,-1.538552,0.176746,12,12,9,ranked,,,,,,
exclude_round_02_owner_forums,61,Lexus GX 550,-1.584535,0.170154,23,22,10,ranked,,,,,,
exclude_round_02_owner_forums,62,Subaru Crosstrek,-1.597105,0.168387,18,17,5,ranked,,,,,,
exclude_round_02_owner_forums,63,Subaru Forester,-1.906845,0.129336,15,14,6,ranked,,,,,,
exclude_round_02_owner_forums,64,Rivian R1S,-1.930286,0.126719,24,24,11,ranked,,,,,,
exclude_round_02_owner_forums,65,Tesla Model X,-2.040131,0.115053,28,27,8,ranked,,,,,,
exclude_round_02_owner_forums,66,Chevrolet Suburban,-2.078478,0.111206,7,7,5,ranked,,,,,,
exclude_round_02_owner_forums,67,Mazda CX-50,-2.159944,0.103406,12,12,5,ranked,,,,,,
exclude_round_02_owner_forums,68,Chevrolet Tahoe,-2.251757,0.095198,9,9,7,ranked,,,,,,
exclude_round_02_owner_forums,,Kia Sorento,-2.536990,0.073305,9,9,2,insufficient_opponents,,,,,,
exclude_round_02_owner_forums,69,Toyota Land Cruiser,-2.609818,0.068509,12,12,4,ranked,,,,,,
exclude_round_02_owner_forums,70,BMW X3,-2.713650,0.062173,18,18,10,ranked,,,,,,
exclude_round_02_owner_forums,71,Toyota RAV4,-2.923485,0.051005,32,31,14,ranked,,,,,,
exclude_round_02_owner_forums,72,Toyota 4Runner,-3.332615,0.034469,28,28,8,ranked,,,,,,
exclude_round_02_owner_forums,73,BMW X1,-3.396632,0.032401,8,8,5,ranked,,,,,,
exclude_round_02_owner_forums,74,Tesla Model Y,-3.659287,0.025104,19,19,8,ranked,,,,,,
exclude_round_03_neutral_forums,1,Infiniti QX80,2.750419,0.939937,6,6,5,ranked,,,,,,
exclude_round_03_neutral_forums,2,Range Rover,2.344908,0.912529,16,16,8,ranked,,,,,,
exclude_round_03_neutral_forums,3,Mazda CX-9,2.267944,0.906187,6,6,5,ranked,,,,,,
exclude_round_03_neutral_forums,4,Mercedes EQS SUV,2.241196,0.903888,9,8,3,ranked,,,,,,
exclude_round_03_neutral_forums,5,Cadillac Escalade IQ,2.184807,0.898877,7,6,4,ranked,,,,,,
exclude_round_03_neutral_forums,6,Mercedes GLS,2.063124,0.887267,21,21,9,ranked,,,,,,
exclude_round_03_neutral_forums,7,Lincoln Nautilus,1.998265,0.880615,16,16,9,ranked,,,,,,
exclude_round_03_neutral_forums,8,GMC Yukon,1.940633,0.874422,24,24,11,ranked,,,,,,
exclude_round_03_neutral_forums,9,Buick Enclave,1.841996,0.863185,8,8,5,ranked,,,,,,
exclude_round_03_neutral_forums,10,Cadillac XT6,1.782010,0.855945,9,9,6,ranked,,,,,,
exclude_round_03_neutral_forums,11,Volkswagen Atlas,1.712751,0.847193,15,15,5,ranked,,,,,,
exclude_round_03_neutral_forums,12,Subaru Outback 2026,1.683091,0.843313,14,13,8,ranked,,,,,,
exclude_round_03_neutral_forums,13,Audi Q7,1.635714,0.836951,10,10,5,ranked,,,,,,
exclude_round_03_neutral_forums,14,Jeep Grand Wagoneer,1.623443,0.835269,7,7,5,ranked,,,,,,
exclude_round_03_neutral_forums,15,Hyundai Palisade,1.502837,0.817997,60,60,17,ranked,,,,,,
exclude_round_03_neutral_forums,16,Cadillac Escalade,1.307000,0.787011,28,27,11,ranked,,,,,,
exclude_round_03_neutral_forums,17,Lincoln Aviator,1.288758,0.783937,15,13,7,ranked,,,,,,
exclude_round_03_neutral_forums,18,Nissan Murano,1.277401,0.782007,6,6,3,ranked,,,,,,
exclude_round_03_neutral_forums,19,Lincoln Navigator,1.270459,0.780821,17,16,6,ranked,,,,,,
exclude_round_03_neutral_forums,20,Lexus LX,1.214499,0.771094,11,11,7,ranked,,,,,,
exclude_round_03_neutral_forums,21,Range Rover Sport,1.142847,0.758202,12,12,7,ranked,,,,,,
exclude_round_03_neutral_forums,22,Acura MDX,1.109652,0.752064,11,11,7,ranked,,,,,,
exclude_round_03_neutral_forums,23,Genesis GV70,1.103939,0.750997,13,13,7,ranked,,,,,,
exclude_round_03_neutral_forums,24,Lincoln Corsair,1.074505,0.745453,9,8,6,ranked,,,,,,
exclude_round_03_neutral_forums,25,Audi Q8,1.046575,0.740117,5,5,4,ranked,,,,,,
exclude_round_03_neutral_forums,26,BMW iX,0.919361,0.714912,17,16,5,ranked,,,,,,
exclude_round_03_neutral_forums,27,Nissan Pathfinder,0.837723,0.697986,25,25,7,ranked,,,,,,
exclude_round_03_neutral_forums,28,Subaru Ascent,0.752217,0.679662,21,21,10,ranked,,,,,,
exclude_round_03_neutral_forums,29,Volvo XC60,0.746453,0.678405,22,22,14,ranked,,,,,,
exclude_round_03_neutral_forums,30,BMW X7,0.706434,0.669613,32,31,9,ranked,,,,,,
exclude_round_03_neutral_forums,31,Lexus RX,0.700787,0.668362,30,30,17,ranked,,,,,,
exclude_round_03_neutral_forums,32,Mercedes GLE,0.551564,0.634498,33,33,10,ranked,,,,,,
exclude_round_03_neutral_forums,33,Audi Q5,0.545258,0.633035,17,17,9,ranked,,,,,,
exclude_round_03_neutral_forums,,Jeep Grand Cherokee,0.525795,0.628502,4,4,4,insufficient_respondents,,,,,,
exclude_round_03_neutral_forums,34,Volvo XC90,0.463001,0.613726,24,24,14,ranked,,,,,,
exclude_round_03_neutral_forums,35,Kia Telluride,0.350453,0.586727,53,53,16,ranked,,,,,,
exclude_round_03_neutral_forums,36,Honda Pilot,0.334257,0.582795,63,61,13,ranked,,,,,,
exclude_round_03_neutral_forums,37,Lexus GX,0.298828,0.574156,34,34,14,ranked,,,,,,
exclude_round_03_neutral_forums,38,Toyota Venza,0.262675,0.565294,16,15,4,ranked,,,,,,
exclude_round_03_neutral_forums,39,Lexus TX,0.230778,0.557440,10,10,6,ranked,,,,,,
exclude_round_03_neutral_forums,40,Volkswagen Tiguan,0.215541,0.553678,15,15,4,ranked,,,,,,
exclude_round_03_neutral_forums,41,Porsche Macan,0.176365,0.543977,10,10,4,ranked,,,,,,
exclude_round_03_neutral_forums,42,Genesis GV80,0.150485,0.537550,16,16,7,ranked,,,,,,
exclude_round_03_neutral_forums,43,Lexus NX,0.106403,0.526576,16,16,8,ranked,,,,,,
exclude_round_03_neutral_forums,44,Subaru Outback,-0.035607,0.491099,42,42,8,ranked,,,,,,
exclude_round_03_neutral_forums,45,Land Rover Defender,-0.042600,0.489352,22,21,6,ranked,,,,,,
exclude_round_03_neutral_forums,46,Honda CR-V,-0.190265,0.452577,36,34,12,ranked,,,,,,
exclude_round_03_neutral_forums,47,BMW X5,-0.244768,0.439112,84,79,26,ranked,,,,,,
exclude_round_03_neutral_forums,48,Toyota Highlander,-0.278113,0.430917,34,33,12,ranked,,,,,,
exclude_round_03_neutral_forums,49,Honda Passport,-0.362235,0.410419,14,14,4,ranked,,,,,,
exclude_round_03_neutral_forums,50,Ford Explorer,-0.649554,0.343090,10,10,5,ranked,,,,,,
exclude_round_03_neutral_forums,51,Mercedes GLC,-0.690865,0.333841,12,12,7,ranked,,,,,,
exclude_round_03_neutral_forums,52,Toyota Grand Highlander,-0.716581,0.328146,14,14,6,ranked,,,,,,
exclude_round_03_neutral_forums,53,Mazda CX-90,-0.937126,0.281481,16,15,4,ranked,,,,,,
exclude_round_03_neutral_forums,54,Toyota Sequoia,-0.939377,0.281026,15,15,7,ranked,,,,,,
exclude_round_03_neutral_forums,55,Ford Expedition,-0.978329,0.273224,6,6,4,ranked,,,,,,
exclude_round_03_neutral_forums,56,Mercedes GLE AMG,-1.012810,0.266430,5,5,4,ranked,,,,,,
exclude_round_03_neutral_forums,,Hyundai Santa Fe,-1.126484,0.244811,7,7,2,insufficient_opponents,,,,,,
exclude_round_03_neutral_forums,57,Jeep Grand Cherokee L,-1.143863,0.241612,5,5,4,ranked,,,,,,
exclude_round_03_neutral_forums,58,Cadillac XT5,-1.175542,0.235855,7,7,4,ranked,,,,,,
exclude_round_03_neutral_forums,59,Mazda CX-5,-1.241058,0.224252,11,11,8,ranked,,,,,,
exclude_round_03_neutral_forums,60,Porsche Cayenne,-1.390967,0.199253,19,18,7,ranked,,,,,,
exclude_round_03_neutral_forums,61,Lexus GX 550,-1.529469,0.178071,23,22,10,ranked,,,,,,
exclude_round_03_neutral_forums,62,Chevrolet Tahoe,-1.827711,0.138511,10,10,8,ranked,,,,,,
exclude_round_03_neutral_forums,63,Subaru Crosstrek,-1.865235,0.134094,17,16,4,ranked,,,,,,
exclude_round_03_neutral_forums,64,Subaru Forester,-2.043123,0.114749,15,14,6,ranked,,,,,,
exclude_round_03_neutral_forums,65,Mazda CX-50,-2.089241,0.110147,12,12,5,ranked,,,,,,
exclude_round_03_neutral_forums,66,Chevrolet Suburban,-2.109736,0.108154,7,7,5,ranked,,,,,,
exclude_round_03_neutral_forums,67,Tesla Model X,-2.200013,0.099749,28,27,8,ranked,,,,,,
exclude_round_03_neutral_forums,68,Rivian R1S,-2.201759,0.099593,27,27,12,ranked,,,,,,
exclude_round_03_neutral_forums,,Kia Sorento,-2.536145,0.073363,9,9,2,insufficient_opponents,,,,,,
exclude_round_03_neutral_forums,69,Toyota Land Cruiser,-2.571673,0.070984,12,12,4,ranked,,,,,,
exclude_round_03_neutral_forums,70,BMW X3,-2.738704,0.060728,18,18,10,ranked,,,,,,
exclude_round_03_neutral_forums,71,Toyota RAV4,-2.901838,0.052063,32,31,14,ranked,,,,,,
exclude_round_03_neutral_forums,72,Toyota 4Runner,-3.297540,0.035656,28,28,8,ranked,,,,,,
exclude_round_03_neutral_forums,73,BMW X1,-3.441947,0.031010,8,8,5,ranked,,,,,,
exclude_round_03_neutral_forums,74,Tesla Model Y,-3.772877,0.022469,19,19,8,ranked,,,,,,
exclude_round_04_reddit_brand,1,Infiniti QX80,2.750445,0.939939,6,6,5,ranked,,,,,,
exclude_round_04_reddit_brand,2,Range Rover,2.392733,0.916271,16,16,8,ranked,,,,,,
exclude_round_04_reddit_brand,3,Mazda CX-9,2.278130,0.907049,6,6,5,ranked,,,,,,
exclude_round_04_reddit_brand,4,Mercedes EQS SUV,2.249752,0.904629,9,8,3,ranked,,,,,,
exclude_round_04_reddit_brand,5,Cadillac Escalade IQ,2.202695,0.900491,7,6,4,ranked,,,,,,
exclude_round_04_reddit_brand,6,Mercedes GLS,2.153037,0.895952,21,21,9,ranked,,,,,,
exclude_round_04_reddit_brand,7,Lincoln Nautilus,1.963006,0.876858,16,16,9,ranked,,,,,,
exclude_round_04_reddit_brand,8,GMC Yukon,1.953601,0.875839,24,24,11,ranked,,,,,,
exclude_round_04_reddit_brand,9,Buick Enclave,1.827084,0.861414,8,8,5,ranked,,,,,,
exclude_round_04_reddit_brand,10,Cadillac XT6,1.778158,0.855469,9,9,6,ranked,,,,,,
exclude_round_04_reddit_brand,11,Subaru Outback 2026,1.732202,0.849694,14,13,8,ranked,,,,,,
exclude_round_04_reddit_brand,12,Volkswagen Atlas,1.724820,0.848749,16,16,6,ranked,,,,,,
exclude_round_04_reddit_brand,13,Audi Q7,1.643969,0.838074,10,10,5,ranked,,,,,,
exclude_round_04_reddit_brand,14,Jeep Grand Wagoneer,1.639710,0.837495,7,7,5,ranked,,,,,,
exclude_round_04_reddit_brand,15,Hyundai Palisade,1.499980,0.817571,60,60,17,ranked,,,,,,
exclude_round_04_reddit_brand,16,Cadillac Escalade,1.334288,0.791549,28,27,11,ranked,,,,,,
exclude_round_04_reddit_brand,17,Lincoln Navigator,1.291738,0.784441,17,16,6,ranked,,,,,,
exclude_round_04_reddit_brand,18,Nissan Murano,1.287311,0.783692,6,6,3,ranked,,,,,,
exclude_round_04_reddit_brand,19,Lincoln Aviator,1.251566,0.777571,15,13,7,ranked,,,,,,
exclude_round_04_reddit_brand,20,Lexus LX,1.196959,0.767983,11,11,7,ranked,,,,,,
exclude_round_04_reddit_brand,21,Range Rover Sport,1.151470,0.759779,12,12,7,ranked,,,,,,
exclude_round_04_reddit_brand,22,Acura MDX,1.084883,0.747417,11,11,7,ranked,,,,,,
exclude_round_04_reddit_brand,23,Genesis GV70,1.067731,0.744165,13,13,7,ranked,,,,,,
exclude_round_04_reddit_brand,24,Lincoln Corsair,1.038390,0.738539,9,8,6,ranked,,,,,,
exclude_round_04_reddit_brand,25,Audi Q8,1.030477,0.737008,5,5,4,ranked,,,,,,
exclude_round_04_reddit_brand,26,BMW iX,0.929527,0.716979,17,16,5,ranked,,,,,,
exclude_round_04_reddit_brand,27,Nissan Pathfinder,0.848957,0.700348,25,25,7,ranked,,,,,,
exclude_round_04_reddit_brand,28,BMW X7,0.832402,0.696863,30,29,9,ranked,,,,,,
exclude_round_04_reddit_brand,29,Subaru Ascent,0.779683,0.685612,21,21,10,ranked,,,,,,
exclude_round_04_reddit_brand,30,Volvo XC60,0.702147,0.668664,22,22,14,ranked,,,,,,
exclude_round_04_reddit_brand,31,Lexus RX,0.634713,0.653557,29,29,17,ranked,,,,,,
exclude_round_04_reddit_brand,32,Mercedes GLE,0.561136,0.636715,33,33,10,ranked,,,,,,
exclude_round_04_reddit_brand,,Jeep Grand Cherokee,0.525662,0.628471,4,4,4,insufficient_respondents,,,,,,
exclude_round_04_reddit_brand,33,Audi Q5,0.512688,0.625436,17,17,9,ranked,,,,,,
exclude_round_04_reddit_brand,34,Volvo XC90,0.470534,0.615510,24,24,14,ranked,,,,,,
exclude_round_04_reddit_brand,35,Honda Pilot,0.344958,0.585394,63,61,13,ranked,,,,,,
exclude_round_04_reddit_brand,36,Kia Telluride,0.312664,0.577535,52,52,15,ranked,,,,,,
exclude_round_04_reddit_brand,37,Toyota Venza,0.286735,0.571197,16,15,4,ranked,,,,,,
exclude_round_04_reddit_brand,38,Lexus GX,0.265191,0.565912,34,34,14,ranked,,,,,,
exclude_round_04_reddit_brand,39,Volkswagen Tiguan,0.170730,0.542579,15,15,4,ranked,,,,,,
exclude_round_04_reddit_brand,40,Porsche Macan,0.144704,0.536113,10,10,4,ranked,,,,,,
exclude_round_04_reddit_brand,41,Lexus TX,0.068278,0.517063,9,9,6,ranked,,,,,,
exclude_round_04_reddit_brand,42,Lexus NX,0.058658,0.514660,16,16,8,ranked,,,,,,
exclude_round_04_reddit_brand,43,Subaru Outback,0.043071,0.510766,42,42,8,ranked,,,,,,
exclude_round_04_reddit_brand,44,Genesis GV80,0.008109,0.502027,15,15,7,ranked,,,,,,
exclude_round_04_reddit_brand,45,Land Rover Defender,-0.040774,0.489808,22,21,6,ranked,,,,,,
exclude_round_04_reddit_brand,46,Honda CR-V,-0.170437,0.457494,36,34,12,ranked,,,,,,
exclude_round_04_reddit_brand,47,BMW X5,-0.229373,0.442907,80,75,25,ranked,,,,,,
exclude_round_04_reddit_brand,48,Toyota Highlander,-0.233313,0.441935,32,31,11,ranked,,,,,,
exclude_round_04_reddit_brand,49,Honda Passport,-0.350880,0.413169,14,14,4,ranked,,,,,,
exclude_round_04_reddit_brand,50,Toyota Grand Highlander,-0.593796,0.355764,13,13,6,ranked,,,,,,
exclude_round_04_reddit_brand,51,Ford Explorer,-0.656668,0.341488,10,10,5,ranked,,,,,,
exclude_round_04_reddit_brand,52,Mercedes GLC,-0.707433,0.330166,12,12,7,ranked,,,,,,
exclude_round_04_reddit_brand,53,Toyota Sequoia,-0.964168,0.276044,15,15,7,ranked,,,,,,
exclude_round_04_reddit_brand,54,Ford Expedition,-0.976404,0.273606,6,6,4,ranked,,,,,,
exclude_round_04_reddit_brand,55,Mazda CX-90,-0.979372,0.273016,16,15,4,ranked,,,,,,
exclude_round_04_reddit_brand,56,Mercedes GLE AMG,-0.998350,0.269266,5,5,4,ranked,,,,,,
exclude_round_04_reddit_brand,57,Cadillac XT5,-1.190586,0.233154,7,7,4,ranked,,,,,,
exclude_round_04_reddit_brand,58,Jeep Grand Cherokee L,-1.220223,0.227897,6,6,5,ranked,,,,,,
exclude_round_04_reddit_brand,,Hyundai Santa Fe,-1.357456,0.204654,4,4,1,insufficient_respondents,,,,,,
exclude_round_04_reddit_brand,59,Porsche Cayenne,-1.375986,0.201654,19,18,7,ranked,,,,,,
exclude_round_04_reddit_brand,60,Mazda CX-5,-1.540277,0.176495,12,12,9,ranked,,,,,,
exclude_round_04_reddit_brand,61,Lexus GX 550,-1.588275,0.169627,22,21,10,ranked,,,,,,
exclude_round_04_reddit_brand,62,Subaru Crosstrek,-1.594199,0.168794,18,17,5,ranked,,,,,,
exclude_round_04_reddit_brand,63,Chevrolet Tahoe,-1.845103,0.136449,10,10,8,ranked,,,,,,
exclude_round_04_reddit_brand,64,Subaru Forester,-1.902577,0.129817,15,14,6,ranked,,,,,,
exclude_round_04_reddit_brand,65,Chevrolet Suburban,-2.106758,0.108442,7,7,5,ranked,,,,,,
exclude_round_04_reddit_brand,66,Mazda CX-50,-2.158695,0.103521,12,12,5,ranked,,,,,,
exclude_round_04_reddit_brand,67,Tesla Model X,-2.196647,0.100052,28,27,8,ranked,,,,,,
exclude_round_04_reddit_brand,68,Rivian R1S,-2.200774,0.099681,27,27,12,ranked,,,,,,
exclude_round_04_reddit_brand,,Kia Sorento,-2.379314,0.084764,6,6,1,insufficient_opponents,,,,,,
exclude_round_04_reddit_brand,69,Toyota Land Cruiser,-2.413200,0.082172,11,11,4,ranked,,,,,,
exclude_round_04_reddit_brand,70,BMW X3,-2.728904,0.061289,18,18,10,ranked,,,,,,
exclude_round_04_reddit_brand,71,Toyota RAV4,-2.918083,0.051267,32,31,14,ranked,,,,,,
exclude_round_04_reddit_brand,72,Toyota 4Runner,-3.231576,0.037995,27,27,7,ranked,,,,,,
exclude_round_04_reddit_brand,73,BMW X1,-3.407258,0.032069,8,8,5,ranked,,,,,,
exclude_round_04_reddit_brand,74,Tesla Model Y,-3.767820,0.022581,19,19,8,ranked,,,,,,
exclude_round_04_x,1,Infiniti QX80,2.783042,0.941753,6,6,5,ranked,,,,,,
exclude_round_04_x,2,Range Rover,2.332120,0.911503,16,16,8,ranked,,,,,,
exclude_round_04_x,3,Mazda CX-9,2.274636,0.906754,6,6,5,ranked,,,,,,
exclude_round_04_x,4,Mercedes EQS SUV,2.257615,0.905305,9,8,3,ranked,,,,,,
exclude_round_04_x,5,Cadillac Escalade IQ,2.231364,0.903031,7,6,4,ranked,,,,,,
exclude_round_04_x,6,Mercedes GLS,2.050218,0.885970,21,21,9,ranked,,,,,,
exclude_round_04_x,7,GMC Yukon,1.984198,0.879128,24,24,11,ranked,,,,,,
exclude_round_04_x,8,Lincoln Nautilus,1.961167,0.876659,16,16,9,ranked,,,,,,
exclude_round_04_x,9,Buick Enclave,1.846842,0.863756,8,8,5,ranked,,,,,,
exclude_round_04_x,10,Cadillac XT6,1.786268,0.856469,9,9,6,ranked,,,,,,
exclude_round_04_x,11,Volkswagen Atlas,1.739040,0.850565,16,16,6,ranked,,,,,,
exclude_round_04_x,12,Subaru Outback 2026,1.735199,0.850076,13,12,7,ranked,,,,,,
exclude_round_04_x,13,Jeep Grand Wagoneer,1.676716,0.842469,7,7,5,ranked,,,,,,
exclude_round_04_x,14,Audi Q7,1.521416,0.820747,9,9,5,ranked,,,,,,
exclude_round_04_x,15,Hyundai Palisade,1.514380,0.819709,60,60,17,ranked,,,,,,
exclude_round_04_x,16,Cadillac Escalade,1.351372,0.794354,28,27,11,ranked,,,,,,
exclude_round_04_x,17,Lincoln Navigator,1.320827,0.789319,17,16,6,ranked,,,,,,
exclude_round_04_x,18,Nissan Murano,1.296466,0.785240,6,6,3,ranked,,,,,,
exclude_round_04_x,19,Lincoln Aviator,1.269175,0.780602,15,13,7,ranked,,,,,,
exclude_round_04_x,20,Lexus LX,1.239489,0.775475,11,11,7,ranked,,,,,,
exclude_round_04_x,21,Range Rover Sport,1.110091,0.752146,12,12,7,ranked,,,,,,
exclude_round_04_x,22,Acura MDX,1.087647,0.747938,11,11,7,ranked,,,,,,
exclude_round_04_x,23,Genesis GV70,1.066318,0.743896,13,13,7,ranked,,,,,,
exclude_round_04_x,24,Lincoln Corsair,1.039385,0.738731,9,8,6,ranked,,,,,,
exclude_round_04_x,25,Audi Q8,1.022488,0.735457,5,5,4,ranked,,,,,,
exclude_round_04_x,26,BMW iX,0.937304,0.718555,17,16,5,ranked,,,,,,
exclude_round_04_x,27,Nissan Pathfinder,0.850229,0.700615,25,25,7,ranked,,,,,,
exclude_round_04_x,28,Subaru Ascent,0.789528,0.687730,21,21,10,ranked,,,,,,
exclude_round_04_x,29,Volvo XC60,0.705159,0.669331,22,22,14,ranked,,,,,,
exclude_round_04_x,30,BMW X7,0.689843,0.665932,31,30,8,ranked,,,,,,
exclude_round_04_x,31,Lexus RX,0.623870,0.651098,29,29,16,ranked,,,,,,
exclude_round_04_x,32,Mercedes GLE,0.521154,0.627417,33,33,10,ranked,,,,,,
exclude_round_04_x,33,Audi Q5,0.510405,0.624901,17,17,9,ranked,,,,,,
exclude_round_04_x,,Jeep Grand Cherokee,0.494374,0.621136,4,4,4,insufficient_respondents,,,,,,
exclude_round_04_x,34,Volvo XC90,0.436971,0.607537,24,24,14,ranked,,,,,,
exclude_round_04_x,35,Kia Telluride,0.354807,0.587783,52,52,15,ranked,,,,,,
exclude_round_04_x,36,Honda Pilot,0.342544,0.584808,62,60,12,ranked,,,,,,
exclude_round_04_x,37,Toyota Venza,0.287811,0.571460,16,15,4,ranked,,,,,,
exclude_round_04_x,38,Lexus GX,0.239726,0.559646,34,34,14,ranked,,,,,,
exclude_round_04_x,39,Lexus TX,0.224843,0.555975,10,10,6,ranked,,,,,,
exclude_round_04_x,40,Volkswagen Tiguan,0.177563,0.544275,15,15,4,ranked,,,,,,
exclude_round_04_x,41,Porsche Macan,0.144037,0.535947,10,10,4,ranked,,,,,,
exclude_round_04_x,42,Genesis GV80,0.128896,0.532179,16,16,7,ranked,,,,,,
exclude_round_04_x,43,Lexus NX,0.061087,0.515267,16,16,8,ranked,,,,,,
exclude_round_04_x,44,Subaru Outback,0.049374,0.512341,42,42,8,ranked,,,,,,
exclude_round_04_x,45,Land Rover Defender,-0.092299,0.476942,22,21,6,ranked,,,,,,
exclude_round_04_x,46,Honda CR-V,-0.165530,0.458712,36,34,12,ranked,,,,,,
exclude_round_04_x,47,Toyota Highlander,-0.250522,0.437695,33,32,12,ranked,,,,,,
exclude_round_04_x,48,BMW X5,-0.271890,0.432443,81,76,26,ranked,,,,,,
exclude_round_04_x,49,Honda Passport,-0.364572,0.409853,14,14,4,ranked,,,,,,
exclude_round_04_x,50,Ford Explorer,-0.643595,0.344434,10,10,5,ranked,,,,,,
exclude_round_04_x,51,Toyota Grand Highlander,-0.664157,0.339806,13,13,5,ranked,,,,,,
exclude_round_04_x,52,Mercedes GLC,-0.692390,0.333502,12,12,7,ranked,,,,,,
exclude_round_04_x,53,Toyota Sequoia,-0.760547,0.318527,15,15,7,ranked,,,,,,
exclude_round_04_x,54,Ford Expedition,-0.817833,0.306224,6,6,4,ranked,,,,,,
exclude_round_04_x,55,Mazda CX-90,-0.959610,0.276956,16,15,4,ranked,,,,,,
exclude_round_04_x,56,Mercedes GLE AMG,-1.036031,0.261916,5,5,4,ranked,,,,,,
exclude_round_04_x,,Hyundai Santa Fe,-1.120965,0.245832,7,7,2,insufficient_opponents,,,,,,
exclude_round_04_x,57,Cadillac XT5,-1.190495,0.233170,7,7,4,ranked,,,,,,
exclude_round_04_x,58,Jeep Grand Cherokee L,-1.260855,0.220827,6,6,5,ranked,,,,,,
exclude_round_04_x,59,Chevrolet Tahoe,-1.378272,0.201287,9,9,7,ranked,,,,,,
exclude_round_04_x,60,Porsche Cayenne,-1.420502,0.194583,19,18,7,ranked,,,,,,
exclude_round_04_x,61,Mazda CX-5,-1.532047,0.177694,12,12,9,ranked,,,,,,
exclude_round_04_x,62,Subaru Crosstrek,-1.589061,0.169516,18,17,5,ranked,,,,,,
exclude_round_04_x,63,Lexus GX 550,-1.768051,0.145785,22,21,9,ranked,,,,,,
exclude_round_04_x,64,Subaru Forester,-1.899106,0.130210,15,14,6,ranked,,,,,,
exclude_round_04_x,65,Tesla Model X,-1.947648,0.124810,26,25,8,ranked,,,,,,
exclude_round_04_x,66,Chevrolet Suburban,-1.982159,0.121089,7,7,5,ranked,,,,,,
exclude_round_04_x,67,Rivian R1S,-2.036083,0.115466,27,27,12,ranked,,,,,,
exclude_round_04_x,68,Mazda CX-50,-2.153773,0.103979,12,12,5,ranked,,,,,,
exclude_round_04_x,,Kia Sorento,-2.531947,0.073649,9,9,2,insufficient_opponents,,,,,,
exclude_round_04_x,69,BMW X3,-2.726313,0.061438,18,18,10,ranked,,,,,,
exclude_round_04_x,70,Toyota Land Cruiser,-2.732614,0.061076,12,12,4,ranked,,,,,,
exclude_round_04_x,71,Toyota RAV4,-2.890231,0.052639,31,30,13,ranked,,,,,,
exclude_round_04_x,72,BMW X1,-3.405474,0.032125,8,8,5,ranked,,,,,,
exclude_round_04_x,73,Toyota 4Runner,-3.445752,0.030896,28,28,8,ranked,,,,,,
exclude_round_04_x,74,Tesla Model Y,-4.336676,0.012911,15,15,5,ranked,,,,,,
thread_cluster_bootstrap,1,Infiniti QX80,2.749451,0.939882,6,6,5,ranked,1.172389,3.798512,0.763576,0.978087,1,21
thread_cluster_bootstrap,2,Range Rover,2.343888,0.912447,16,16,8,ranked,1.365766,3.800308,0.796695,0.978125,1,18
thread_cluster_bootstrap,3,Mazda CX-9,2.266255,0.906043,6,6,5,ranked,0.394523,3.149665,0.597371,0.958896,2,36
thread_cluster_bootstrap,4,Mercedes EQS SUV,2.240484,0.903827,9,8,3,ranked,0.893890,3.486833,0.709692,0.970311,1,26
thread_cluster_bootstrap,5,Cadillac Escalade IQ,2.184477,0.898847,7,6,4,ranked,0.041525,3.618680,0.510380,0.973882,1,43
thread_cluster_bootstrap,6,Mercedes GLS,2.062143,0.887169,21,21,9,ranked,1.247963,3.133213,0.776947,0.958242,2,20
thread_cluster_bootstrap,7,Lincoln Nautilus,1.985647,0.879282,16,16,9,ranked,1.150557,3.383859,0.759611,0.967196,1,22
thread_cluster_bootstrap,8,GMC Yukon,1.940042,0.874357,24,24,11,ranked,0.925515,3.385723,0.716164,0.967255,2,25
thread_cluster_bootstrap,9,Buick Enclave,1.844404,0.863469,8,8,5,ranked,0.686651,3.322163,0.665221,0.965181,1,30
thread_cluster_bootstrap,10,Cadillac XT6,1.782904,0.856055,9,9,6,ranked,0.220302,3.200397,0.554854,0.960849,2,39
thread_cluster_bootstrap,11,Volkswagen Atlas,1.735075,0.850060,16,16,6,ranked,0.587858,3.083579,0.642873,0.956210,2,32
thread_cluster_bootstrap,12,Subaru Outback 2026,1.730927,0.849531,14,13,8,ranked,0.823455,2.993515,0.694969,0.952280,2,28
thread_cluster_bootstrap,13,Audi Q7,1.635022,0.836856,10,10,5,ranked,0.415077,2.969968,0.602304,0.951199,2,35
thread_cluster_bootstrap,14,Jeep Grand Wagoneer,1.623100,0.835222,7,7,5,ranked,-0.138704,3.345493,0.465379,0.965957,1,45
thread_cluster_bootstrap,15,Hyundai Palisade,1.507599,0.818705,60,60,17,ranked,0.858621,2.338754,0.702372,0.912036,6,26
thread_cluster_bootstrap,16,Cadillac Escalade,1.306765,0.786971,28,27,11,ranked,0.163732,2.245773,0.540842,0.904285,7,40
thread_cluster_bootstrap,17,Lincoln Aviator,1.288145,0.783833,15,13,7,ranked,0.489717,2.809199,0.620039,0.943170,3,34
thread_cluster_bootstrap,18,Nissan Murano,1.283851,0.783105,6,6,3,ranked,-0.260806,2.534064,0.435166,0.926496,5,47
thread_cluster_bootstrap,19,Lincoln Navigator,1.270183,0.780774,17,16,6,ranked,0.106907,2.225582,0.526701,0.902523,7,41
thread_cluster_bootstrap,20,Lexus LX,1.212610,0.770760,11,11,7,ranked,-0.204565,2.730902,0.449037,0.938826,4,45
thread_cluster_bootstrap,21,Range Rover Sport,1.141676,0.757987,12,12,7,ranked,-0.184304,2.336378,0.454054,0.911845,7,46
thread_cluster_bootstrap,22,Acura MDX,1.109056,0.751953,11,11,7,ranked,-0.122010,2.324551,0.469535,0.910890,6,45
thread_cluster_bootstrap,23,Genesis GV70,1.089353,0.748260,13,13,7,ranked,0.002791,2.516043,0.500698,0.925259,5,43
thread_cluster_bootstrap,24,Lincoln Corsair,1.056276,0.741978,9,8,6,ranked,0.056561,2.488576,0.514136,0.923337,5,41
thread_cluster_bootstrap,25,Audi Q8,1.045682,0.739945,5,5,4,ranked,-0.000000,2.054453,0.500000,0.886397,9,43
thread_cluster_bootstrap,26,BMW iX,0.918451,0.714726,17,16,5,ranked,0.141754,1.600219,0.535379,0.832049,14,41
thread_cluster_bootstrap,27,Nissan Pathfinder,0.841528,0.698787,25,25,7,ranked,-0.229801,2.130505,0.442801,0.893833,8,46
thread_cluster_bootstrap,28,Subaru Ascent,0.781327,0.685966,21,21,10,ranked,0.016103,1.789625,0.504026,0.856881,12,42
thread_cluster_bootstrap,29,Volvo XC60,0.721289,0.672891,22,22,14,ranked,-0.228248,1.815379,0.443184,0.860011,12,46
thread_cluster_bootstrap,30,BMW X7,0.705536,0.669414,32,31,9,ranked,-0.138721,1.423460,0.465375,0.805880,17,45
thread_cluster_bootstrap,31,Lexus RX,0.695362,0.667159,30,30,17,ranked,-0.037736,1.594931,0.490567,0.831308,14,43
thread_cluster_bootstrap,32,Mercedes GLE,0.549632,0.634050,33,33,10,ranked,-0.082363,1.369471,0.479421,0.797295,18,44
thread_cluster_bootstrap,33,Audi Q5,0.530594,0.629622,17,17,9,ranked,-0.514028,1.819075,0.374250,0.860455,11,50
thread_cluster_bootstrap,,Jeep Grand Cherokee,0.522299,0.627685,4,4,4,insufficient_respondents,-0.535854,1.488576,0.369153,0.815864,,
thread_cluster_bootstrap,34,Volvo XC90,0.463856,0.613929,24,24,14,ranked,-0.650999,1.171051,0.342765,0.763335,21,51
thread_cluster_bootstrap,35,Kia Telluride,0.352063,0.587118,53,53,16,ranked,-0.362013,1.126887,0.410472,0.755264,21,48
thread_cluster_bootstrap,36,Honda Pilot,0.337725,0.583638,63,61,13,ranked,-0.241393,1.165636,0.439943,0.762354,21,47
thread_cluster_bootstrap,37,Lexus GX,0.295425,0.573324,34,34,14,ranked,-0.493181,1.183498,0.379145,0.765576,20,50
thread_cluster_bootstrap,38,Toyota Venza,0.271514,0.567465,16,15,4,ranked,-0.810348,1.541210,0.307816,0.823641,15,53
thread_cluster_bootstrap,39,Lexus TX,0.229958,0.557237,10,10,6,ranked,-0.686043,1.097639,0.334914,0.749818,22,52
thread_cluster_bootstrap,40,Volkswagen Tiguan,0.170423,0.542503,15,15,4,ranked,-0.962240,1.962309,0.276430,0.876783,9,55
thread_cluster_bootstrap,41,Porsche Macan,0.162055,0.540425,10,10,4,ranked,-1.577733,1.612983,0.171117,0.833825,15,60
thread_cluster_bootstrap,42,Genesis GV80,0.149425,0.537287,16,16,7,ranked,-0.901195,1.324914,0.288806,0.789998,19,54
thread_cluster_bootstrap,43,Lexus NX,0.077434,0.519349,16,16,8,ranked,-0.942580,1.113811,0.280379,0.752839,22,55
thread_cluster_bootstrap,44,Subaru Outback,0.041794,0.510447,42,42,8,ranked,-0.857473,0.976872,0.297868,0.726487,24,54
thread_cluster_bootstrap,45,Land Rover Defender,-0.044345,0.488916,22,21,6,ranked,-0.937320,0.784194,0.281442,0.686583,27,54
thread_cluster_bootstrap,46,Honda CR-V,-0.173227,0.456801,36,34,12,ranked,-0.992713,0.714750,0.270377,0.671449,29,55
thread_cluster_bootstrap,47,BMW X5,-0.245953,0.438820,84,79,26,ranked,-0.810458,0.277794,0.307793,0.569005,37,53
thread_cluster_bootstrap,48,Toyota Highlander,-0.275188,0.431634,34,33,12,ranked,-1.181948,0.550205,0.234702,0.634183,33,57
thread_cluster_bootstrap,49,Honda Passport,-0.359600,0.411056,14,14,4,ranked,-1.422201,1.001941,0.194317,0.731440,24,59
thread_cluster_bootstrap,50,Ford Explorer,-0.648727,0.343277,10,10,5,ranked,-2.034715,1.015404,0.115606,0.734076,23,63
thread_cluster_bootstrap,51,Mercedes GLC,-0.699806,0.331855,12,12,7,ranked,-1.811785,0.357090,0.140423,0.588336,37,61
thread_cluster_bootstrap,52,Toyota Grand Highlander,-0.713796,0.328761,14,14,6,ranked,-2.349459,0.662859,0.087109,0.659902,31,65
thread_cluster_bootstrap,53,Toyota Sequoia,-0.940664,0.280766,15,15,7,ranked,-2.446104,0.236929,0.079725,0.558956,38,66
thread_cluster_bootstrap,54,Mazda CX-90,-0.963569,0.276164,16,15,4,ranked,-2.760628,0.397710,0.059489,0.598137,36,68
thread_cluster_bootstrap,55,Ford Expedition,-0.978099,0.273269,6,6,4,ranked,-2.119979,0.809117,0.107170,0.691921,27,64
thread_cluster_bootstrap,56,Mercedes GLE AMG,-1.013780,0.266241,5,5,4,ranked,-2.864489,0.530317,0.053937,0.629557,34,69
thread_cluster_bootstrap,,Hyundai Santa Fe,-1.124250,0.245224,7,7,2,insufficient_opponents,-1.792333,-0.224317,0.142787,0.444155,,
thread_cluster_bootstrap,57,Cadillac XT5,-1.173945,0.236143,7,7,4,ranked,-2.032570,-0.337790,0.115825,0.416346,47,64
thread_cluster_bootstrap,58,Jeep Grand Cherokee L,-1.201717,0.231170,6,6,5,ranked,-3.150557,0.572967,0.041069,0.639447,31,70
thread_cluster_bootstrap,59,Porsche Cayenne,-1.392229,0.199052,19,18,7,ranked,-3.102911,-0.686315,0.042987,0.334854,52,70
thread_cluster_bootstrap,60,Lexus GX 550,-1.536503,0.177044,23,22,10,ranked,-2.587146,-0.827227,0.069970,0.304232,53,67
thread_cluster_bootstrap,61,Mazda CX-5,-1.537125,0.176954,12,12,9,ranked,-2.940792,-0.157686,0.050174,0.460660,45,69
thread_cluster_bootstrap,62,Subaru Crosstrek,-1.594892,0.168697,18,17,5,ranked,-2.907002,-0.420974,0.051809,0.396284,49,69
thread_cluster_bootstrap,63,Chevrolet Tahoe,-1.829504,0.138297,10,10,8,ranked,-3.287323,-0.585594,0.036009,0.357647,51,71
thread_cluster_bootstrap,64,Subaru Forester,-1.903700,0.129690,15,14,6,ranked,-3.500739,-0.739324,0.029291,0.323152,52,72
thread_cluster_bootstrap,65,Chevrolet Suburban,-2.108524,0.108271,7,7,5,ranked,-3.568528,-0.575718,0.027424,0.359918,51,72
thread_cluster_bootstrap,66,Mazda CX-50,-2.158719,0.103519,12,12,5,ranked,-3.449130,-0.785449,0.030795,0.313147,52,72
thread_cluster_bootstrap,67,Tesla Model X,-2.201393,0.099625,28,27,8,ranked,-3.267964,-1.382655,0.036687,0.200583,57,71
thread_cluster_bootstrap,68,Rivian R1S,-2.203047,0.099477,27,27,12,ranked,-3.245007,-1.476733,0.037507,0.185921,58,71
thread_cluster_bootstrap,,Kia Sorento,-2.534494,0.073475,9,9,2,insufficient_opponents,-3.241425,-1.534597,0.037636,0.177322,,
thread_cluster_bootstrap,69,Toyota Land Cruiser,-2.576333,0.070677,12,12,4,ranked,-4.094315,-1.350449,0.016394,0.205797,58,74
thread_cluster_bootstrap,70,BMW X3,-2.721348,0.061725,18,18,10,ranked,-3.510443,-1.904586,0.029017,0.129590,62,72
thread_cluster_bootstrap,71,Toyota RAV4,-2.921104,0.051120,32,31,14,ranked,-4.243401,-1.977822,0.014155,0.121551,63,74
thread_cluster_bootstrap,72,Toyota 4Runner,-3.301591,0.035517,28,28,8,ranked,-4.539922,-2.400621,0.010562,0.083125,66,74
thread_cluster_bootstrap,73,BMW X1,-3.401535,0.032248,8,8,5,ranked,-4.402684,-2.094469,0.012096,0.109636,64,74
thread_cluster_bootstrap,74,Tesla Model Y,-3.774000,0.022445,19,19,8,ranked,-5.044954,-2.692147,0.006401,0.063438,68,74
